question_id,cell,gt,condition,template,pred,logit_yes,logit_no,margin,tie,correct,image1_id,image2_id,seq_len,img1_span,img2_span,elapsed_ms,ts
2160,3,no,S,primary,no,25.0,26.0,-1.0,False,True,279499,436582,382,,,205,2026-08-11T13:22:09+09:00
2160,3,no,T0,primary,no,24.75,25.625,-0.875,False,True,279499,436582,730,"[14, 360]","[361, 707]",474,2026-08-11T13:22:09+09:00
2692,3,no,S,primary,no,24.5,30.25,-5.75,False,True,265472,580608,270,,,134,2026-08-11T13:22:10+09:00
2692,3,no,T0,primary,no,25.375,28.5,-3.125,False,True,265472,580608,618,"[14, 249]","[250, 596]",374,2026-08-11T13:22:10+09:00
2740,3,no,S,primary,no,25.0,32.0,-7.0,False,True,50627,346482,427,,,250,2026-08-11T13:22:10+09:00
2740,3,no,T0,primary,no,24.875,29.125,-4.25,False,True,50627,346482,664,"[14, 406]","[407, 642]",428,2026-08-11T13:22:11+09:00
628,3,no,S,primary,no,24.5,27.5,-3.0,False,True,94944,487002,382,,,205,2026-08-11T13:22:11+09:00
628,3,no,T0,primary,no,24.75,27.25,-2.5,False,True,94944,487002,776,"[14, 360]","[361, 753]",519,2026-08-11T13:22:12+09:00
986,3,no,S,primary,no,25.25,30.375,-5.125,False,True,460931,267664,520,,,301,2026-08-11T13:22:12+09:00
986,3,no,T0,primary,no,25.125,28.625,-3.5,False,True,460931,267664,868,"[14, 499]","[500, 846]",598,2026-08-11T13:22:13+09:00
2038,3,no,S,primary,no,24.75,31.25,-6.5,False,True,363908,383163,381,,,203,2026-08-11T13:22:13+09:00
2038,3,no,T0,primary,no,25.125,28.625,-3.5,False,True,363908,383163,775,"[14, 360]","[361, 753]",519,2026-08-11T13:22:13+09:00
1232,3,no,S,primary,no,25.75,25.875,-0.125,False,True,49473,116479,254,,,122,2026-08-11T13:22:13+09:00
1232,3,no,T0,primary,yes,26.25,25.5,0.75,False,False,49473,116479,602,"[14, 231]","[232, 578]",352,2026-08-11T13:22:14+09:00
1562,3,no,S,primary,no,24.625,31.75,-7.125,False,True,408757,319830,335,,,182,2026-08-11T13:22:14+09:00
1562,3,no,T0,primary,no,24.875,28.375,-3.5,False,True,408757,319830,729,"[14, 314]","[315, 707]",483,2026-08-11T13:22:15+09:00
136,3,no,S,primary,no,25.125,25.875,-0.75,False,True,516916,355214,427,,,246,2026-08-11T13:22:15+09:00
136,3,no,T0,primary,no,24.5,25.375,-0.875,False,True,516916,355214,821,"[14, 406]","[407, 799]",570,2026-08-11T13:22:15+09:00
2850,3,no,S,primary,yes,25.875,25.0,0.875,False,False,264155,46732,381,,,203,2026-08-11T13:22:16+09:00
2850,3,no,T0,primary,yes,26.125,25.0,1.125,False,False,264155,46732,729,"[14, 360]","[361, 707]",476,2026-08-11T13:22:16+09:00
2900,3,no,S,primary,no,26.125,26.25,-0.125,False,True,554002,255631,382,,,203,2026-08-11T13:22:16+09:00
2900,3,no,T0,primary,no,25.5,26.375,-0.875,False,True,554002,255631,684,"[14, 360]","[361, 661]",439,2026-08-11T13:22:17+09:00
22,3,no,S,primary,no,24.5,28.0,-3.5,False,True,211674,486568,358,,,193,2026-08-11T13:22:17+09:00
22,3,no,T0,primary,no,24.375,27.125,-2.75,False,True,211674,486568,559,"[14, 337]","[338, 537]",331,2026-08-11T13:22:17+09:00
540,3,no,S,primary,no,24.5,26.125,-1.625,False,True,498374,7795,427,,,247,2026-08-11T13:22:18+09:00
540,3,no,T0,primary,no,24.375,26.0,-1.625,False,True,498374,7795,775,"[14, 406]","[407, 753]",519,2026-08-11T13:22:18+09:00
898,3,no,S,primary,no,25.125,31.25,-6.125,False,True,354398,501898,428,,,245,2026-08-11T13:22:19+09:00
898,3,no,T0,primary,no,25.375,29.625,-4.25,False,True,354398,501898,776,"[14, 406]","[407, 753]",516,2026-08-11T13:22:19+09:00
2632,3,no,S,primary,no,24.75,31.625,-6.875,False,True,117527,383389,381,,,202,2026-08-11T13:22:19+09:00
2632,3,no,T0,primary,no,24.75,30.375,-5.625,False,True,117527,383389,775,"[14, 360]","[361, 753]",519,2026-08-11T13:22:20+09:00
1602,3,no,S,primary,no,25.125,26.375,-1.25,False,True,309371,333888,497,,,276,2026-08-11T13:22:20+09:00
1602,3,no,T0,primary,no,25.25,26.25,-1.0,False,True,309371,333888,891,"[14, 475]","[476, 868]",619,2026-08-11T13:22:21+09:00
1962,3,no,S,primary,no,24.75,31.125,-6.375,False,True,418471,29563,427,,,248,2026-08-11T13:22:21+09:00
1962,3,no,T0,primary,no,24.875,29.625,-4.75,False,True,418471,29563,775,"[14, 406]","[407, 753]",522,2026-08-11T13:22:22+09:00
2156,3,no,S,primary,no,25.0,27.25,-2.25,False,True,279499,330604,381,,,204,2026-08-11T13:22:22+09:00
2156,3,no,T0,primary,no,24.625,27.0,-2.375,False,True,279499,330604,775,"[14, 360]","[361, 753]",521,2026-08-11T13:22:23+09:00
1696,3,no,S,primary,no,24.625,31.625,-7.0,False,True,348524,86133,381,,,204,2026-08-11T13:22:23+09:00
1696,3,no,T0,primary,no,24.5,29.125,-4.625,False,True,348524,86133,775,"[14, 360]","[361, 753]",520,2026-08-11T13:22:23+09:00
1874,3,no,S,primary,no,24.625,25.625,-1.0,False,True,147165,459825,270,,,134,2026-08-11T13:22:24+09:00
1874,3,no,T0,primary,no,24.5,25.5,-1.0,False,True,147165,459825,618,"[14, 249]","[250, 596]",376,2026-08-11T13:22:24+09:00
366,3,no,S,primary,no,24.5,29.375,-4.875,False,True,575755,106909,381,,,204,2026-08-11T13:22:24+09:00
366,3,no,T0,primary,no,24.75,28.625,-3.875,False,True,575755,106909,775,"[14, 360]","[361, 753]",521,2026-08-11T13:22:25+09:00
1738,3,no,S,primary,no,25.0,29.0,-4.0,False,True,431615,373713,382,,,203,2026-08-11T13:22:25+09:00
1738,3,no,T0,primary,no,25.0,27.375,-2.375,False,True,431615,373713,601,"[14, 360]","[361, 578]",354,2026-08-11T13:22:25+09:00
1536,3,no,S,primary,yes,25.625,25.25,0.375,False,False,70813,187348,427,,,248,2026-08-11T13:22:26+09:00
1536,3,no,T0,primary,yes,25.375,24.875,0.5,False,False,70813,187348,775,"[14, 406]","[407, 753]",521,2026-08-11T13:22:26+09:00
1608,3,no,S,primary,no,24.375,27.375,-3.0,False,True,472143,139260,565,,,332,2026-08-11T13:22:27+09:00
1608,3,no,T0,primary,no,24.25,26.75,-2.5,False,True,472143,139260,890,"[14, 544]","[545, 868]",617,2026-08-11T13:22:27+09:00
428,3,no,S,primary,no,24.875,30.75,-5.875,False,True,80022,147494,381,,,203,2026-08-11T13:22:27+09:00
428,3,no,T0,primary,no,24.625,28.25,-3.625,False,True,80022,147494,729,"[14, 360]","[361, 707]",476,2026-08-11T13:22:28+09:00
334,3,no,S,primary,no,24.5,25.25,-0.75,False,True,217397,214349,427,,,248,2026-08-11T13:22:28+09:00
334,3,no,T0,primary,no,24.25,24.75,-0.5,False,True,217397,214349,821,"[14, 406]","[407, 799]",569,2026-08-11T13:22:29+09:00
1404,3,no,S,primary,no,24.75,28.75,-4.0,False,True,463522,556246,427,,,247,2026-08-11T13:22:29+09:00
1404,3,no,T0,primary,no,24.625,27.5,-2.875,False,True,463522,556246,706,"[14, 406]","[407, 684]",454,2026-08-11T13:22:30+09:00
142,3,no,S,primary,no,24.625,27.625,-3.0,False,True,542145,440067,270,,,132,2026-08-11T13:22:30+09:00
142,3,no,T0,primary,no,24.875,27.25,-2.375,False,True,542145,440067,687,"[14, 249]","[250, 665]",445,2026-08-11T13:22:30+09:00
1570,3,no,S,primary,no,24.75,26.875,-2.125,False,True,550691,502963,427,,,247,2026-08-11T13:22:31+09:00
1570,3,no,T0,primary,no,24.125,26.125,-2.0,False,True,550691,502963,821,"[14, 406]","[407, 799]",571,2026-08-11T13:22:31+09:00
276,3,no,S,primary,no,24.875,28.875,-4.0,False,True,205729,228297,428,,,246,2026-08-11T13:22:31+09:00
276,3,no,T0,primary,no,24.75,27.875,-3.125,False,True,205729,228297,799,"[14, 406]","[407, 776]",535,2026-08-11T13:22:32+09:00
1313,4,yes,S,primary,no,25.75,26.0,-0.25,False,False,333237,198464,382,,,204,2026-08-11T13:22:32+09:00
1313,4,yes,T0,primary,no,25.5,25.875,-0.375,False,False,333237,198464,730,"[14, 360]","[361, 707]",475,2026-08-11T13:22:33+09:00
1619,4,yes,S,primary,yes,27.0,24.75,2.25,False,True,214244,417339,382,,,204,2026-08-11T13:22:33+09:00
1619,4,yes,T0,primary,yes,26.25,24.625,1.625,False,True,214244,417339,776,"[14, 360]","[361, 753]",518,2026-08-11T13:22:33+09:00
599,4,yes,S,primary,yes,27.625,24.375,3.25,False,True,105732,326542,428,,,247,2026-08-11T13:22:34+09:00
599,4,yes,T0,primary,yes,27.25,24.625,2.625,False,True,105732,326542,822,"[14, 406]","[407, 799]",572,2026-08-11T13:22:34+09:00
1491,4,yes,S,primary,yes,26.25,24.75,1.5,False,True,302405,29059,270,,,134,2026-08-11T13:22:35+09:00
1491,4,yes,T0,primary,yes,26.0,25.125,0.875,False,True,302405,29059,664,"[14, 249]","[250, 642]",430,2026-08-11T13:22:35+09:00
221,4,yes,S,primary,yes,27.625,24.625,3.0,False,True,498759,499388,381,,,205,2026-08-11T13:22:35+09:00
221,4,yes,T0,primary,yes,26.75,24.75,2.0,False,True,498759,499388,618,"[14, 360]","[361, 596]",376,2026-08-11T13:22:36+09:00
1747,4,yes,S,primary,yes,28.5,24.125,4.375,False,True,246199,349402,381,,,204,2026-08-11T13:22:36+09:00
1747,4,yes,T0,primary,yes,27.875,24.625,3.25,False,True,246199,349402,775,"[14, 360]","[361, 753]",523,2026-08-11T13:22:36+09:00
1869,4,yes,S,primary,yes,25.875,25.25,0.625,False,True,304387,542938,382,,,205,2026-08-11T13:22:37+09:00
1869,4,yes,T0,primary,yes,25.5,24.875,0.625,False,True,304387,542938,730,"[14, 360]","[361, 707]",477,2026-08-11T13:22:37+09:00
553,4,yes,S,primary,no,25.25,27.75,-2.5,False,False,190185,329687,427,,,248,2026-08-11T13:22:37+09:00
553,4,yes,T0,primary,no,25.5,27.0,-1.5,False,False,190185,329687,775,"[14, 406]","[407, 753]",521,2026-08-11T13:22:38+09:00
2353,4,yes,S,primary,yes,25.75,25.125,0.625,False,True,44993,35368,381,,,204,2026-08-11T13:22:38+09:00
2353,4,yes,T0,primary,yes,25.375,25.125,0.25,False,True,44993,35368,868,"[14, 360]","[361, 846]",601,2026-08-11T13:22:39+09:00
2347,4,yes,S,primary,yes,28.375,24.375,4.0,False,True,477598,288579,252,,,122,2026-08-11T13:22:39+09:00
2347,4,yes,T0,primary,yes,28.0,25.125,2.875,False,True,477598,288579,600,"[14, 231]","[232, 578]",354,2026-08-11T13:22:39+09:00
873,4,yes,S,primary,no,24.375,27.625,-3.25,False,False,424642,440562,270,,,134,2026-08-11T13:22:40+09:00
873,4,yes,T0,primary,no,24.75,27.5,-2.75,False,False,424642,440562,664,"[14, 249]","[250, 642]",429,2026-08-11T13:22:40+09:00
2641,4,yes,S,primary,yes,26.75,25.0,1.75,False,True,429706,491856,358,,,192,2026-08-11T13:22:40+09:00
2641,4,yes,T0,primary,yes,25.5,25.0,0.5,False,True,429706,491856,706,"[14, 337]","[338, 684]",454,2026-08-11T13:22:41+09:00
685,4,yes,S,primary,yes,26.875,24.625,2.25,False,True,69196,198530,450,,,258,2026-08-11T13:22:41+09:00
685,4,yes,T0,primary,yes,26.125,24.5,1.625,False,True,69196,198530,844,"[14, 429]","[430, 822]",587,2026-08-11T13:22:42+09:00
1173,4,yes,S,primary,no,25.5,25.5,0.0,True,False,513136,387098,427,,,247,2026-08-11T13:22:42+09:00
1173,4,yes,T0,primary,no,25.0,25.125,-0.125,False,False,513136,387098,821,"[14, 406]","[407, 799]",570,2026-08-11T13:22:43+09:00
1121,4,yes,S,primary,yes,28.25,24.625,3.625,False,True,574790,189744,381,,,204,2026-08-11T13:22:43+09:00
1121,4,yes,T0,primary,yes,27.125,24.375,2.75,False,True,574790,189744,775,"[14, 360]","[361, 753]",521,2026-08-11T13:22:43+09:00
347,4,yes,S,primary,yes,28.25,24.75,3.5,False,True,54025,128920,381,,,204,2026-08-11T13:22:44+09:00
347,4,yes,T0,primary,yes,26.875,24.5,2.375,False,True,54025,128920,729,"[14, 360]","[361, 707]",477,2026-08-11T13:22:44+09:00
315,4,yes,S,primary,yes,25.75,25.5,0.25,False,True,354229,168330,450,,,255,2026-08-11T13:22:44+09:00
315,4,yes,T0,primary,yes,25.375,25.0,0.375,False,True,354229,168330,775,"[14, 429]","[430, 753]",521,2026-08-11T13:22:45+09:00
2097,4,yes,S,primary,yes,29.125,25.125,4.0,False,True,114941,577924,381,,,204,2026-08-11T13:22:45+09:00
2097,4,yes,T0,primary,yes,27.875,24.875,3.0,False,True,114941,577924,775,"[14, 360]","[361, 753]",520,2026-08-11T13:22:46+09:00
225,4,yes,S,primary,no,25.625,26.25,-0.625,False,False,360600,465346,427,,,247,2026-08-11T13:22:46+09:00
225,4,yes,T0,primary,no,25.125,26.25,-1.125,False,False,360600,465346,959,"[14, 406]","[407, 937]",700,2026-08-11T13:22:47+09:00
1691,4,yes,S,primary,yes,28.875,24.25,4.625,False,True,331366,291936,427,,,248,2026-08-11T13:22:47+09:00
1691,4,yes,T0,primary,yes,28.375,24.875,3.5,False,True,331366,291936,821,"[14, 406]","[407, 799]",572,2026-08-11T13:22:48+09:00
1825,4,yes,S,primary,yes,26.75,25.0,1.75,False,True,198397,546569,330,,,180,2026-08-11T13:22:48+09:00
1825,4,yes,T0,primary,yes,26.625,24.625,2.0,False,True,198397,546569,724,"[14, 309]","[310, 702]",482,2026-08-11T13:22:48+09:00
2335,4,yes,S,primary,yes,26.25,25.625,0.625,False,True,405762,27484,381,,,204,2026-08-11T13:22:49+09:00
2335,4,yes,T0,primary,yes,26.0,25.0,1.0,False,True,405762,27484,660,"[14, 360]","[361, 638]",418,2026-08-11T13:22:49+09:00
2189,4,yes,S,primary,no,25.125,26.625,-1.5,False,False,332908,511430,427,,,248,2026-08-11T13:22:49+09:00
2189,4,yes,T0,primary,no,24.875,26.25,-1.375,False,False,332908,511430,775,"[14, 406]","[407, 753]",523,2026-08-11T13:22:50+09:00
1537,4,yes,S,primary,yes,28.375,25.125,3.25,False,True,318209,191342,427,,,248,2026-08-11T13:22:50+09:00
1537,4,yes,T0,primary,yes,28.0,25.0,3.0,False,True,318209,191342,844,"[14, 406]","[407, 822]",589,2026-08-11T13:22:51+09:00
1963,4,yes,S,primary,yes,30.125,24.75,5.375,False,True,379404,122020,404,,,225,2026-08-11T13:22:51+09:00
1963,4,yes,T0,primary,yes,29.125,24.875,4.25,False,True,379404,122020,936,"[14, 383]","[384, 914]",674,2026-08-11T13:22:52+09:00
2955,4,yes,S,primary,yes,26.0,24.75,1.25,False,True,323752,383223,382,,,205,2026-08-11T13:22:52+09:00
2955,4,yes,T0,primary,yes,25.625,24.375,1.25,False,True,323752,383223,601,"[14, 360]","[361, 578]",357,2026-08-11T13:22:52+09:00
467,4,yes,S,primary,yes,29.0,24.5,4.5,False,True,131018,266443,427,,,249,2026-08-11T13:22:53+09:00
467,4,yes,T0,primary,yes,28.375,24.5,3.875,False,True,131018,266443,821,"[14, 406]","[407, 799]",574,2026-08-11T13:22:53+09:00
615,4,yes,S,primary,yes,25.625,24.5,1.125,False,True,580294,69340,404,,,224,2026-08-11T13:22:54+09:00
615,4,yes,T0,primary,yes,24.75,23.75,1.0,False,True,580294,69340,752,"[14, 383]","[384, 730]",489,2026-08-11T13:22:54+09:00
1075,4,yes,S,primary,yes,26.5,24.875,1.625,False,True,227204,263178,427,,,248,2026-08-11T13:22:54+09:00
1075,4,yes,T0,primary,yes,25.5,24.25,1.25,False,True,227204,263178,867,"[14, 406]","[407, 845]",607,2026-08-11T13:22:55+09:00
1061,4,yes,S,primary,yes,27.75,24.75,3.0,False,True,303534,545564,404,,,224,2026-08-11T13:22:55+09:00
1061,4,yes,T0,primary,yes,27.0,24.875,2.125,False,True,303534,545564,752,"[14, 383]","[384, 730]",490,2026-08-11T13:22:56+09:00
1314,1,no,S,primary,no,25.0,27.0,-2.0,False,True,333237,527219,381,,,206,2026-08-11T13:22:56+09:00
2274,1,no,S,primary,no,24.875,29.125,-4.25,False,True,68418,96183,427,,,247,2026-08-11T13:22:56+09:00
2638,1,no,S,primary,no,25.125,29.875,-4.75,False,True,16451,359925,520,,,301,2026-08-11T13:22:57+09:00
1200,1,no,S,primary,no,24.625,27.625,-3.0,False,True,375909,262938,358,,,193,2026-08-11T13:22:57+09:00
368,1,no,S,primary,no,24.75,27.125,-2.375,False,True,354088,386912,381,,,204,2026-08-11T13:22:57+09:00
1502,1,no,S,primary,no,25.0,26.875,-1.875,False,True,384040,424247,404,,,224,2026-08-11T13:22:57+09:00
2012,1,no,S,primary,no,25.125,27.625,-2.5,False,True,501294,91654,428,,,247,2026-08-11T13:22:58+09:00
72,1,no,S,primary,no,24.875,28.5,-3.625,False,True,353180,577355,382,,,205,2026-08-11T13:22:58+09:00
266,1,no,S,primary,no,24.625,26.5,-1.875,False,True,454642,514016,271,,,133,2026-08-11T13:22:58+09:00
2580,1,no,S,primary,no,24.625,29.25,-4.625,False,True,516601,468902,335,,,182,2026-08-11T13:22:58+09:00
56,1,no,S,primary,no,24.375,27.625,-3.25,False,True,17708,192128,428,,,248,2026-08-11T13:22:58+09:00
562,1,no,S,primary,no,24.625,28.0,-3.375,False,True,209755,378284,382,,,204,2026-08-11T13:22:59+09:00
1444,1,no,S,primary,no,25.0,26.75,-1.75,False,True,407386,160811,427,,,247,2026-08-11T13:22:59+09:00
594,1,no,S,primary,no,25.0,27.0,-2.0,False,True,557016,400815,450,,,257,2026-08-11T13:22:59+09:00
1804,1,no,S,primary,no,24.75,29.5,-4.75,False,True,465418,82889,382,,,205,2026-08-11T13:22:59+09:00
120,1,no,S,primary,no,25.0,28.125,-3.125,False,True,381895,32375,234,,,118,2026-08-11T13:23:00+09:00
252,1,no,S,primary,no,24.75,29.375,-4.625,False,True,456178,168683,427,,,250,2026-08-11T13:23:00+09:00
616,1,no,S,primary,no,25.0,27.125,-2.125,False,True,580294,516244,405,,,225,2026-08-11T13:23:00+09:00
2998,1,no,S,primary,no,24.75,26.375,-1.625,False,True,277289,24104,427,,,249,2026-08-11T13:23:00+09:00
724,1,no,S,primary,no,25.0,30.25,-5.25,False,True,538054,46805,427,,,248,2026-08-11T13:23:01+09:00
1014,1,no,S,primary,yes,26.25,25.375,0.875,False,False,273450,209782,542,,,314,2026-08-11T13:23:01+09:00
2296,1,no,S,primary,no,25.0,30.375,-5.375,False,True,390157,409856,427,,,249,2026-08-11T13:23:01+09:00
320,1,no,S,primary,no,24.75,30.5,-5.75,False,True,538236,436808,381,,,205,2026-08-11T13:23:01+09:00
1744,1,no,S,primary,no,25.75,26.125,-0.375,False,True,343401,510585,272,,,134,2026-08-11T13:23:02+09:00
984,1,no,S,primary,yes,25.25,25.125,0.125,False,False,197219,355430,381,,,206,2026-08-11T13:23:02+09:00
2866,1,no,S,primary,no,25.0,26.75,-1.75,False,True,45685,84031,271,,,134,2026-08-11T13:23:02+09:00
2032,1,no,S,primary,no,25.25,31.375,-6.125,False,True,454607,245013,427,,,249,2026-08-11T13:23:02+09:00
88,1,no,S,primary,no,25.125,25.5,-0.375,False,True,219622,453841,252,,,122,2026-08-11T13:23:02+09:00
2472,1,no,S,primary,no,24.75,29.75,-5.0,False,True,458325,245447,382,,,205,2026-08-11T13:23:03+09:00
70,1,no,S,primary,no,25.0,27.25,-2.25,False,True,353180,45864,381,,,205,2026-08-11T13:23:03+09:00
406,1,no,S,primary,no,25.0,25.625,-0.625,False,True,528905,200717,381,,,205,2026-08-11T13:23:03+09:00
770,1,no,S,primary,no,24.0,29.875,-5.875,False,True,203479,389401,270,,,134,2026-08-11T13:23:03+09:00
600,1,no,S,primary,no,24.5,30.25,-5.75,False,True,105732,29138,428,,,248,2026-08-11T13:23:03+09:00
828,1,no,S,primary,no,25.0,28.25,-3.25,False,True,327532,243875,382,,,206,2026-08-11T13:23:04+09:00
2190,1,no,S,primary,no,25.0,25.75,-0.75,False,True,332908,181576,427,,,248,2026-08-11T13:23:04+09:00
2066,1,no,S,primary,no,24.875,28.625,-3.75,False,True,76416,159320,427,,,249,2026-08-11T13:23:04+09:00
740,1,no,S,primary,no,24.625,30.5,-5.875,False,True,65001,16030,428,,,249,2026-08-11T13:23:04+09:00
184,1,no,S,primary,no,24.875,27.25,-2.375,False,True,291936,70321,427,,,248,2026-08-11T13:23:05+09:00
2640,1,no,S,primary,no,25.125,27.25,-2.125,False,True,16451,95062,521,,,302,2026-08-11T13:23:05+09:00
180,1,no,S,primary,no,24.5,29.25,-4.75,False,True,288639,11537,428,,,248,2026-08-11T13:23:05+09:00
2824,1,no,S,primary,no,24.75,29.0,-4.25,False,True,230175,495533,405,,,225,2026-08-11T13:23:06+09:00
2148,1,no,S,primary,yes,26.5,24.75,1.75,False,False,156704,244815,382,,,205,2026-08-11T13:23:06+09:00
802,1,no,S,primary,no,25.0,27.875,-2.875,False,True,147289,497791,520,,,302,2026-08-11T13:23:06+09:00
2350,1,no,S,primary,no,24.5,29.25,-4.75,False,True,477598,445371,253,,,121,2026-08-11T13:23:06+09:00
2194,1,no,S,primary,no,24.75,25.75,-1.0,False,True,372819,569839,381,,,205,2026-08-11T13:23:07+09:00
888,1,no,S,primary,no,25.125,26.5,-1.375,False,True,87435,421499,335,,,183,2026-08-11T13:23:07+09:00
2858,1,no,S,primary,no,25.375,32.5,-7.125,False,True,560744,453310,427,,,249,2026-08-11T13:23:07+09:00
2146,1,no,S,primary,no,25.0,26.5,-1.5,False,True,156704,108528,381,,,204,2026-08-11T13:23:07+09:00
1210,1,no,S,primary,no,25.75,25.875,-0.125,False,True,124930,502749,382,,,206,2026-08-11T13:23:07+09:00
1942,1,no,S,primary,no,24.75,27.0,-2.25,False,True,172342,541562,381,,,205,2026-08-11T13:23:08+09:00
2719,2,yes,S,primary,yes,28.5,25.375,3.125,False,True,367528,12669,381,,,205,2026-08-11T13:23:08+09:00
1461,2,yes,S,primary,yes,29.375,24.75,4.625,False,True,115626,314836,427,,,249,2026-08-11T13:23:08+09:00
385,2,yes,S,primary,yes,26.25,24.875,1.375,False,True,350898,204471,427,,,248,2026-08-11T13:23:08+09:00
2595,2,yes,S,primary,yes,29.625,25.125,4.5,False,True,299986,405135,427,,,247,2026-08-11T13:23:09+09:00
1993,2,yes,S,primary,yes,27.375,25.125,2.25,False,True,172648,403862,427,,,248,2026-08-11T13:23:09+09:00
1305,2,yes,S,primary,no,25.0,25.375,-0.375,False,False,355342,260618,381,,,205,2026-08-11T13:23:09+09:00
1877,2,yes,S,primary,yes,25.375,24.625,0.75,False,True,147165,215244,270,,,134,2026-08-11T13:23:09+09:00
913,2,yes,S,primary,yes,28.375,25.125,3.25,False,True,539251,575356,358,,,192,2026-08-11T13:23:10+09:00
99,2,yes,S,primary,no,24.875,28.625,-3.75,False,False,482476,489207,381,,,204,2026-08-11T13:23:10+09:00
1443,2,yes,S,primary,yes,29.25,25.125,4.125,False,True,407386,568281,427,,,247,2026-08-11T13:23:10+09:00
2597,2,yes,S,primary,yes,27.125,25.0,2.125,False,True,299986,466229,428,,,247,2026-08-11T13:23:10+09:00
2289,2,yes,S,primary,yes,29.75,24.625,5.125,False,True,21327,556183,381,,,204,2026-08-11T13:23:11+09:00
1603,2,yes,S,primary,no,24.0,27.75,-3.75,False,False,472143,516396,565,,,333,2026-08-11T13:23:11+09:00
2881,2,yes,S,primary,no,25.0,29.5,-4.5,False,False,69863,452122,381,,,206,2026-08-11T13:23:11+09:00
2123,2,yes,S,primary,yes,28.25,24.875,3.375,False,True,467887,214919,427,,,249,2026-08-11T13:23:11+09:00
2007,2,yes,S,primary,no,25.5,25.5,0.0,True,False,263594,390298,288,,,139,2026-08-11T13:23:12+09:00
2005,2,yes,S,primary,yes,28.125,24.0,4.125,False,True,263594,391144,288,,,138,2026-08-11T13:23:12+09:00
827,2,yes,S,primary,yes,26.0,25.125,0.875,False,True,327532,363343,382,,,206,2026-08-11T13:23:12+09:00
2403,2,yes,S,primary,no,25.75,26.25,-0.5,False,False,328301,182785,381,,,206,2026-08-11T13:23:12+09:00
533,2,yes,S,primary,yes,25.875,25.375,0.5,False,True,427113,328805,427,,,249,2026-08-11T13:23:12+09:00
2689,2,yes,S,primary,yes,26.875,24.75,2.125,False,True,265472,314125,270,,,135,2026-08-11T13:23:13+09:00
2975,2,yes,S,primary,yes,29.25,25.125,4.125,False,True,15738,537710,382,,,206,2026-08-11T13:23:13+09:00
189,2,yes,S,primary,yes,27.75,25.0,2.75,False,True,63953,255482,252,,,122,2026-08-11T13:23:13+09:00
1659,2,yes,S,primary,yes,26.125,24.75,1.375,False,True,442809,469936,381,,,206,2026-08-11T13:23:13+09:00
2291,2,yes,S,primary,yes,27.75,25.0,2.75,False,True,21327,73738,382,,,206,2026-08-11T13:23:13+09:00
1519,2,yes,S,primary,yes,25.375,24.875,0.5,False,True,365822,20781,429,,,249,2026-08-11T13:23:14+09:00
1797,2,yes,S,primary,yes,25.0,24.375,0.625,False,True,100238,523660,427,,,249,2026-08-11T13:23:14+09:00
1671,2,yes,S,primary,yes,29.375,24.5,4.875,False,True,97994,36660,381,,,206,2026-08-11T13:23:14+09:00
1501,2,yes,S,primary,no,25.125,25.5,-0.375,False,False,384040,293574,404,,,226,2026-08-11T13:23:14+09:00
2619,2,yes,S,primary,yes,25.5,25.25,0.25,False,True,222118,201526,381,,,206,2026-08-11T13:23:15+09:00
2667,2,yes,S,primary,no,26.25,26.25,0.0,True,False,123570,298699,381,,,206,2026-08-11T13:23:15+09:00
917,2,yes,S,primary,yes,25.875,25.0,0.875,False,True,539251,312746,360,,,193,2026-08-11T13:23:15+09:00
843,2,yes,S,primary,no,25.375,26.375,-1.0,False,False,443240,465549,427,,,249,2026-08-11T13:23:15+09:00
509,2,yes,S,primary,yes,26.75,25.625,1.125,False,True,148766,100711,427,,,249,2026-08-11T13:23:16+09:00
541,2,yes,S,primary,yes,26.75,25.125,1.625,False,True,13348,86468,381,,,205,2026-08-11T13:23:16+09:00
41,2,yes,S,primary,yes,26.0,24.75,1.25,False,True,265719,12268,427,,,249,2026-08-11T13:23:16+09:00
2973,2,yes,S,primary,yes,28.875,25.125,3.75,False,True,15738,515350,382,,,206,2026-08-11T13:23:16+09:00
763,2,yes,S,primary,yes,25.625,25.375,0.25,False,True,518177,19036,404,,,225,2026-08-11T13:23:17+09:00
149,2,yes,S,primary,no,25.75,26.5,-0.75,False,False,218224,256195,335,,,183,2026-08-11T13:23:17+09:00
1271,2,yes,S,primary,no,25.0,27.75,-2.75,False,False,244455,572980,427,,,249,2026-08-11T13:23:17+09:00
343,2,yes,S,primary,yes,26.375,25.375,1.0,False,True,54025,14880,382,,,205,2026-08-11T13:23:17+09:00
35,2,yes,S,primary,no,25.125,26.625,-1.5,False,False,283412,252629,381,,,205,2026-08-11T13:23:18+09:00
2371,2,yes,S,primary,yes,26.375,25.125,1.25,False,True,325347,279138,335,,,183,2026-08-11T13:23:18+09:00
1585,2,yes,S,primary,yes,25.625,25.25,0.375,False,True,198312,142879,427,,,248,2026-08-11T13:23:18+09:00
1885,2,yes,S,primary,yes,28.75,24.5,4.25,False,True,312406,168175,427,,,248,2026-08-11T13:23:18+09:00
1153,2,yes,S,primary,yes,25.5,24.625,0.875,False,True,376959,459382,427,,,248,2026-08-11T13:23:19+09:00
2163,2,yes,S,primary,yes,27.5,25.0,2.5,False,True,155131,296994,428,,,248,2026-08-11T13:23:19+09:00
2323,2,yes,S,primary,yes,27.375,24.875,2.5,False,True,243158,392228,427,,,248,2026-08-11T13:23:19+09:00
1387,2,yes,S,primary,yes,25.375,25.0,0.375,False,True,123017,535952,427,,,248,2026-08-11T13:23:19+09:00
1359,2,yes,S,primary,yes,29.375,25.25,4.125,False,True,505542,438185,473,,,268,2026-08-11T13:23:20+09:00
1076,3,no,S,primary,no,24.0,28.375,-4.375,False,True,227204,213156,427,,,249,2026-08-11T13:23:20+09:00
1712,3,no,S,primary,no,24.0,29.125,-5.125,False,True,239773,237566,252,,,121,2026-08-11T13:23:20+09:00
1460,3,no,S,primary,no,25.0,28.625,-3.625,False,True,115626,305978,427,,,249,2026-08-11T13:23:20+09:00
1368,3,no,S,primary,no,24.625,30.75,-6.125,False,True,115636,209901,496,,,276,2026-08-11T13:23:21+09:00
2676,3,no,S,primary,no,25.25,30.0,-4.75,False,True,365317,440299,381,,,206,2026-08-11T13:23:21+09:00
2572,3,no,S,primary,no,25.25,31.125,-5.875,False,True,52689,463842,382,,,206,2026-08-11T13:23:21+09:00
822,3,no,S,primary,no,24.875,25.375,-0.5,False,True,500473,307842,427,,,248,2026-08-11T13:23:21+09:00
46,3,no,S,primary,no,25.0,26.875,-1.875,False,True,461331,351096,427,,,248,2026-08-11T13:23:22+09:00
1410,3,no,S,primary,no,25.25,29.625,-4.375,False,True,511341,403295,496,,,277,2026-08-11T13:23:22+09:00
2512,3,no,S,primary,no,24.875,30.25,-5.375,False,True,246928,406119,381,,,206,2026-08-11T13:23:22+09:00
504,3,no,S,primary,no,24.875,27.0,-2.125,False,True,199764,208566,381,,,205,2026-08-11T13:23:22+09:00
958,3,no,S,primary,no,24.75,30.375,-5.625,False,True,489728,581394,427,,,249,2026-08-11T13:23:23+09:00
1148,3,no,S,primary,no,25.5,26.5,-1.0,False,True,529668,62459,427,,,249,2026-08-11T13:23:23+09:00
350,3,no,S,primary,no,25.0,31.375,-6.375,False,True,84447,419856,427,,,249,2026-08-11T13:23:23+09:00
438,3,no,S,primary,no,24.625,28.25,-3.625,False,True,564336,317763,335,,,183,2026-08-11T13:23:23+09:00
2698,3,no,S,primary,no,24.875,26.25,-1.375,False,True,550514,495020,428,,,249,2026-08-11T13:23:24+09:00
714,3,no,S,primary,no,24.875,27.125,-2.25,False,True,239130,307074,427,,,248,2026-08-11T13:23:24+09:00
2082,3,no,S,primary,yes,26.375,26.0,0.375,False,False,445200,450100,381,,,205,2026-08-11T13:23:24+09:00
916,3,no,S,primary,no,25.0,30.625,-5.625,False,True,539251,105611,358,,,193,2026-08-11T13:23:24+09:00
430,3,no,S,primary,no,25.0,29.25,-4.25,False,True,80022,376545,382,,,206,2026-08-11T13:23:25+09:00
2378,3,no,S,primary,no,25.125,26.125,-1.0,False,True,256906,300353,381,,,206,2026-08-11T13:23:25+09:00
2268,3,no,S,primary,no,25.125,30.25,-5.125,False,True,235541,511895,382,,,206,2026-08-11T13:23:25+09:00
2242,3,no,S,primary,no,24.75,27.375,-2.625,False,True,304819,556420,427,,,249,2026-08-11T13:23:25+09:00
2434,3,no,S,primary,no,24.875,27.875,-3.0,False,True,446651,32456,381,,,206,2026-08-11T13:23:26+09:00
1048,3,no,S,primary,no,25.0,28.125,-3.125,False,True,205206,381709,381,,,206,2026-08-11T13:23:26+09:00
2216,3,no,S,primary,no,24.625,26.375,-1.75,False,True,394535,75032,382,,,206,2026-08-11T13:23:26+09:00
730,3,no,S,primary,no,25.0,28.875,-3.875,False,True,114710,488270,381,,,206,2026-08-11T13:23:26+09:00
1010,3,no,S,primary,no,25.25,31.25,-6.0,False,True,273450,329373,543,,,314,2026-08-11T13:23:27+09:00
2048,3,no,S,primary,no,25.5,30.0,-4.5,False,True,348469,148392,382,,,207,2026-08-11T13:23:27+09:00
2982,3,no,S,primary,no,24.875,27.125,-2.25,False,True,497599,40821,381,,,205,2026-08-11T13:23:27+09:00
2366,3,no,S,primary,no,25.0,28.5,-3.5,False,True,337502,307611,382,,,206,2026-08-11T13:23:27+09:00
2474,3,no,S,primary,no,24.625,28.875,-4.25,False,True,388237,436875,382,,,206,2026-08-11T13:23:27+09:00
1832,3,no,S,primary,no,24.375,26.375,-2.0,False,True,349936,238708,427,,,249,2026-08-11T13:23:28+09:00
2756,3,no,S,primary,no,24.875,26.375,-1.5,False,True,536073,142484,428,,,248,2026-08-11T13:23:28+09:00
26,3,no,S,primary,no,25.125,25.625,-0.5,False,True,458338,561766,252,,,122,2026-08-11T13:23:28+09:00
150,3,no,S,primary,no,25.5,26.625,-1.125,False,True,218224,545000,335,,,182,2026-08-11T13:23:28+09:00
2628,3,no,S,primary,no,24.625,29.0,-4.375,False,True,514292,406201,427,,,249,2026-08-11T13:23:29+09:00
1678,3,no,S,primary,no,25.125,27.75,-2.625,False,True,246999,323507,428,,,247,2026-08-11T13:23:29+09:00
2502,3,no,S,primary,no,24.5,30.125,-5.625,False,True,378751,387470,428,,,248,2026-08-11T13:23:29+09:00
1796,3,no,S,primary,no,24.125,30.5,-6.375,False,True,100238,7386,427,,,248,2026-08-11T13:23:29+09:00
1108,3,no,S,primary,no,25.375,31.25,-5.875,False,True,40361,48917,323,,,175,2026-08-11T13:23:30+09:00
994,3,no,S,primary,no,25.375,26.375,-1.0,False,True,506483,397042,382,,,205,2026-08-11T13:23:30+09:00
1170,3,no,S,primary,no,25.125,27.0,-1.875,False,True,327038,241,336,,,183,2026-08-11T13:23:30+09:00
2843,4,yes,S,primary,no,25.0,26.0,-1.0,False,False,555538,76956,359,,,193,2026-08-11T13:23:30+09:00
1037,4,yes,S,primary,yes,26.25,24.25,2.0,False,True,506178,373111,270,,,133,2026-08-11T13:23:30+09:00
1949,4,yes,S,primary,yes,27.0,24.75,2.25,False,True,384970,343643,252,,,122,2026-08-11T13:23:31+09:00
2529,4,yes,S,primary,yes,27.0,25.5,1.5,False,True,564511,208748,428,,,248,2026-08-11T13:23:31+09:00
2609,4,yes,S,primary,yes,28.0,25.25,2.75,False,True,574454,163057,381,,,206,2026-08-11T13:23:31+09:00
1,4,yes,S,primary,yes,26.375,25.0,1.375,False,True,310196,220382,382,,,207,2026-08-11T13:23:31+09:00
2027,4,yes,S,primary,no,25.5,27.0,-1.5,False,False,91954,176037,427,,,249,2026-08-11T13:23:32+09:00
2243,4,yes,S,primary,no,25.25,27.0,-1.75,False,False,304819,15074,427,,,249,2026-08-11T13:23:32+09:00
395,4,yes,S,primary,yes,29.375,25.125,4.25,False,True,170365,80172,381,,,205,2026-08-11T13:23:32+09:00
1065,4,yes,S,primary,no,25.375,27.25,-1.875,False,False,278771,363831,428,,,249,2026-08-11T13:23:32+09:00
1055,4,yes,S,primary,yes,25.375,24.875,0.5,False,True,18150,442875,427,,,248,2026-08-11T13:23:33+09:00
399,4,yes,S,primary,no,24.75,26.875,-2.125,False,False,21645,51540,270,,,134,2026-08-11T13:23:33+09:00
535,4,yes,S,primary,yes,28.25,25.375,2.875,False,True,498374,271206,427,,,248,2026-08-11T13:23:33+09:00
1463,4,yes,S,primary,yes,26.875,25.5,1.375,False,True,115626,179265,428,,,248,2026-08-11T13:23:33+09:00
2157,4,yes,S,primary,yes,29.125,24.875,4.25,False,True,279499,480657,381,,,205,2026-08-11T13:23:34+09:00
1857,4,yes,S,primary,yes,29.0,25.5,3.5,False,True,93948,420156,427,,,248,2026-08-11T13:23:34+09:00
377,4,yes,S,primary,no,25.125,26.5,-1.375,False,False,311327,432106,428,,,247,2026-08-11T13:23:34+09:00
1967,4,yes,S,primary,yes,25.875,25.75,0.125,False,True,379404,371694,405,,,225,2026-08-11T13:23:34+09:00
1829,4,yes,S,primary,yes,27.375,25.125,2.25,False,True,198397,566543,331,,,179,2026-08-11T13:23:35+09:00
2467,4,yes,S,primary,yes,28.125,24.5,3.625,False,True,458325,61660,381,,,205,2026-08-11T13:23:35+09:00
2513,4,yes,S,primary,yes,29.375,25.75,3.625,False,True,246928,512479,381,,,204,2026-08-11T13:23:35+09:00
183,4,yes,S,primary,yes,28.875,25.5,3.375,False,True,291936,579036,427,,,248,2026-08-11T13:23:35+09:00
941,4,yes,S,primary,yes,26.25,25.625,0.625,False,True,280734,299601,382,,,205,2026-08-11T13:23:35+09:00
669,4,yes,S,primary,yes,28.375,24.875,3.5,False,True,237767,271728,520,,,302,2026-08-11T13:23:36+09:00
2033,4,yes,S,primary,yes,29.375,24.75,4.625,False,True,454607,483027,428,,,247,2026-08-11T13:23:36+09:00
215,4,yes,S,primary,no,25.5,25.5,0.0,True,False,170517,105647,234,,,116,2026-08-11T13:23:36+09:00
227,4,yes,S,primary,yes,28.25,25.0,3.25,False,True,360600,111104,427,,,247,2026-08-11T13:23:36+09:00
855,4,yes,S,primary,yes,26.75,25.0,1.75,False,True,270609,33835,382,,,205,2026-08-11T13:23:37+09:00
1751,4,yes,S,primary,no,24.875,28.125,-3.25,False,False,246199,463640,382,,,206,2026-08-11T13:23:37+09:00
703,4,yes,S,primary,yes,29.5,24.625,4.875,False,True,32610,390348,381,,,206,2026-08-11T13:23:37+09:00
2135,4,yes,S,primary,yes,29.75,24.875,4.875,False,True,125524,112928,383,,,206,2026-08-11T13:23:37+09:00
2047,4,yes,S,primary,no,25.125,28.0,-2.875,False,False,348469,284594,381,,,206,2026-08-11T13:23:38+09:00
1343,4,yes,S,primary,yes,28.25,24.875,3.375,False,True,120648,124803,427,,,250,2026-08-11T13:23:38+09:00
447,4,yes,S,primary,yes,26.75,25.125,1.625,False,True,465275,294,427,,,249,2026-08-11T13:23:38+09:00
2729,4,yes,S,primary,no,24.5,30.625,-6.125,False,False,252911,385586,381,,,205,2026-08-11T13:23:38+09:00
805,4,yes,S,primary,yes,27.375,24.125,3.25,False,True,102439,398567,270,,,135,2026-08-11T13:23:38+09:00
603,4,yes,S,primary,yes,28.125,25.0,3.125,False,True,534121,473632,427,,,249,2026-08-11T13:23:39+09:00
21,4,yes,S,primary,no,25.0,25.0,0.0,True,False,211674,420120,360,,,193,2026-08-11T13:23:39+09:00
959,4,yes,S,primary,yes,27.5,25.5,2.0,False,True,489728,194434,427,,,249,2026-08-11T13:23:39+09:00
2781,4,yes,S,primary,yes,25.5,24.625,0.875,False,True,79213,470746,427,,,248,2026-08-11T13:23:40+09:00
2357,4,yes,S,primary,yes,27.25,24.75,2.5,False,True,44993,254828,381,,,205,2026-08-11T13:23:40+09:00
2650,1,no,S,primary,no,24.75,30.0,-5.25,False,True,429580,448309,405,,,614,2026-08-11T13:23:59+09:00
2650,1,no,M,primary,no,25.625,26.0,-0.375,False,True,429580,448309,753,"[14, 383]","[384, 730]",497,2026-08-11T13:24:00+09:00
2650,1,no,T4,primary,no,25.375,28.375,-3.0,False,True,429580,448309,753,"[14, 383]","[384, 730]",487,2026-08-11T13:24:00+09:00
2650,1,no,T8,primary,no,25.375,28.625,-3.25,False,True,429580,448309,753,"[14, 383]","[384, 730]",490,2026-08-11T13:24:01+09:00
2650,1,no,T12,primary,no,25.5,28.5,-3.0,False,True,429580,448309,753,"[14, 383]","[384, 730]",489,2026-08-11T13:24:01+09:00
2650,1,no,T16,primary,no,25.75,27.25,-1.5,False,True,429580,448309,753,"[14, 383]","[384, 730]",490,2026-08-11T13:24:02+09:00
2650,1,no,T20,primary,no,26.0,27.5,-1.5,False,True,429580,448309,753,"[14, 383]","[384, 730]",491,2026-08-11T13:24:02+09:00
2650,1,no,T24,primary,no,25.625,26.0,-0.375,False,True,429580,448309,753,"[14, 383]","[384, 730]",489,2026-08-11T13:24:03+09:00
2650,1,no,T0,primary,no,25.25,28.625,-3.375,False,True,429580,448309,753,"[14, 383]","[384, 730]",489,2026-08-11T13:24:03+09:00
2650,1,no,Trel8,primary,yes,27.125,25.0,2.125,False,False,429580,448309,753,"[14, 383]","[384, 730]",489,2026-08-11T13:24:04+09:00
2678,1,no,S,primary,no,24.0,30.25,-6.25,False,True,224155,342403,270,,,138,2026-08-11T13:24:04+09:00
2678,1,no,M,primary,no,25.625,25.75,-0.125,False,True,224155,342403,507,"[14, 249]","[250, 485]",295,2026-08-11T13:24:04+09:00
2678,1,no,T4,primary,no,25.125,29.125,-4.0,False,True,224155,342403,507,"[14, 249]","[250, 485]",294,2026-08-11T13:24:05+09:00
2678,1,no,T8,primary,no,24.625,29.375,-4.75,False,True,224155,342403,507,"[14, 249]","[250, 485]",293,2026-08-11T13:24:05+09:00
2678,1,no,T12,primary,no,24.75,29.125,-4.375,False,True,224155,342403,507,"[14, 249]","[250, 485]",294,2026-08-11T13:24:05+09:00
2678,1,no,T16,primary,no,24.625,28.125,-3.5,False,True,224155,342403,507,"[14, 249]","[250, 485]",296,2026-08-11T13:24:06+09:00
2678,1,no,T20,primary,no,24.875,26.5,-1.625,False,True,224155,342403,507,"[14, 249]","[250, 485]",297,2026-08-11T13:24:06+09:00
2678,1,no,T24,primary,no,25.75,25.75,0.0,True,True,224155,342403,507,"[14, 249]","[250, 485]",297,2026-08-11T13:24:06+09:00
2678,1,no,T0,primary,no,24.875,29.0,-4.125,False,True,224155,342403,507,"[14, 249]","[250, 485]",296,2026-08-11T13:24:06+09:00
2678,1,no,Trel8,primary,yes,25.75,25.25,0.5,False,False,224155,342403,507,"[14, 249]","[250, 485]",297,2026-08-11T13:24:07+09:00
2170,1,no,S,primary,no,25.375,31.25,-5.875,False,True,252135,58539,381,,,206,2026-08-11T13:24:07+09:00
2170,1,no,M,primary,no,25.375,25.375,0.0,True,True,252135,58539,729,"[14, 360]","[361, 707]",474,2026-08-11T13:24:08+09:00
2170,1,no,T4,primary,no,26.0,28.625,-2.625,False,True,252135,58539,729,"[14, 360]","[361, 707]",473,2026-08-11T13:24:08+09:00
2170,1,no,T8,primary,no,25.75,28.625,-2.875,False,True,252135,58539,729,"[14, 360]","[361, 707]",477,2026-08-11T13:24:08+09:00
2170,1,no,T12,primary,no,25.75,28.75,-3.0,False,True,252135,58539,729,"[14, 360]","[361, 707]",477,2026-08-11T13:24:09+09:00
2170,1,no,T16,primary,no,25.125,27.25,-2.125,False,True,252135,58539,729,"[14, 360]","[361, 707]",478,2026-08-11T13:24:09+09:00
2170,1,no,T20,primary,no,25.125,26.125,-1.0,False,True,252135,58539,729,"[14, 360]","[361, 707]",477,2026-08-11T13:24:10+09:00
2170,1,no,T24,primary,no,25.375,25.5,-0.125,False,True,252135,58539,729,"[14, 360]","[361, 707]",477,2026-08-11T13:24:10+09:00
2170,1,no,T0,primary,no,25.5,28.375,-2.875,False,True,252135,58539,729,"[14, 360]","[361, 707]",477,2026-08-11T13:24:11+09:00
2170,1,no,Trel8,primary,yes,26.0,24.75,1.25,False,False,252135,58539,729,"[14, 360]","[361, 707]",479,2026-08-11T13:24:11+09:00
1022,1,no,S,primary,no,24.25,30.25,-6.0,False,True,449432,129886,382,,,203,2026-08-11T13:24:12+09:00
1022,1,no,M,primary,yes,26.375,25.375,1.0,False,False,449432,129886,776,"[14, 360]","[361, 753]",517,2026-08-11T13:24:12+09:00
1022,1,no,T4,primary,no,24.875,28.75,-3.875,False,True,449432,129886,776,"[14, 360]","[361, 753]",516,2026-08-11T13:24:13+09:00
1022,1,no,T8,primary,no,24.625,28.875,-4.25,False,True,449432,129886,776,"[14, 360]","[361, 753]",519,2026-08-11T13:24:13+09:00
1022,1,no,T12,primary,no,24.625,28.875,-4.25,False,True,449432,129886,776,"[14, 360]","[361, 753]",519,2026-08-11T13:24:14+09:00
1022,1,no,T16,primary,no,24.25,28.0,-3.75,False,True,449432,129886,776,"[14, 360]","[361, 753]",523,2026-08-11T13:24:14+09:00
1022,1,no,T20,primary,no,24.5,26.75,-2.25,False,True,449432,129886,776,"[14, 360]","[361, 753]",520,2026-08-11T13:24:15+09:00
1022,1,no,T24,primary,yes,26.5,25.375,1.125,False,False,449432,129886,776,"[14, 360]","[361, 753]",520,2026-08-11T13:24:15+09:00
1022,1,no,T0,primary,no,24.5,28.5,-4.0,False,True,449432,129886,776,"[14, 360]","[361, 753]",521,2026-08-11T13:24:16+09:00
1022,1,no,Trel8,primary,yes,27.0,24.75,2.25,False,False,449432,129886,776,"[14, 360]","[361, 753]",521,2026-08-11T13:24:16+09:00
562,1,no,M,primary,no,25.0,25.125,-0.125,False,True,209755,378284,730,"[14, 360]","[361, 707]",475,2026-08-11T13:24:17+09:00
562,1,no,T4,primary,no,25.375,26.75,-1.375,False,True,209755,378284,730,"[14, 360]","[361, 707]",474,2026-08-11T13:24:17+09:00
562,1,no,T8,primary,no,25.25,26.875,-1.625,False,True,209755,378284,730,"[14, 360]","[361, 707]",476,2026-08-11T13:24:18+09:00
562,1,no,T12,primary,no,25.375,26.875,-1.5,False,True,209755,378284,730,"[14, 360]","[361, 707]",476,2026-08-11T13:24:18+09:00
562,1,no,T16,primary,no,25.125,25.625,-0.5,False,True,209755,378284,730,"[14, 360]","[361, 707]",475,2026-08-11T13:24:19+09:00
562,1,no,T20,primary,yes,25.125,24.5,0.625,False,False,209755,378284,730,"[14, 360]","[361, 707]",477,2026-08-11T13:24:19+09:00
562,1,no,T24,primary,no,25.25,25.25,0.0,True,True,209755,378284,730,"[14, 360]","[361, 707]",477,2026-08-11T13:24:20+09:00
562,1,no,T0,primary,no,25.125,27.125,-2.0,False,True,209755,378284,730,"[14, 360]","[361, 707]",476,2026-08-11T13:24:20+09:00
562,1,no,Trel8,primary,yes,26.75,24.875,1.875,False,False,209755,378284,730,"[14, 360]","[361, 707]",477,2026-08-11T13:24:21+09:00
596,1,no,S,primary,no,24.5,27.125,-2.625,False,True,105732,333665,428,,,247,2026-08-11T13:24:21+09:00
596,1,no,M,primary,yes,26.375,24.5,1.875,False,False,105732,333665,799,"[14, 406]","[407, 776]",537,2026-08-11T13:24:22+09:00
596,1,no,T4,primary,no,24.25,27.125,-2.875,False,True,105732,333665,799,"[14, 406]","[407, 776]",535,2026-08-11T13:24:22+09:00
596,1,no,T8,primary,no,24.125,27.125,-3.0,False,True,105732,333665,799,"[14, 406]","[407, 776]",540,2026-08-11T13:24:23+09:00
596,1,no,T12,primary,no,24.125,26.875,-2.75,False,True,105732,333665,799,"[14, 406]","[407, 776]",539,2026-08-11T13:24:23+09:00
596,1,no,T16,primary,no,23.875,25.625,-1.75,False,True,105732,333665,799,"[14, 406]","[407, 776]",539,2026-08-11T13:24:24+09:00
596,1,no,T20,primary,yes,25.875,24.125,1.75,False,False,105732,333665,799,"[14, 406]","[407, 776]",540,2026-08-11T13:24:24+09:00
596,1,no,T24,primary,yes,26.875,24.75,2.125,False,False,105732,333665,799,"[14, 406]","[407, 776]",539,2026-08-11T13:24:25+09:00
596,1,no,T0,primary,no,24.25,27.125,-2.875,False,True,105732,333665,799,"[14, 406]","[407, 776]",540,2026-08-11T13:24:25+09:00
596,1,no,Trel8,primary,yes,27.125,24.5,2.625,False,False,105732,333665,799,"[14, 406]","[407, 776]",540,2026-08-11T13:24:26+09:00
88,1,no,M,primary,no,24.75,25.125,-0.375,False,True,219622,453841,471,"[14, 231]","[232, 449]",266,2026-08-11T13:24:26+09:00
88,1,no,T4,primary,no,25.375,25.625,-0.25,False,True,219622,453841,471,"[14, 231]","[232, 449]",265,2026-08-11T13:24:26+09:00
88,1,no,T8,primary,no,25.125,25.5,-0.375,False,True,219622,453841,471,"[14, 231]","[232, 449]",266,2026-08-11T13:24:27+09:00
88,1,no,T12,primary,no,25.125,25.5,-0.375,False,True,219622,453841,471,"[14, 231]","[232, 449]",264,2026-08-11T13:24:27+09:00
88,1,no,T16,primary,no,24.875,25.625,-0.75,False,True,219622,453841,471,"[14, 231]","[232, 449]",267,2026-08-11T13:24:27+09:00
88,1,no,T20,primary,no,25.125,25.375,-0.25,False,True,219622,453841,471,"[14, 231]","[232, 449]",267,2026-08-11T13:24:27+09:00
88,1,no,T24,primary,no,24.625,25.25,-0.625,False,True,219622,453841,471,"[14, 231]","[232, 449]",265,2026-08-11T13:24:28+09:00
88,1,no,T0,primary,no,25.375,25.75,-0.375,False,True,219622,453841,471,"[14, 231]","[232, 449]",267,2026-08-11T13:24:28+09:00
88,1,no,Trel8,primary,yes,25.875,24.875,1.0,False,False,219622,453841,471,"[14, 231]","[232, 449]",266,2026-08-11T13:24:28+09:00
724,1,no,M,primary,no,24.75,28.5,-3.75,False,True,538054,46805,729,"[14, 406]","[407, 707]",483,2026-08-11T13:24:29+09:00
724,1,no,T4,primary,no,25.5,28.875,-3.375,False,True,538054,46805,729,"[14, 406]","[407, 707]",484,2026-08-11T13:24:29+09:00
724,1,no,T8,primary,no,25.25,28.875,-3.625,False,True,538054,46805,729,"[14, 406]","[407, 707]",485,2026-08-11T13:24:30+09:00
724,1,no,T12,primary,no,25.375,28.875,-3.5,False,True,538054,46805,729,"[14, 406]","[407, 707]",488,2026-08-11T13:24:30+09:00
724,1,no,T16,primary,no,25.25,28.375,-3.125,False,True,538054,46805,729,"[14, 406]","[407, 707]",487,2026-08-11T13:24:31+09:00
724,1,no,T20,primary,no,25.125,28.125,-3.0,False,True,538054,46805,729,"[14, 406]","[407, 707]",488,2026-08-11T13:24:31+09:00
724,1,no,T24,primary,no,25.125,29.0,-3.875,False,True,538054,46805,729,"[14, 406]","[407, 707]",487,2026-08-11T13:24:32+09:00
724,1,no,T0,primary,no,25.25,28.75,-3.5,False,True,538054,46805,729,"[14, 406]","[407, 707]",488,2026-08-11T13:24:32+09:00
724,1,no,Trel8,primary,yes,25.125,24.75,0.375,False,False,538054,46805,729,"[14, 406]","[407, 707]",487,2026-08-11T13:24:33+09:00
1384,1,no,S,primary,no,24.75,30.25,-5.5,False,True,534516,469936,382,,,204,2026-08-11T13:24:33+09:00
1384,1,no,M,primary,no,25.25,27.25,-2.0,False,True,534516,469936,914,"[14, 360]","[361, 891]",656,2026-08-11T13:24:34+09:00
1384,1,no,T4,primary,no,25.375,29.0,-3.625,False,True,534516,469936,914,"[14, 360]","[361, 891]",657,2026-08-11T13:24:34+09:00
1384,1,no,T8,primary,no,25.25,28.875,-3.625,False,True,534516,469936,914,"[14, 360]","[361, 891]",658,2026-08-11T13:24:35+09:00
1384,1,no,T12,primary,no,25.5,28.125,-2.625,False,True,534516,469936,914,"[14, 360]","[361, 891]",657,2026-08-11T13:24:36+09:00
1384,1,no,T16,primary,no,25.75,26.875,-1.125,False,True,534516,469936,914,"[14, 360]","[361, 891]",658,2026-08-11T13:24:36+09:00
1384,1,no,T20,primary,no,26.125,26.375,-0.25,False,True,534516,469936,914,"[14, 360]","[361, 891]",661,2026-08-11T13:24:37+09:00
1384,1,no,T24,primary,no,25.625,27.375,-1.75,False,True,534516,469936,914,"[14, 360]","[361, 891]",661,2026-08-11T13:24:38+09:00
1384,1,no,T0,primary,no,25.125,28.75,-3.625,False,True,534516,469936,914,"[14, 360]","[361, 891]",662,2026-08-11T13:24:38+09:00
1384,1,no,Trel8,primary,yes,26.25,25.375,0.875,False,False,534516,469936,914,"[14, 360]","[361, 891]",661,2026-08-11T13:24:39+09:00
2274,1,no,M,primary,no,24.5,29.75,-5.25,False,True,68418,96183,752,"[14, 406]","[407, 730]",498,2026-08-11T13:24:39+09:00
2274,1,no,T4,primary,no,25.125,28.375,-3.25,False,True,68418,96183,752,"[14, 406]","[407, 730]",498,2026-08-11T13:24:40+09:00
2274,1,no,T8,primary,no,25.125,28.625,-3.5,False,True,68418,96183,752,"[14, 406]","[407, 730]",499,2026-08-11T13:24:40+09:00
2274,1,no,T12,primary,no,25.25,28.75,-3.5,False,True,68418,96183,752,"[14, 406]","[407, 730]",501,2026-08-11T13:24:41+09:00
2274,1,no,T16,primary,no,25.0,28.875,-3.875,False,True,68418,96183,752,"[14, 406]","[407, 730]",500,2026-08-11T13:24:41+09:00
2274,1,no,T20,primary,no,25.0,29.875,-4.875,False,True,68418,96183,752,"[14, 406]","[407, 730]",501,2026-08-11T13:24:42+09:00
2274,1,no,T24,primary,no,24.875,30.25,-5.375,False,True,68418,96183,752,"[14, 406]","[407, 730]",500,2026-08-11T13:24:42+09:00
2274,1,no,T0,primary,no,24.875,28.5,-3.625,False,True,68418,96183,752,"[14, 406]","[407, 730]",499,2026-08-11T13:24:43+09:00
2274,1,no,Trel8,primary,no,24.875,28.25,-3.375,False,True,68418,96183,752,"[14, 406]","[407, 730]",501,2026-08-11T13:24:43+09:00
244,1,no,S,primary,no,24.75,29.375,-4.625,False,True,574057,109900,427,,,248,2026-08-11T13:24:44+09:00
244,1,no,M,primary,no,25.25,26.875,-1.625,False,True,574057,109900,821,"[14, 406]","[407, 799]",573,2026-08-11T13:24:44+09:00
244,1,no,T4,primary,no,25.25,29.0,-3.75,False,True,574057,109900,821,"[14, 406]","[407, 799]",574,2026-08-11T13:24:45+09:00
244,1,no,T8,primary,no,25.0,29.125,-4.125,False,True,574057,109900,821,"[14, 406]","[407, 799]",577,2026-08-11T13:24:46+09:00
244,1,no,T12,primary,no,25.25,29.25,-4.0,False,True,574057,109900,821,"[14, 406]","[407, 799]",576,2026-08-11T13:24:46+09:00
244,1,no,T16,primary,no,24.75,27.75,-3.0,False,True,574057,109900,821,"[14, 406]","[407, 799]",576,2026-08-11T13:24:47+09:00
244,1,no,T20,primary,no,25.0,27.375,-2.375,False,True,574057,109900,821,"[14, 406]","[407, 799]",573,2026-08-11T13:24:47+09:00
244,1,no,T24,primary,no,25.25,26.875,-1.625,False,True,574057,109900,821,"[14, 406]","[407, 799]",573,2026-08-11T13:24:48+09:00
244,1,no,T0,primary,no,24.875,29.0,-4.125,False,True,574057,109900,821,"[14, 406]","[407, 799]",574,2026-08-11T13:24:48+09:00
244,1,no,Trel8,primary,yes,24.875,24.75,0.125,False,False,574057,109900,821,"[14, 406]","[407, 799]",573,2026-08-11T13:24:49+09:00
2916,1,no,S,primary,no,24.875,25.625,-0.75,False,True,190788,63726,427,,,249,2026-08-11T13:24:49+09:00
2916,1,no,M,primary,no,24.5,25.625,-1.125,False,True,190788,63726,775,"[14, 406]","[407, 753]",524,2026-08-11T13:24:50+09:00
2916,1,no,T4,primary,no,24.625,25.625,-1.0,False,True,190788,63726,775,"[14, 406]","[407, 753]",524,2026-08-11T13:24:50+09:00
2916,1,no,T8,primary,no,24.625,25.75,-1.125,False,True,190788,63726,775,"[14, 406]","[407, 753]",526,2026-08-11T13:24:51+09:00
2916,1,no,T12,primary,no,24.5,25.625,-1.125,False,True,190788,63726,775,"[14, 406]","[407, 753]",527,2026-08-11T13:24:51+09:00
2916,1,no,T16,primary,no,24.375,25.375,-1.0,False,True,190788,63726,775,"[14, 406]","[407, 753]",527,2026-08-11T13:24:52+09:00
2916,1,no,T20,primary,no,24.25,25.125,-0.875,False,True,190788,63726,775,"[14, 406]","[407, 753]",527,2026-08-11T13:24:52+09:00
2916,1,no,T24,primary,no,24.25,25.375,-1.125,False,True,190788,63726,775,"[14, 406]","[407, 753]",527,2026-08-11T13:24:53+09:00
2916,1,no,T0,primary,no,24.25,25.125,-0.875,False,True,190788,63726,775,"[14, 406]","[407, 753]",524,2026-08-11T13:24:53+09:00
2916,1,no,Trel8,primary,no,24.75,25.375,-0.625,False,True,190788,63726,775,"[14, 406]","[407, 753]",526,2026-08-11T13:24:54+09:00
252,1,no,M,primary,no,24.875,25.5,-0.625,False,True,456178,168683,664,"[14, 406]","[407, 642]",430,2026-08-11T13:24:54+09:00
252,1,no,T4,primary,no,25.125,28.75,-3.625,False,True,456178,168683,664,"[14, 406]","[407, 642]",429,2026-08-11T13:24:55+09:00
252,1,no,T8,primary,no,25.0,28.625,-3.625,False,True,456178,168683,664,"[14, 406]","[407, 642]",430,2026-08-11T13:24:55+09:00
252,1,no,T12,primary,no,24.625,28.375,-3.75,False,True,456178,168683,664,"[14, 406]","[407, 642]",431,2026-08-11T13:24:56+09:00
252,1,no,T16,primary,no,24.625,27.625,-3.0,False,True,456178,168683,664,"[14, 406]","[407, 642]",432,2026-08-11T13:24:56+09:00
252,1,no,T20,primary,no,24.75,26.25,-1.5,False,True,456178,168683,664,"[14, 406]","[407, 642]",432,2026-08-11T13:24:57+09:00
252,1,no,T24,primary,no,25.0,25.625,-0.625,False,True,456178,168683,664,"[14, 406]","[407, 642]",432,2026-08-11T13:24:57+09:00
252,1,no,T0,primary,no,24.875,28.625,-3.75,False,True,456178,168683,664,"[14, 406]","[407, 642]",432,2026-08-11T13:24:58+09:00
252,1,no,Trel8,primary,yes,25.5,25.0,0.5,False,False,456178,168683,664,"[14, 406]","[407, 642]",433,2026-08-11T13:24:58+09:00
2148,1,no,M,primary,yes,27.125,24.625,2.5,False,False,156704,244815,776,"[14, 360]","[361, 753]",521,2026-08-11T13:24:59+09:00
2148,1,no,T4,primary,yes,25.5,25.0,0.5,False,False,156704,244815,776,"[14, 360]","[361, 753]",522,2026-08-11T13:24:59+09:00
2148,1,no,T8,primary,yes,25.375,24.875,0.5,False,False,156704,244815,776,"[14, 360]","[361, 753]",523,2026-08-11T13:25:00+09:00
2148,1,no,T12,primary,yes,25.5,25.0,0.5,False,False,156704,244815,776,"[14, 360]","[361, 753]",522,2026-08-11T13:25:00+09:00
2148,1,no,T16,primary,yes,25.25,24.625,0.625,False,False,156704,244815,776,"[14, 360]","[361, 753]",526,2026-08-11T13:25:01+09:00
2148,1,no,T20,primary,yes,26.375,24.75,1.625,False,False,156704,244815,776,"[14, 360]","[361, 753]",524,2026-08-11T13:25:01+09:00
2148,1,no,T24,primary,yes,27.375,24.75,2.625,False,False,156704,244815,776,"[14, 360]","[361, 753]",525,2026-08-11T13:25:02+09:00
2148,1,no,T0,primary,yes,25.5,24.75,0.75,False,False,156704,244815,776,"[14, 360]","[361, 753]",525,2026-08-11T13:25:02+09:00
2148,1,no,Trel8,primary,yes,27.875,24.5,3.375,False,False,156704,244815,776,"[14, 360]","[361, 753]",525,2026-08-11T13:25:03+09:00
538,1,no,S,primary,no,24.625,31.25,-6.625,False,True,498374,395801,427,,,249,2026-08-11T13:25:03+09:00
538,1,no,M,primary,no,24.5,26.875,-2.375,False,True,498374,395801,821,"[14, 406]","[407, 799]",573,2026-08-11T13:25:04+09:00
538,1,no,T4,primary,no,24.875,29.375,-4.5,False,True,498374,395801,821,"[14, 406]","[407, 799]",574,2026-08-11T13:25:04+09:00
538,1,no,T8,primary,no,24.75,29.75,-5.0,False,True,498374,395801,821,"[14, 406]","[407, 799]",577,2026-08-11T13:25:05+09:00
538,1,no,T12,primary,no,24.625,29.875,-5.25,False,True,498374,395801,821,"[14, 406]","[407, 799]",577,2026-08-11T13:25:05+09:00
538,1,no,T16,primary,no,24.875,29.375,-4.5,False,True,498374,395801,821,"[14, 406]","[407, 799]",577,2026-08-11T13:25:06+09:00
538,1,no,T20,primary,no,24.625,28.125,-3.5,False,True,498374,395801,821,"[14, 406]","[407, 799]",574,2026-08-11T13:25:06+09:00
538,1,no,T24,primary,no,24.5,27.125,-2.625,False,True,498374,395801,821,"[14, 406]","[407, 799]",574,2026-08-11T13:25:07+09:00
538,1,no,T0,primary,no,24.625,29.125,-4.5,False,True,498374,395801,821,"[14, 406]","[407, 799]",576,2026-08-11T13:25:08+09:00
538,1,no,Trel8,primary,no,24.875,24.875,0.0,True,True,498374,395801,821,"[14, 406]","[407, 799]",575,2026-08-11T13:25:08+09:00
1444,1,no,M,primary,yes,26.75,25.125,1.625,False,False,407386,160811,821,"[14, 406]","[407, 799]",572,2026-08-11T13:25:09+09:00
1444,1,no,T4,primary,no,24.875,25.75,-0.875,False,True,407386,160811,821,"[14, 406]","[407, 799]",571,2026-08-11T13:25:09+09:00
1444,1,no,T8,primary,no,24.625,25.5,-0.875,False,True,407386,160811,821,"[14, 406]","[407, 799]",577,2026-08-11T13:25:10+09:00
1444,1,no,T12,primary,no,24.75,25.375,-0.625,False,True,407386,160811,821,"[14, 406]","[407, 799]",575,2026-08-11T13:25:11+09:00
1444,1,no,T16,primary,no,24.25,25.0,-0.75,False,True,407386,160811,821,"[14, 406]","[407, 799]",576,2026-08-11T13:25:11+09:00
1444,1,no,T20,primary,no,25.125,25.125,0.0,True,True,407386,160811,821,"[14, 406]","[407, 799]",577,2026-08-11T13:25:12+09:00
1444,1,no,T24,primary,yes,27.0,25.375,1.625,False,False,407386,160811,821,"[14, 406]","[407, 799]",576,2026-08-11T13:25:12+09:00
1444,1,no,T0,primary,no,24.625,25.375,-0.75,False,True,407386,160811,821,"[14, 406]","[407, 799]",575,2026-08-11T13:25:13+09:00
1444,1,no,Trel8,primary,yes,27.375,25.375,2.0,False,False,407386,160811,821,"[14, 406]","[407, 799]",573,2026-08-11T13:25:13+09:00
1268,1,no,S,primary,no,25.5,25.5,0.0,True,True,244455,365611,428,,,246,2026-08-11T13:25:14+09:00
1268,1,no,M,primary,yes,26.0,24.75,1.25,False,False,244455,365611,799,"[14, 406]","[407, 776]",536,2026-08-11T13:25:14+09:00
1268,1,no,T4,primary,no,25.125,25.625,-0.5,False,True,244455,365611,799,"[14, 406]","[407, 776]",538,2026-08-11T13:25:15+09:00
1268,1,no,T8,primary,no,24.875,25.5,-0.625,False,True,244455,365611,799,"[14, 406]","[407, 776]",542,2026-08-11T13:25:15+09:00
1268,1,no,T12,primary,no,24.875,25.5,-0.625,False,True,244455,365611,799,"[14, 406]","[407, 776]",542,2026-08-11T13:25:16+09:00
1268,1,no,T16,primary,no,24.875,25.25,-0.375,False,True,244455,365611,799,"[14, 406]","[407, 776]",542,2026-08-11T13:25:16+09:00
1268,1,no,T20,primary,yes,25.375,24.875,0.5,False,False,244455,365611,799,"[14, 406]","[407, 776]",542,2026-08-11T13:25:17+09:00
1268,1,no,T24,primary,yes,26.25,25.0,1.25,False,False,244455,365611,799,"[14, 406]","[407, 776]",542,2026-08-11T13:25:18+09:00
1268,1,no,T0,primary,no,25.125,25.375,-0.25,False,True,244455,365611,799,"[14, 406]","[407, 776]",542,2026-08-11T13:25:18+09:00
1268,1,no,Trel8,primary,yes,27.375,25.125,2.25,False,False,244455,365611,799,"[14, 406]","[407, 776]",542,2026-08-11T13:25:19+09:00
1932,1,no,S,primary,no,24.5,27.875,-3.375,False,True,356424,487159,427,,,248,2026-08-11T13:25:19+09:00
1932,1,no,M,primary,no,24.75,25.125,-0.375,False,True,356424,487159,959,"[14, 406]","[407, 937]",704,2026-08-11T13:25:20+09:00
1932,1,no,T4,primary,no,24.75,27.625,-2.875,False,True,356424,487159,959,"[14, 406]","[407, 937]",705,2026-08-11T13:25:20+09:00
1932,1,no,T8,primary,no,24.625,27.625,-3.0,False,True,356424,487159,959,"[14, 406]","[407, 937]",706,2026-08-11T13:25:21+09:00
1932,1,no,T12,primary,no,24.5,27.625,-3.125,False,True,356424,487159,959,"[14, 406]","[407, 937]",707,2026-08-11T13:25:22+09:00
1932,1,no,T16,primary,no,24.5,27.5,-3.0,False,True,356424,487159,959,"[14, 406]","[407, 937]",705,2026-08-11T13:25:23+09:00
1932,1,no,T20,primary,no,24.625,26.0,-1.375,False,True,356424,487159,959,"[14, 406]","[407, 937]",707,2026-08-11T13:25:23+09:00
1932,1,no,T24,primary,no,24.625,25.25,-0.625,False,True,356424,487159,959,"[14, 406]","[407, 937]",705,2026-08-11T13:25:24+09:00
1932,1,no,T0,primary,no,24.375,27.375,-3.0,False,True,356424,487159,959,"[14, 406]","[407, 937]",704,2026-08-11T13:25:25+09:00
1932,1,no,Trel8,primary,yes,25.25,25.0,0.25,False,False,356424,487159,959,"[14, 406]","[407, 937]",704,2026-08-11T13:25:25+09:00
610,1,no,S,primary,no,24.75,29.875,-5.125,False,True,520524,170232,427,,,247,2026-08-11T13:25:26+09:00
610,1,no,M,primary,no,25.25,25.75,-0.5,False,True,520524,170232,821,"[14, 406]","[407, 799]",573,2026-08-11T13:25:26+09:00
610,1,no,T4,primary,no,24.75,29.25,-4.5,False,True,520524,170232,821,"[14, 406]","[407, 799]",573,2026-08-11T13:25:27+09:00
610,1,no,T8,primary,no,24.75,29.125,-4.375,False,True,520524,170232,821,"[14, 406]","[407, 799]",575,2026-08-11T13:25:27+09:00
610,1,no,T12,primary,no,25.0,29.125,-4.125,False,True,520524,170232,821,"[14, 406]","[407, 799]",577,2026-08-11T13:25:28+09:00
610,1,no,T16,primary,no,24.75,27.0,-2.25,False,True,520524,170232,821,"[14, 406]","[407, 799]",579,2026-08-11T13:25:29+09:00
610,1,no,T20,primary,no,24.75,24.875,-0.125,False,True,520524,170232,821,"[14, 406]","[407, 799]",578,2026-08-11T13:25:29+09:00
610,1,no,T24,primary,no,24.75,26.0,-1.25,False,True,520524,170232,821,"[14, 406]","[407, 799]",578,2026-08-11T13:25:30+09:00
610,1,no,T0,primary,no,24.5,29.0,-4.5,False,True,520524,170232,821,"[14, 406]","[407, 799]",578,2026-08-11T13:25:30+09:00
610,1,no,Trel8,primary,yes,27.0,25.125,1.875,False,False,520524,170232,821,"[14, 406]","[407, 799]",577,2026-08-11T13:25:31+09:00
594,1,no,M,primary,no,25.125,25.375,-0.25,False,True,557016,400815,798,"[14, 429]","[430, 776]",538,2026-08-11T13:25:31+09:00
594,1,no,T4,primary,no,24.875,26.125,-1.25,False,True,557016,400815,798,"[14, 429]","[430, 776]",538,2026-08-11T13:25:32+09:00
594,1,no,T8,primary,no,24.75,25.875,-1.125,False,True,557016,400815,798,"[14, 429]","[430, 776]",541,2026-08-11T13:25:33+09:00
594,1,no,T12,primary,no,24.75,25.75,-1.0,False,True,557016,400815,798,"[14, 429]","[430, 776]",541,2026-08-11T13:25:33+09:00
594,1,no,T16,primary,no,24.875,25.125,-0.25,False,True,557016,400815,798,"[14, 429]","[430, 776]",540,2026-08-11T13:25:34+09:00
594,1,no,T20,primary,yes,25.375,24.625,0.75,False,False,557016,400815,798,"[14, 429]","[430, 776]",543,2026-08-11T13:25:34+09:00
594,1,no,T24,primary,no,25.125,25.375,-0.25,False,True,557016,400815,798,"[14, 429]","[430, 776]",541,2026-08-11T13:25:35+09:00
594,1,no,T0,primary,no,24.625,26.0,-1.375,False,True,557016,400815,798,"[14, 429]","[430, 776]",539,2026-08-11T13:25:35+09:00
594,1,no,Trel8,primary,yes,25.75,24.5,1.25,False,False,557016,400815,798,"[14, 429]","[430, 776]",537,2026-08-11T13:25:36+09:00
2642,1,no,S,primary,no,24.875,30.75,-5.875,False,True,429706,440023,359,,,194,2026-08-11T13:25:36+09:00
2642,1,no,M,primary,no,25.25,25.25,0.0,True,True,429706,440023,560,"[14, 337]","[338, 537]",331,2026-08-11T13:25:36+09:00
2642,1,no,T4,primary,no,25.625,29.75,-4.125,False,True,429706,440023,560,"[14, 337]","[338, 537]",330,2026-08-11T13:25:37+09:00
2642,1,no,T8,primary,no,25.5,30.25,-4.75,False,True,429706,440023,560,"[14, 337]","[338, 537]",331,2026-08-11T13:25:37+09:00
2642,1,no,T12,primary,no,25.125,29.625,-4.5,False,True,429706,440023,560,"[14, 337]","[338, 537]",333,2026-08-11T13:25:37+09:00
2642,1,no,T16,primary,no,25.25,27.5,-2.25,False,True,429706,440023,560,"[14, 337]","[338, 537]",334,2026-08-11T13:25:38+09:00
2642,1,no,T20,primary,no,25.5,26.875,-1.375,False,True,429706,440023,560,"[14, 337]","[338, 537]",334,2026-08-11T13:25:38+09:00
2642,1,no,T24,primary,yes,25.375,25.25,0.125,False,False,429706,440023,560,"[14, 337]","[338, 537]",333,2026-08-11T13:25:38+09:00
2642,1,no,T0,primary,no,25.25,29.75,-4.5,False,True,429706,440023,560,"[14, 337]","[338, 537]",332,2026-08-11T13:25:39+09:00
2642,1,no,Trel8,primary,yes,26.0,25.25,0.75,False,False,429706,440023,560,"[14, 337]","[338, 537]",331,2026-08-11T13:25:39+09:00
1470,1,no,S,primary,no,25.25,28.25,-3.0,False,True,391735,98029,382,,,204,2026-08-11T13:25:39+09:00
1470,1,no,M,primary,no,25.25,26.5,-1.25,False,True,391735,98029,730,"[14, 360]","[361, 707]",477,2026-08-11T13:25:40+09:00
1470,1,no,T4,primary,no,25.625,27.625,-2.0,False,True,391735,98029,730,"[14, 360]","[361, 707]",475,2026-08-11T13:25:40+09:00
1470,1,no,T8,primary,no,25.25,27.375,-2.125,False,True,391735,98029,730,"[14, 360]","[361, 707]",480,2026-08-11T13:25:41+09:00
1470,1,no,T12,primary,no,25.375,27.5,-2.125,False,True,391735,98029,730,"[14, 360]","[361, 707]",481,2026-08-11T13:25:41+09:00
1470,1,no,T16,primary,no,25.75,26.75,-1.0,False,True,391735,98029,730,"[14, 360]","[361, 707]",481,2026-08-11T13:25:42+09:00
1470,1,no,T20,primary,no,25.75,26.0,-0.25,False,True,391735,98029,730,"[14, 360]","[361, 707]",482,2026-08-11T13:25:42+09:00
1470,1,no,T24,primary,no,25.375,26.625,-1.25,False,True,391735,98029,730,"[14, 360]","[361, 707]",482,2026-08-11T13:25:43+09:00
1470,1,no,T0,primary,no,25.25,27.5,-2.25,False,True,391735,98029,730,"[14, 360]","[361, 707]",481,2026-08-11T13:25:43+09:00
1470,1,no,Trel8,primary,yes,26.5,25.125,1.375,False,False,391735,98029,730,"[14, 360]","[361, 707]",481,2026-08-11T13:25:44+09:00
2640,1,no,M,primary,no,25.0,26.0,-1.0,False,True,16451,95062,915,"[14, 499]","[500, 892]",666,2026-08-11T13:25:44+09:00
2640,1,no,T4,primary,no,25.5,27.0,-1.5,False,True,16451,95062,915,"[14, 499]","[500, 892]",666,2026-08-11T13:25:45+09:00
2640,1,no,T8,primary,no,25.25,26.875,-1.625,False,True,16451,95062,915,"[14, 499]","[500, 892]",667,2026-08-11T13:25:46+09:00
2640,1,no,T12,primary,no,25.375,26.75,-1.375,False,True,16451,95062,915,"[14, 499]","[500, 892]",669,2026-08-11T13:25:46+09:00
2640,1,no,T16,primary,no,25.5,27.125,-1.625,False,True,16451,95062,915,"[14, 499]","[500, 892]",668,2026-08-11T13:25:47+09:00
2640,1,no,T20,primary,no,25.625,26.875,-1.25,False,True,16451,95062,915,"[14, 499]","[500, 892]",669,2026-08-11T13:25:48+09:00
2640,1,no,T24,primary,no,25.0,26.0,-1.0,False,True,16451,95062,915,"[14, 499]","[500, 892]",667,2026-08-11T13:25:48+09:00
2640,1,no,T0,primary,no,25.5,27.0,-1.5,False,True,16451,95062,915,"[14, 499]","[500, 892]",670,2026-08-11T13:25:49+09:00
2640,1,no,Trel8,primary,yes,25.875,24.875,1.0,False,False,16451,95062,915,"[14, 499]","[500, 892]",668,2026-08-11T13:25:50+09:00
2164,1,no,S,primary,no,24.75,29.625,-4.875,False,True,155131,576652,428,,,247,2026-08-11T13:25:50+09:00
2164,1,no,M,primary,no,24.375,27.625,-3.25,False,True,155131,576652,776,"[14, 406]","[407, 753]",521,2026-08-11T13:25:51+09:00
2164,1,no,T4,primary,no,25.25,28.125,-2.875,False,True,155131,576652,776,"[14, 406]","[407, 753]",523,2026-08-11T13:25:51+09:00
2164,1,no,T8,primary,no,25.0,28.125,-3.125,False,True,155131,576652,776,"[14, 406]","[407, 753]",525,2026-08-11T13:25:52+09:00
2164,1,no,T12,primary,no,25.0,28.0,-3.0,False,True,155131,576652,776,"[14, 406]","[407, 753]",523,2026-08-11T13:25:52+09:00
2164,1,no,T16,primary,no,25.125,27.375,-2.25,False,True,155131,576652,776,"[14, 406]","[407, 753]",524,2026-08-11T13:25:53+09:00
2164,1,no,T20,primary,no,24.75,27.875,-3.125,False,True,155131,576652,776,"[14, 406]","[407, 753]",523,2026-08-11T13:25:53+09:00
2164,1,no,T24,primary,no,24.625,27.625,-3.0,False,True,155131,576652,776,"[14, 406]","[407, 753]",523,2026-08-11T13:25:54+09:00
2164,1,no,T0,primary,no,24.875,28.0,-3.125,False,True,155131,576652,776,"[14, 406]","[407, 753]",527,2026-08-11T13:25:54+09:00
2164,1,no,Trel8,primary,yes,25.0,24.875,0.125,False,False,155131,576652,776,"[14, 406]","[407, 753]",527,2026-08-11T13:25:55+09:00
1942,1,no,M,primary,yes,25.875,24.75,1.125,False,False,172342,541562,683,"[14, 360]","[361, 661]",447,2026-08-11T13:25:55+09:00
1942,1,no,T4,primary,no,24.875,26.625,-1.75,False,True,172342,541562,683,"[14, 360]","[361, 661]",444,2026-08-11T13:25:56+09:00
1942,1,no,T8,primary,no,24.625,26.625,-2.0,False,True,172342,541562,683,"[14, 360]","[361, 661]",446,2026-08-11T13:25:56+09:00
1942,1,no,T12,primary,no,24.75,26.625,-1.875,False,True,172342,541562,683,"[14, 360]","[361, 661]",448,2026-08-11T13:25:57+09:00
1942,1,no,T16,primary,no,24.375,25.875,-1.5,False,True,172342,541562,683,"[14, 360]","[361, 661]",447,2026-08-11T13:25:57+09:00
1942,1,no,T20,primary,yes,25.0,24.75,0.25,False,False,172342,541562,683,"[14, 360]","[361, 661]",448,2026-08-11T13:25:57+09:00
1942,1,no,T24,primary,yes,26.0,24.875,1.125,False,False,172342,541562,683,"[14, 360]","[361, 661]",446,2026-08-11T13:25:58+09:00
1942,1,no,T0,primary,no,24.625,26.5,-1.875,False,True,172342,541562,683,"[14, 360]","[361, 661]",445,2026-08-11T13:25:58+09:00
1942,1,no,Trel8,primary,yes,26.875,24.875,2.0,False,False,172342,541562,683,"[14, 360]","[361, 661]",445,2026-08-11T13:25:59+09:00
832,1,no,S,primary,no,24.875,29.125,-4.25,False,True,167110,532129,382,,,204,2026-08-11T13:25:59+09:00
832,1,no,M,primary,no,25.25,26.625,-1.375,False,True,167110,532129,730,"[14, 360]","[361, 707]",477,2026-08-11T13:26:00+09:00
832,1,no,T4,primary,no,25.5,28.125,-2.625,False,True,167110,532129,730,"[14, 360]","[361, 707]",477,2026-08-11T13:26:00+09:00
832,1,no,T8,primary,no,25.375,28.375,-3.0,False,True,167110,532129,730,"[14, 360]","[361, 707]",481,2026-08-11T13:26:00+09:00
832,1,no,T12,primary,no,25.375,28.125,-2.75,False,True,167110,532129,730,"[14, 360]","[361, 707]",481,2026-08-11T13:26:01+09:00
832,1,no,T16,primary,no,25.375,26.875,-1.5,False,True,167110,532129,730,"[14, 360]","[361, 707]",480,2026-08-11T13:26:01+09:00
832,1,no,T20,primary,no,25.375,26.375,-1.0,False,True,167110,532129,730,"[14, 360]","[361, 707]",480,2026-08-11T13:26:02+09:00
832,1,no,T24,primary,no,25.375,26.625,-1.25,False,True,167110,532129,730,"[14, 360]","[361, 707]",481,2026-08-11T13:26:02+09:00
832,1,no,T0,primary,no,25.25,28.0,-2.75,False,True,167110,532129,730,"[14, 360]","[361, 707]",481,2026-08-11T13:26:03+09:00
832,1,no,Trel8,primary,yes,26.125,24.5,1.625,False,False,167110,532129,730,"[14, 360]","[361, 707]",481,2026-08-11T13:26:03+09:00
320,1,no,M,primary,no,24.75,25.625,-0.875,False,True,538236,436808,752,"[14, 360]","[361, 730]",490,2026-08-11T13:26:04+09:00
320,1,no,T4,primary,no,25.375,28.75,-3.375,False,True,538236,436808,752,"[14, 360]","[361, 730]",488,2026-08-11T13:26:04+09:00
320,1,no,T8,primary,no,25.125,28.625,-3.5,False,True,538236,436808,752,"[14, 360]","[361, 730]",491,2026-08-11T13:26:05+09:00
320,1,no,T12,primary,no,25.0,28.25,-3.25,False,True,538236,436808,752,"[14, 360]","[361, 730]",491,2026-08-11T13:26:05+09:00
320,1,no,T16,primary,no,24.625,27.625,-3.0,False,True,538236,436808,752,"[14, 360]","[361, 730]",491,2026-08-11T13:26:06+09:00
320,1,no,T20,primary,no,24.5,26.75,-2.25,False,True,538236,436808,752,"[14, 360]","[361, 730]",492,2026-08-11T13:26:06+09:00
320,1,no,T24,primary,no,24.875,25.875,-1.0,False,True,538236,436808,752,"[14, 360]","[361, 730]",493,2026-08-11T13:26:07+09:00
320,1,no,T0,primary,no,25.125,28.375,-3.25,False,True,538236,436808,752,"[14, 360]","[361, 730]",494,2026-08-11T13:26:07+09:00
320,1,no,Trel8,primary,yes,25.625,25.0,0.625,False,False,538236,436808,752,"[14, 360]","[361, 730]",493,2026-08-11T13:26:08+09:00
266,1,no,M,primary,no,24.875,25.375,-0.5,False,True,454642,514016,508,"[14, 249]","[250, 485]",296,2026-08-11T13:26:08+09:00
266,1,no,T4,primary,no,25.375,26.875,-1.5,False,True,454642,514016,508,"[14, 249]","[250, 485]",297,2026-08-11T13:26:08+09:00
266,1,no,T8,primary,no,25.125,26.75,-1.625,False,True,454642,514016,508,"[14, 249]","[250, 485]",295,2026-08-11T13:26:09+09:00
266,1,no,T12,primary,no,25.0,26.875,-1.875,False,True,454642,514016,508,"[14, 249]","[250, 485]",297,2026-08-11T13:26:09+09:00
266,1,no,T16,primary,no,24.625,26.125,-1.5,False,True,454642,514016,508,"[14, 249]","[250, 485]",298,2026-08-11T13:26:09+09:00
266,1,no,T20,primary,no,24.875,26.0,-1.125,False,True,454642,514016,508,"[14, 249]","[250, 485]",298,2026-08-11T13:26:10+09:00
266,1,no,T24,primary,no,25.0,25.625,-0.625,False,True,454642,514016,508,"[14, 249]","[250, 485]",297,2026-08-11T13:26:10+09:00
266,1,no,T0,primary,no,25.25,26.625,-1.375,False,True,454642,514016,508,"[14, 249]","[250, 485]",298,2026-08-11T13:26:10+09:00
266,1,no,Trel8,primary,no,25.25,25.375,-0.125,False,True,454642,514016,508,"[14, 249]","[250, 485]",298,2026-08-11T13:26:11+09:00
1462,1,no,S,primary,no,25.0,28.25,-3.25,False,True,115626,340588,427,,,248,2026-08-11T13:26:11+09:00
1462,1,no,M,primary,no,24.875,27.5,-2.625,False,True,115626,340588,821,"[14, 406]","[407, 799]",573,2026-08-11T13:26:11+09:00
1462,1,no,T4,primary,no,25.0,26.875,-1.875,False,True,115626,340588,821,"[14, 406]","[407, 799]",577,2026-08-11T13:26:12+09:00
1462,1,no,T8,primary,no,24.75,26.875,-2.125,False,True,115626,340588,821,"[14, 406]","[407, 799]",578,2026-08-11T13:26:13+09:00
1462,1,no,T12,primary,no,25.0,26.875,-1.875,False,True,115626,340588,821,"[14, 406]","[407, 799]",577,2026-08-11T13:26:13+09:00
1462,1,no,T16,primary,no,24.75,27.25,-2.5,False,True,115626,340588,821,"[14, 406]","[407, 799]",576,2026-08-11T13:26:14+09:00
1462,1,no,T20,primary,no,24.75,27.5,-2.75,False,True,115626,340588,821,"[14, 406]","[407, 799]",575,2026-08-11T13:26:14+09:00
1462,1,no,T24,primary,no,25.125,27.75,-2.625,False,True,115626,340588,821,"[14, 406]","[407, 799]",576,2026-08-11T13:26:15+09:00
1462,1,no,T0,primary,no,24.875,27.375,-2.5,False,True,115626,340588,821,"[14, 406]","[407, 799]",578,2026-08-11T13:26:15+09:00
1462,1,no,Trel8,primary,yes,26.125,24.75,1.375,False,False,115626,340588,821,"[14, 406]","[407, 799]",575,2026-08-11T13:26:16+09:00
2396,1,no,S,primary,no,25.125,28.75,-3.625,False,True,288576,368302,381,,,205,2026-08-11T13:26:16+09:00
2396,1,no,M,primary,no,24.375,28.25,-3.875,False,True,288576,368302,775,"[14, 360]","[361, 753]",523,2026-08-11T13:26:17+09:00
2396,1,no,T4,primary,no,25.25,27.625,-2.375,False,True,288576,368302,775,"[14, 360]","[361, 753]",522,2026-08-11T13:26:17+09:00
2396,1,no,T8,primary,no,25.0,27.5,-2.5,False,True,288576,368302,775,"[14, 360]","[361, 753]",524,2026-08-11T13:26:18+09:00
2396,1,no,T12,primary,no,25.125,27.5,-2.375,False,True,288576,368302,775,"[14, 360]","[361, 753]",524,2026-08-11T13:26:18+09:00
2396,1,no,T16,primary,no,24.875,27.25,-2.375,False,True,288576,368302,775,"[14, 360]","[361, 753]",526,2026-08-11T13:26:19+09:00
2396,1,no,T20,primary,no,24.375,27.375,-3.0,False,True,288576,368302,775,"[14, 360]","[361, 753]",528,2026-08-11T13:26:19+09:00
2396,1,no,T24,primary,no,24.5,28.375,-3.875,False,True,288576,368302,775,"[14, 360]","[361, 753]",530,2026-08-11T13:26:20+09:00
2396,1,no,T0,primary,no,24.75,27.5,-2.75,False,True,288576,368302,775,"[14, 360]","[361, 753]",528,2026-08-11T13:26:21+09:00
2396,1,no,Trel8,primary,no,24.875,25.5,-0.625,False,True,288576,368302,775,"[14, 360]","[361, 753]",529,2026-08-11T13:26:21+09:00
2306,1,no,S,primary,no,24.875,29.5,-4.625,False,True,579277,77061,381,,,206,2026-08-11T13:26:21+09:00
2306,1,no,M,primary,no,24.875,26.375,-1.5,False,True,579277,77061,729,"[14, 360]","[361, 707]",479,2026-08-11T13:26:22+09:00
2306,1,no,T4,primary,no,25.25,28.75,-3.5,False,True,579277,77061,729,"[14, 360]","[361, 707]",480,2026-08-11T13:26:22+09:00
2306,1,no,T8,primary,no,25.125,28.75,-3.625,False,True,579277,77061,729,"[14, 360]","[361, 707]",481,2026-08-11T13:26:23+09:00
2306,1,no,T12,primary,no,25.25,28.625,-3.375,False,True,579277,77061,729,"[14, 360]","[361, 707]",482,2026-08-11T13:26:23+09:00
2306,1,no,T16,primary,no,24.875,28.0,-3.125,False,True,579277,77061,729,"[14, 360]","[361, 707]",481,2026-08-11T13:26:24+09:00
2306,1,no,T20,primary,no,24.375,26.25,-1.875,False,True,579277,77061,729,"[14, 360]","[361, 707]",481,2026-08-11T13:26:24+09:00
2306,1,no,T24,primary,no,24.875,26.25,-1.375,False,True,579277,77061,729,"[14, 360]","[361, 707]",480,2026-08-11T13:26:25+09:00
2306,1,no,T0,primary,no,25.0,28.625,-3.625,False,True,579277,77061,729,"[14, 360]","[361, 707]",480,2026-08-11T13:26:25+09:00
2306,1,no,Trel8,primary,no,25.0,25.375,-0.375,False,True,579277,77061,729,"[14, 360]","[361, 707]",480,2026-08-11T13:26:26+09:00
1210,1,no,M,primary,yes,25.625,25.5,0.125,False,False,124930,502749,684,"[14, 360]","[361, 661]",444,2026-08-11T13:26:26+09:00
1210,1,no,T4,primary,no,25.5,25.75,-0.25,False,True,124930,502749,684,"[14, 360]","[361, 661]",443,2026-08-11T13:26:27+09:00
1210,1,no,T8,primary,no,25.375,25.75,-0.375,False,True,124930,502749,684,"[14, 360]","[361, 661]",445,2026-08-11T13:26:27+09:00
1210,1,no,T12,primary,no,25.375,25.75,-0.375,False,True,124930,502749,684,"[14, 360]","[361, 661]",445,2026-08-11T13:26:27+09:00
1210,1,no,T16,primary,no,25.375,26.25,-0.875,False,True,124930,502749,684,"[14, 360]","[361, 661]",446,2026-08-11T13:26:28+09:00
1210,1,no,T20,primary,no,25.5,26.625,-1.125,False,True,124930,502749,684,"[14, 360]","[361, 661]",446,2026-08-11T13:26:28+09:00
1210,1,no,T24,primary,yes,25.75,25.5,0.25,False,False,124930,502749,684,"[14, 360]","[361, 661]",446,2026-08-11T13:26:29+09:00
1210,1,no,T0,primary,no,25.5,25.625,-0.125,False,True,124930,502749,684,"[14, 360]","[361, 661]",447,2026-08-11T13:26:29+09:00
1210,1,no,Trel8,primary,yes,26.0,25.0,1.0,False,False,124930,502749,684,"[14, 360]","[361, 661]",445,2026-08-11T13:26:30+09:00
1072,1,no,S,primary,no,24.75,29.25,-4.5,False,True,134075,34900,427,,,248,2026-08-11T13:26:30+09:00
1072,1,no,M,primary,no,24.875,25.5,-0.625,False,True,134075,34900,775,"[14, 406]","[407, 753]",522,2026-08-11T13:26:31+09:00
1072,1,no,T4,primary,no,25.375,27.875,-2.5,False,True,134075,34900,775,"[14, 406]","[407, 753]",524,2026-08-11T13:26:31+09:00
1072,1,no,T8,primary,no,25.125,27.875,-2.75,False,True,134075,34900,775,"[14, 406]","[407, 753]",526,2026-08-11T13:26:32+09:00
1072,1,no,T12,primary,no,25.0,27.75,-2.75,False,True,134075,34900,775,"[14, 406]","[407, 753]",527,2026-08-11T13:26:32+09:00
1072,1,no,T16,primary,no,24.625,28.0,-3.375,False,True,134075,34900,775,"[14, 406]","[407, 753]",530,2026-08-11T13:26:33+09:00
1072,1,no,T20,primary,no,24.375,26.0,-1.625,False,True,134075,34900,775,"[14, 406]","[407, 753]",527,2026-08-11T13:26:33+09:00
1072,1,no,T24,primary,no,25.0,25.5,-0.5,False,True,134075,34900,775,"[14, 406]","[407, 753]",529,2026-08-11T13:26:34+09:00
1072,1,no,T0,primary,no,24.875,27.875,-3.0,False,True,134075,34900,775,"[14, 406]","[407, 753]",527,2026-08-11T13:26:34+09:00
1072,1,no,Trel8,primary,yes,25.625,25.0,0.625,False,False,134075,34900,775,"[14, 406]","[407, 753]",529,2026-08-11T13:26:35+09:00
2098,1,no,S,primary,no,25.0,26.375,-1.375,False,True,114941,563275,381,,,206,2026-08-11T13:26:35+09:00
2098,1,no,M,primary,no,24.0,25.125,-1.125,False,True,114941,563275,683,"[14, 360]","[361, 661]",444,2026-08-11T13:26:35+09:00
2098,1,no,T4,primary,no,24.875,25.75,-0.875,False,True,114941,563275,683,"[14, 360]","[361, 661]",444,2026-08-11T13:26:36+09:00
2098,1,no,T8,primary,no,24.875,25.75,-0.875,False,True,114941,563275,683,"[14, 360]","[361, 661]",447,2026-08-11T13:26:36+09:00
2098,1,no,T12,primary,no,24.625,25.625,-1.0,False,True,114941,563275,683,"[14, 360]","[361, 661]",445,2026-08-11T13:26:37+09:00
2098,1,no,T16,primary,no,24.0,24.875,-0.875,False,True,114941,563275,683,"[14, 360]","[361, 661]",445,2026-08-11T13:26:37+09:00
2098,1,no,T20,primary,no,24.0,25.0,-1.0,False,True,114941,563275,683,"[14, 360]","[361, 661]",446,2026-08-11T13:26:38+09:00
2098,1,no,T24,primary,no,23.875,25.0,-1.125,False,True,114941,563275,683,"[14, 360]","[361, 661]",446,2026-08-11T13:26:38+09:00
2098,1,no,T0,primary,no,24.5,25.625,-1.125,False,True,114941,563275,683,"[14, 360]","[361, 661]",445,2026-08-11T13:26:39+09:00
2098,1,no,Trel8,primary,no,24.75,25.875,-1.125,False,True,114941,563275,683,"[14, 360]","[361, 661]",446,2026-08-11T13:26:39+09:00
2912,1,no,S,primary,no,24.625,30.875,-6.25,False,True,190788,35282,427,,,248,2026-08-11T13:26:39+09:00
2912,1,no,M,primary,no,24.875,26.5,-1.625,False,True,190788,35282,775,"[14, 406]","[407, 753]",521,2026-08-11T13:26:40+09:00
2912,1,no,T4,primary,no,25.375,28.25,-2.875,False,True,190788,35282,775,"[14, 406]","[407, 753]",523,2026-08-11T13:26:40+09:00
2912,1,no,T8,primary,no,25.25,28.375,-3.125,False,True,190788,35282,775,"[14, 406]","[407, 753]",525,2026-08-11T13:26:41+09:00
2912,1,no,T12,primary,no,25.375,28.125,-2.75,False,True,190788,35282,775,"[14, 406]","[407, 753]",526,2026-08-11T13:26:41+09:00
2912,1,no,T16,primary,no,25.0,27.125,-2.125,False,True,190788,35282,775,"[14, 406]","[407, 753]",528,2026-08-11T13:26:42+09:00
2912,1,no,T20,primary,no,25.0,25.625,-0.625,False,True,190788,35282,775,"[14, 406]","[407, 753]",526,2026-08-11T13:26:43+09:00
2912,1,no,T24,primary,no,24.625,26.625,-2.0,False,True,190788,35282,775,"[14, 406]","[407, 753]",525,2026-08-11T13:26:43+09:00
2912,1,no,T0,primary,no,24.875,28.25,-3.375,False,True,190788,35282,775,"[14, 406]","[407, 753]",525,2026-08-11T13:26:44+09:00
2912,1,no,Trel8,primary,yes,26.625,24.5,2.125,False,False,190788,35282,775,"[14, 406]","[407, 753]",525,2026-08-11T13:26:44+09:00
534,1,no,S,primary,no,25.125,25.625,-0.5,False,True,427113,419860,427,,,247,2026-08-11T13:26:44+09:00
534,1,no,M,primary,no,24.625,25.0,-0.375,False,True,427113,419860,821,"[14, 406]","[407, 799]",573,2026-08-11T13:26:45+09:00
534,1,no,T4,primary,no,25.0,25.375,-0.375,False,True,427113,419860,821,"[14, 406]","[407, 799]",575,2026-08-11T13:26:46+09:00
534,1,no,T8,primary,no,24.875,25.375,-0.5,False,True,427113,419860,821,"[14, 406]","[407, 799]",578,2026-08-11T13:26:46+09:00
534,1,no,T12,primary,no,24.75,25.25,-0.5,False,True,427113,419860,821,"[14, 406]","[407, 799]",578,2026-08-11T13:26:47+09:00
534,1,no,T16,primary,no,24.75,25.75,-1.0,False,True,427113,419860,821,"[14, 406]","[407, 799]",579,2026-08-11T13:26:47+09:00
534,1,no,T20,primary,no,24.625,25.25,-0.625,False,True,427113,419860,821,"[14, 406]","[407, 799]",578,2026-08-11T13:26:48+09:00
534,1,no,T24,primary,no,24.75,25.125,-0.375,False,True,427113,419860,821,"[14, 406]","[407, 799]",579,2026-08-11T13:26:48+09:00
534,1,no,T0,primary,no,25.0,25.5,-0.5,False,True,427113,419860,821,"[14, 406]","[407, 799]",578,2026-08-11T13:26:49+09:00
534,1,no,Trel8,primary,yes,25.375,24.75,0.625,False,False,427113,419860,821,"[14, 406]","[407, 799]",576,2026-08-11T13:26:50+09:00
2194,1,no,M,primary,yes,23.75,23.5,0.25,False,False,372819,569839,600,"[14, 360]","[361, 578]",356,2026-08-11T13:26:50+09:00
2194,1,no,T4,primary,no,24.625,25.75,-1.125,False,True,372819,569839,600,"[14, 360]","[361, 578]",355,2026-08-11T13:26:50+09:00
2194,1,no,T8,primary,no,24.375,25.625,-1.25,False,True,372819,569839,600,"[14, 360]","[361, 578]",355,2026-08-11T13:26:51+09:00
2194,1,no,T12,primary,no,24.25,25.5,-1.25,False,True,372819,569839,600,"[14, 360]","[361, 578]",359,2026-08-11T13:26:51+09:00
2194,1,no,T16,primary,no,23.875,24.875,-1.0,False,True,372819,569839,600,"[14, 360]","[361, 578]",358,2026-08-11T13:26:51+09:00
2194,1,no,T20,primary,no,23.625,23.75,-0.125,False,True,372819,569839,600,"[14, 360]","[361, 578]",358,2026-08-11T13:26:52+09:00
2194,1,no,T24,primary,no,23.875,24.0,-0.125,False,True,372819,569839,600,"[14, 360]","[361, 578]",357,2026-08-11T13:26:52+09:00
2194,1,no,T0,primary,no,24.625,25.875,-1.25,False,True,372819,569839,600,"[14, 360]","[361, 578]",359,2026-08-11T13:26:53+09:00
2194,1,no,Trel8,primary,yes,25.875,24.5,1.375,False,False,372819,569839,600,"[14, 360]","[361, 578]",358,2026-08-11T13:26:53+09:00
888,1,no,M,primary,no,24.875,25.625,-0.75,False,True,87435,421499,683,"[14, 314]","[315, 661]",443,2026-08-11T13:26:53+09:00
888,1,no,T4,primary,no,24.875,26.125,-1.25,False,True,87435,421499,683,"[14, 314]","[315, 661]",444,2026-08-11T13:26:54+09:00
888,1,no,T8,primary,no,24.625,26.125,-1.5,False,True,87435,421499,683,"[14, 314]","[315, 661]",445,2026-08-11T13:26:54+09:00
888,1,no,T12,primary,no,24.875,26.125,-1.25,False,True,87435,421499,683,"[14, 314]","[315, 661]",447,2026-08-11T13:26:55+09:00
888,1,no,T16,primary,no,24.625,26.0,-1.375,False,True,87435,421499,683,"[14, 314]","[315, 661]",446,2026-08-11T13:26:55+09:00
888,1,no,T20,primary,no,24.875,25.75,-0.875,False,True,87435,421499,683,"[14, 314]","[315, 661]",446,2026-08-11T13:26:56+09:00
888,1,no,T24,primary,no,24.875,25.75,-0.875,False,True,87435,421499,683,"[14, 314]","[315, 661]",444,2026-08-11T13:26:56+09:00
888,1,no,T0,primary,no,24.875,26.125,-1.25,False,True,87435,421499,683,"[14, 314]","[315, 661]",444,2026-08-11T13:26:56+09:00
888,1,no,Trel8,primary,no,25.5,25.875,-0.375,False,True,87435,421499,683,"[14, 314]","[315, 661]",445,2026-08-11T13:26:57+09:00
184,1,no,M,primary,no,25.25,25.625,-0.375,False,True,291936,70321,959,"[14, 406]","[407, 937]",701,2026-08-11T13:26:58+09:00
184,1,no,T4,primary,no,25.0,27.125,-2.125,False,True,291936,70321,959,"[14, 406]","[407, 937]",705,2026-08-11T13:26:58+09:00
184,1,no,T8,primary,no,24.625,27.0,-2.375,False,True,291936,70321,959,"[14, 406]","[407, 937]",703,2026-08-11T13:26:59+09:00
184,1,no,T12,primary,no,24.625,27.0,-2.375,False,True,291936,70321,959,"[14, 406]","[407, 937]",705,2026-08-11T13:27:00+09:00
184,1,no,T16,primary,no,24.375,26.125,-1.75,False,True,291936,70321,959,"[14, 406]","[407, 937]",705,2026-08-11T13:27:01+09:00
184,1,no,T20,primary,no,24.25,25.125,-0.875,False,True,291936,70321,959,"[14, 406]","[407, 937]",705,2026-08-11T13:27:01+09:00
184,1,no,T24,primary,no,25.0,25.75,-0.75,False,True,291936,70321,959,"[14, 406]","[407, 937]",705,2026-08-11T13:27:02+09:00
184,1,no,T0,primary,no,24.625,27.25,-2.625,False,True,291936,70321,959,"[14, 406]","[407, 937]",705,2026-08-11T13:27:03+09:00
184,1,no,Trel8,primary,yes,25.875,25.25,0.625,False,False,291936,70321,959,"[14, 406]","[407, 937]",706,2026-08-11T13:27:03+09:00
1744,1,no,M,primary,no,25.625,25.625,0.0,True,True,343401,510585,491,"[14, 249]","[250, 467]",284,2026-08-11T13:27:04+09:00
1744,1,no,T4,primary,no,25.625,25.875,-0.25,False,True,343401,510585,491,"[14, 249]","[250, 467]",282,2026-08-11T13:27:04+09:00
1744,1,no,T8,primary,no,25.375,25.875,-0.5,False,True,343401,510585,491,"[14, 249]","[250, 467]",282,2026-08-11T13:27:04+09:00
1744,1,no,T12,primary,no,25.5,25.75,-0.25,False,True,343401,510585,491,"[14, 249]","[250, 467]",281,2026-08-11T13:27:05+09:00
1744,1,no,T16,primary,no,25.0,25.625,-0.625,False,True,343401,510585,491,"[14, 249]","[250, 467]",285,2026-08-11T13:27:05+09:00
1744,1,no,T20,primary,yes,25.375,25.25,0.125,False,False,343401,510585,491,"[14, 249]","[250, 467]",284,2026-08-11T13:27:05+09:00
1744,1,no,T24,primary,no,25.625,25.75,-0.125,False,True,343401,510585,491,"[14, 249]","[250, 467]",284,2026-08-11T13:27:05+09:00
1744,1,no,T0,primary,no,25.5,26.0,-0.5,False,True,343401,510585,491,"[14, 249]","[250, 467]",284,2026-08-11T13:27:06+09:00
1744,1,no,Trel8,primary,yes,27.875,25.125,2.75,False,False,343401,510585,491,"[14, 249]","[250, 467]",283,2026-08-11T13:27:06+09:00
1114,1,no,S,primary,no,24.625,28.0,-3.375,False,True,378873,64703,381,,,204,2026-08-11T13:27:06+09:00
1114,1,no,M,primary,no,24.75,24.75,0.0,True,True,378873,64703,775,"[14, 360]","[361, 753]",523,2026-08-11T13:27:07+09:00
1114,1,no,T4,primary,no,24.875,27.125,-2.25,False,True,378873,64703,775,"[14, 360]","[361, 753]",524,2026-08-11T13:27:07+09:00
1114,1,no,T8,primary,no,24.75,27.125,-2.375,False,True,378873,64703,775,"[14, 360]","[361, 753]",526,2026-08-11T13:27:08+09:00
1114,1,no,T12,primary,no,24.75,26.875,-2.125,False,True,378873,64703,775,"[14, 360]","[361, 753]",528,2026-08-11T13:27:08+09:00
1114,1,no,T16,primary,no,24.625,26.125,-1.5,False,True,378873,64703,775,"[14, 360]","[361, 753]",528,2026-08-11T13:27:09+09:00
1114,1,no,T20,primary,no,24.875,25.75,-0.875,False,True,378873,64703,775,"[14, 360]","[361, 753]",524,2026-08-11T13:27:09+09:00
1114,1,no,T24,primary,no,25.0,25.125,-0.125,False,True,378873,64703,775,"[14, 360]","[361, 753]",525,2026-08-11T13:27:10+09:00
1114,1,no,T0,primary,no,24.625,27.0,-2.375,False,True,378873,64703,775,"[14, 360]","[361, 753]",527,2026-08-11T13:27:10+09:00
1114,1,no,Trel8,primary,yes,25.625,24.625,1.0,False,False,378873,64703,775,"[14, 360]","[361, 753]",526,2026-08-11T13:27:11+09:00
2296,1,no,M,primary,no,24.5,26.625,-2.125,False,True,390157,409856,729,"[14, 406]","[407, 707]",487,2026-08-11T13:27:11+09:00
2296,1,no,T4,primary,no,25.25,28.5,-3.25,False,True,390157,409856,729,"[14, 406]","[407, 707]",487,2026-08-11T13:27:12+09:00
2296,1,no,T8,primary,no,25.25,28.5,-3.25,False,True,390157,409856,729,"[14, 406]","[407, 707]",488,2026-08-11T13:27:12+09:00
2296,1,no,T12,primary,no,25.125,28.25,-3.125,False,True,390157,409856,729,"[14, 406]","[407, 707]",490,2026-08-11T13:27:13+09:00
2296,1,no,T16,primary,no,24.875,26.5,-1.625,False,True,390157,409856,729,"[14, 406]","[407, 707]",489,2026-08-11T13:27:13+09:00
2296,1,no,T20,primary,no,24.625,26.375,-1.75,False,True,390157,409856,729,"[14, 406]","[407, 707]",490,2026-08-11T13:27:14+09:00
2296,1,no,T24,primary,no,24.5,26.625,-2.125,False,True,390157,409856,729,"[14, 406]","[407, 707]",489,2026-08-11T13:27:14+09:00
2296,1,no,T0,primary,no,25.0,28.5,-3.5,False,True,390157,409856,729,"[14, 406]","[407, 707]",491,2026-08-11T13:27:15+09:00
2296,1,no,Trel8,primary,no,25.125,25.125,0.0,True,True,390157,409856,729,"[14, 406]","[407, 707]",489,2026-08-11T13:27:15+09:00
2926,1,no,S,primary,no,24.875,27.75,-2.875,False,True,377951,397318,381,,,205,2026-08-11T13:27:16+09:00
2926,1,no,M,primary,no,25.0,27.375,-2.375,False,True,377951,397318,729,"[14, 360]","[361, 707]",477,2026-08-11T13:27:16+09:00
2926,1,no,T4,primary,no,25.25,26.75,-1.5,False,True,377951,397318,729,"[14, 360]","[361, 707]",478,2026-08-11T13:27:17+09:00
2926,1,no,T8,primary,no,25.125,26.875,-1.75,False,True,377951,397318,729,"[14, 360]","[361, 707]",482,2026-08-11T13:27:17+09:00
2926,1,no,T12,primary,no,25.125,26.75,-1.625,False,True,377951,397318,729,"[14, 360]","[361, 707]",481,2026-08-11T13:27:18+09:00
2926,1,no,T16,primary,no,25.125,26.75,-1.625,False,True,377951,397318,729,"[14, 360]","[361, 707]",481,2026-08-11T13:27:18+09:00
2926,1,no,T20,primary,no,25.0,26.875,-1.875,False,True,377951,397318,729,"[14, 360]","[361, 707]",480,2026-08-11T13:27:19+09:00
2926,1,no,T24,primary,no,25.0,27.5,-2.5,False,True,377951,397318,729,"[14, 360]","[361, 707]",482,2026-08-11T13:27:19+09:00
2926,1,no,T0,primary,no,24.875,26.875,-2.0,False,True,377951,397318,729,"[14, 360]","[361, 707]",479,2026-08-11T13:27:20+09:00
2926,1,no,Trel8,primary,no,25.375,25.75,-0.375,False,True,377951,397318,729,"[14, 360]","[361, 707]",480,2026-08-11T13:27:20+09:00
2704,1,no,S,primary,no,24.75,27.75,-3.0,False,True,163814,556205,381,,,204,2026-08-11T13:27:20+09:00
2704,1,no,M,primary,no,24.5,25.75,-1.25,False,True,163814,556205,600,"[14, 360]","[361, 578]",354,2026-08-11T13:27:21+09:00
2704,1,no,T4,primary,no,24.875,26.625,-1.75,False,True,163814,556205,600,"[14, 360]","[361, 578]",354,2026-08-11T13:27:21+09:00
2704,1,no,T8,primary,no,24.75,26.5,-1.75,False,True,163814,556205,600,"[14, 360]","[361, 578]",357,2026-08-11T13:27:21+09:00
2704,1,no,T12,primary,no,24.625,26.5,-1.875,False,True,163814,556205,600,"[14, 360]","[361, 578]",359,2026-08-11T13:27:22+09:00
2704,1,no,T16,primary,no,24.375,26.125,-1.75,False,True,163814,556205,600,"[14, 360]","[361, 578]",358,2026-08-11T13:27:22+09:00
2704,1,no,T20,primary,no,24.375,25.625,-1.25,False,True,163814,556205,600,"[14, 360]","[361, 578]",358,2026-08-11T13:27:22+09:00
2704,1,no,T24,primary,no,24.625,25.875,-1.25,False,True,163814,556205,600,"[14, 360]","[361, 578]",359,2026-08-11T13:27:23+09:00
2704,1,no,T0,primary,no,24.625,26.875,-2.25,False,True,163814,556205,600,"[14, 360]","[361, 578]",359,2026-08-11T13:27:23+09:00
2704,1,no,Trel8,primary,yes,26.625,25.25,1.375,False,False,163814,556205,600,"[14, 360]","[361, 578]",358,2026-08-11T13:27:23+09:00
2118,1,no,S,primary,no,24.375,29.5,-5.125,False,True,382617,553847,427,,,250,2026-08-11T13:27:24+09:00
2118,1,no,M,primary,yes,25.25,24.125,1.125,False,False,382617,553847,664,"[14, 406]","[407, 642]",430,2026-08-11T13:27:24+09:00
2118,1,no,T4,primary,no,25.0,28.625,-3.625,False,True,382617,553847,664,"[14, 406]","[407, 642]",431,2026-08-11T13:27:25+09:00
2118,1,no,T8,primary,no,24.625,28.75,-4.125,False,True,382617,553847,664,"[14, 406]","[407, 642]",433,2026-08-11T13:27:25+09:00
2118,1,no,T12,primary,no,24.5,28.5,-4.0,False,True,382617,553847,664,"[14, 406]","[407, 642]",433,2026-08-11T13:27:26+09:00
2118,1,no,T16,primary,no,24.75,28.125,-3.375,False,True,382617,553847,664,"[14, 406]","[407, 642]",433,2026-08-11T13:27:26+09:00
2118,1,no,T20,primary,no,24.5,26.0,-1.5,False,True,382617,553847,664,"[14, 406]","[407, 642]",432,2026-08-11T13:27:26+09:00
2118,1,no,T24,primary,yes,25.125,24.25,0.875,False,False,382617,553847,664,"[14, 406]","[407, 642]",432,2026-08-11T13:27:27+09:00
2118,1,no,T0,primary,no,24.375,28.375,-4.0,False,True,382617,553847,664,"[14, 406]","[407, 642]",432,2026-08-11T13:27:27+09:00
2118,1,no,Trel8,primary,yes,27.75,24.875,2.875,False,False,382617,553847,664,"[14, 406]","[407, 642]",432,2026-08-11T13:27:28+09:00
2670,1,no,S,primary,yes,25.5,25.125,0.375,False,False,123570,556064,382,,,205,2026-08-11T13:27:28+09:00
2670,1,no,M,primary,no,25.0,26.25,-1.25,False,True,123570,556064,776,"[14, 360]","[361, 753]",521,2026-08-11T13:27:28+09:00
2670,1,no,T4,primary,yes,25.375,25.25,0.125,False,False,123570,556064,776,"[14, 360]","[361, 753]",521,2026-08-11T13:27:29+09:00
2670,1,no,T8,primary,no,25.25,25.25,0.0,True,True,123570,556064,776,"[14, 360]","[361, 753]",524,2026-08-11T13:27:30+09:00
2670,1,no,T12,primary,no,25.0,25.0,0.0,True,True,123570,556064,776,"[14, 360]","[361, 753]",525,2026-08-11T13:27:30+09:00
2670,1,no,T16,primary,no,24.75,25.0,-0.25,False,True,123570,556064,776,"[14, 360]","[361, 753]",523,2026-08-11T13:27:31+09:00
2670,1,no,T20,primary,no,24.75,25.25,-0.5,False,True,123570,556064,776,"[14, 360]","[361, 753]",523,2026-08-11T13:27:31+09:00
2670,1,no,T24,primary,no,24.875,26.375,-1.5,False,True,123570,556064,776,"[14, 360]","[361, 753]",526,2026-08-11T13:27:32+09:00
2670,1,no,T0,primary,no,25.125,25.125,0.0,True,True,123570,556064,776,"[14, 360]","[361, 753]",526,2026-08-11T13:27:32+09:00
2670,1,no,Trel8,primary,yes,25.25,25.0,0.25,False,False,123570,556064,776,"[14, 360]","[361, 753]",527,2026-08-11T13:27:33+09:00
56,1,no,M,primary,yes,25.875,24.5,1.375,False,False,17708,192128,822,"[14, 406]","[407, 799]",573,2026-08-11T13:27:33+09:00
56,1,no,T4,primary,no,25.25,26.75,-1.5,False,True,17708,192128,822,"[14, 406]","[407, 799]",574,2026-08-11T13:27:34+09:00
56,1,no,T8,primary,no,25.0,26.875,-1.875,False,True,17708,192128,822,"[14, 406]","[407, 799]",577,2026-08-11T13:27:34+09:00
56,1,no,T12,primary,no,25.125,26.75,-1.625,False,True,17708,192128,822,"[14, 406]","[407, 799]",577,2026-08-11T13:27:35+09:00
56,1,no,T16,primary,no,25.0,25.875,-0.875,False,True,17708,192128,822,"[14, 406]","[407, 799]",577,2026-08-11T13:27:36+09:00
56,1,no,T20,primary,yes,25.375,24.625,0.75,False,False,17708,192128,822,"[14, 406]","[407, 799]",577,2026-08-11T13:27:36+09:00
56,1,no,T24,primary,yes,25.875,24.875,1.0,False,False,17708,192128,822,"[14, 406]","[407, 799]",576,2026-08-11T13:27:37+09:00
56,1,no,T0,primary,no,25.0,26.625,-1.625,False,True,17708,192128,822,"[14, 406]","[407, 799]",576,2026-08-11T13:27:37+09:00
56,1,no,Trel8,primary,yes,26.75,24.125,2.625,False,False,17708,192128,822,"[14, 406]","[407, 799]",576,2026-08-11T13:27:38+09:00
2026,1,no,S,primary,no,24.875,28.625,-3.75,False,True,91954,479030,428,,,248,2026-08-11T13:27:38+09:00
2026,1,no,M,primary,no,24.75,27.5,-2.75,False,True,91954,479030,776,"[14, 406]","[407, 753]",522,2026-08-11T13:27:39+09:00
2026,1,no,T4,primary,no,25.375,27.25,-1.875,False,True,91954,479030,776,"[14, 406]","[407, 753]",522,2026-08-11T13:27:39+09:00
2026,1,no,T8,primary,no,25.25,27.375,-2.125,False,True,91954,479030,776,"[14, 406]","[407, 753]",524,2026-08-11T13:27:40+09:00
2026,1,no,T12,primary,no,25.25,27.375,-2.125,False,True,91954,479030,776,"[14, 406]","[407, 753]",525,2026-08-11T13:27:40+09:00
2026,1,no,T16,primary,no,25.0,26.875,-1.875,False,True,91954,479030,776,"[14, 406]","[407, 753]",524,2026-08-11T13:27:41+09:00
2026,1,no,T20,primary,no,24.875,27.375,-2.5,False,True,91954,479030,776,"[14, 406]","[407, 753]",526,2026-08-11T13:27:41+09:00
2026,1,no,T24,primary,no,24.75,27.625,-2.875,False,True,91954,479030,776,"[14, 406]","[407, 753]",526,2026-08-11T13:27:42+09:00
2026,1,no,T0,primary,no,25.25,27.5,-2.25,False,True,91954,479030,776,"[14, 406]","[407, 753]",524,2026-08-11T13:27:42+09:00
2026,1,no,Trel8,primary,no,24.875,26.125,-1.25,False,True,91954,479030,776,"[14, 406]","[407, 753]",523,2026-08-11T13:27:43+09:00
1496,1,no,S,primary,no,24.5,26.875,-2.375,False,True,554328,517938,451,,,258,2026-08-11T13:27:43+09:00
1496,1,no,M,primary,yes,25.25,24.75,0.5,False,False,554328,517938,799,"[14, 429]","[430, 776]",536,2026-08-11T13:27:44+09:00
1496,1,no,T4,primary,no,24.5,26.0,-1.5,False,True,554328,517938,799,"[14, 429]","[430, 776]",540,2026-08-11T13:27:44+09:00
1496,1,no,T8,primary,no,24.375,26.0,-1.625,False,True,554328,517938,799,"[14, 429]","[430, 776]",543,2026-08-11T13:27:45+09:00
1496,1,no,T12,primary,no,24.5,26.125,-1.625,False,True,554328,517938,799,"[14, 429]","[430, 776]",542,2026-08-11T13:27:45+09:00
1496,1,no,T16,primary,no,24.0,24.5,-0.5,False,True,554328,517938,799,"[14, 429]","[430, 776]",542,2026-08-11T13:27:46+09:00
1496,1,no,T20,primary,yes,24.75,24.25,0.5,False,False,554328,517938,799,"[14, 429]","[430, 776]",542,2026-08-11T13:27:47+09:00
1496,1,no,T24,primary,yes,25.375,24.875,0.5,False,False,554328,517938,799,"[14, 429]","[430, 776]",542,2026-08-11T13:27:47+09:00
1496,1,no,T0,primary,no,24.375,25.875,-1.5,False,True,554328,517938,799,"[14, 429]","[430, 776]",542,2026-08-11T13:27:48+09:00
1496,1,no,Trel8,primary,yes,26.625,25.0,1.625,False,False,554328,517938,799,"[14, 429]","[430, 776]",542,2026-08-11T13:27:48+09:00
826,1,no,S,primary,no,24.75,28.25,-3.5,False,True,327532,484301,381,,,205,2026-08-11T13:27:48+09:00
826,1,no,M,primary,yes,26.125,25.5,0.625,False,False,327532,484301,729,"[14, 360]","[361, 707]",478,2026-08-11T13:27:49+09:00
826,1,no,T4,primary,no,24.875,27.25,-2.375,False,True,327532,484301,729,"[14, 360]","[361, 707]",478,2026-08-11T13:27:49+09:00
826,1,no,T8,primary,no,24.875,27.375,-2.5,False,True,327532,484301,729,"[14, 360]","[361, 707]",480,2026-08-11T13:27:50+09:00
826,1,no,T12,primary,no,24.75,27.25,-2.5,False,True,327532,484301,729,"[14, 360]","[361, 707]",482,2026-08-11T13:27:50+09:00
826,1,no,T16,primary,no,25.125,27.375,-2.25,False,True,327532,484301,729,"[14, 360]","[361, 707]",480,2026-08-11T13:27:51+09:00
826,1,no,T20,primary,no,25.5,25.75,-0.25,False,True,327532,484301,729,"[14, 360]","[361, 707]",481,2026-08-11T13:27:51+09:00
826,1,no,T24,primary,yes,26.125,25.375,0.75,False,False,327532,484301,729,"[14, 360]","[361, 707]",482,2026-08-11T13:27:52+09:00
826,1,no,T0,primary,no,24.75,27.125,-2.375,False,True,327532,484301,729,"[14, 360]","[361, 707]",482,2026-08-11T13:27:52+09:00
826,1,no,Trel8,primary,yes,27.375,24.875,2.5,False,False,327532,484301,729,"[14, 360]","[361, 707]",482,2026-08-11T13:27:53+09:00
1014,1,no,M,primary,yes,25.5,24.625,0.875,False,False,273450,209782,936,"[14, 521]","[522, 914]",682,2026-08-11T13:27:53+09:00
1014,1,no,T4,primary,yes,25.875,25.0,0.875,False,False,273450,209782,936,"[14, 521]","[522, 914]",683,2026-08-11T13:27:54+09:00
1014,1,no,T8,primary,yes,25.625,24.875,0.75,False,False,273450,209782,936,"[14, 521]","[522, 914]",686,2026-08-11T13:27:55+09:00
1014,1,no,T12,primary,yes,25.5,24.75,0.75,False,False,273450,209782,936,"[14, 521]","[522, 914]",684,2026-08-11T13:27:56+09:00
1014,1,no,T16,primary,yes,24.875,24.5,0.375,False,False,273450,209782,936,"[14, 521]","[522, 914]",684,2026-08-11T13:27:56+09:00
1014,1,no,T20,primary,yes,24.625,24.125,0.5,False,False,273450,209782,936,"[14, 521]","[522, 914]",684,2026-08-11T13:27:57+09:00
1014,1,no,T24,primary,yes,25.625,24.75,0.875,False,False,273450,209782,936,"[14, 521]","[522, 914]",688,2026-08-11T13:27:58+09:00
1014,1,no,T0,primary,yes,25.75,25.0,0.75,False,False,273450,209782,936,"[14, 521]","[522, 914]",688,2026-08-11T13:27:58+09:00
1014,1,no,Trel8,primary,yes,25.875,24.5,1.375,False,False,273450,209782,936,"[14, 521]","[522, 914]",688,2026-08-11T13:27:59+09:00
2858,1,no,M,primary,no,25.125,26.875,-1.75,False,True,560744,453310,775,"[14, 406]","[407, 753]",525,2026-08-11T13:28:00+09:00
2858,1,no,T4,primary,no,26.0,30.375,-4.375,False,True,560744,453310,775,"[14, 406]","[407, 753]",526,2026-08-11T13:28:00+09:00
2858,1,no,T8,primary,no,25.75,30.75,-5.0,False,True,560744,453310,775,"[14, 406]","[407, 753]",527,2026-08-11T13:28:01+09:00
2858,1,no,T12,primary,no,25.5,30.25,-4.75,False,True,560744,453310,775,"[14, 406]","[407, 753]",530,2026-08-11T13:28:01+09:00
2858,1,no,T16,primary,no,24.75,29.25,-4.5,False,True,560744,453310,775,"[14, 406]","[407, 753]",527,2026-08-11T13:28:02+09:00
2858,1,no,T20,primary,no,24.75,27.375,-2.625,False,True,560744,453310,775,"[14, 406]","[407, 753]",526,2026-08-11T13:28:02+09:00
2858,1,no,T24,primary,no,25.0,26.75,-1.75,False,True,560744,453310,775,"[14, 406]","[407, 753]",526,2026-08-11T13:28:03+09:00
2858,1,no,T0,primary,no,25.625,30.625,-5.0,False,True,560744,453310,775,"[14, 406]","[407, 753]",528,2026-08-11T13:28:03+09:00
2858,1,no,Trel8,primary,no,25.375,25.375,0.0,True,True,560744,453310,775,"[14, 406]","[407, 753]",527,2026-08-11T13:28:04+09:00
2580,1,no,M,primary,no,25.25,26.25,-1.0,False,True,516601,468902,683,"[14, 314]","[315, 661]",443,2026-08-11T13:28:04+09:00
2580,1,no,T4,primary,no,24.75,27.875,-3.125,False,True,516601,468902,683,"[14, 314]","[315, 661]",445,2026-08-11T13:28:05+09:00
2580,1,no,T8,primary,no,24.75,27.875,-3.125,False,True,516601,468902,683,"[14, 314]","[315, 661]",445,2026-08-11T13:28:05+09:00
2580,1,no,T12,primary,no,25.0,27.375,-2.375,False,True,516601,468902,683,"[14, 314]","[315, 661]",446,2026-08-11T13:28:06+09:00
2580,1,no,T16,primary,no,25.0,26.25,-1.25,False,True,516601,468902,683,"[14, 314]","[315, 661]",446,2026-08-11T13:28:06+09:00
2580,1,no,T20,primary,no,25.375,25.5,-0.125,False,True,516601,468902,683,"[14, 314]","[315, 661]",447,2026-08-11T13:28:06+09:00
2580,1,no,T24,primary,no,25.125,26.25,-1.125,False,True,516601,468902,683,"[14, 314]","[315, 661]",446,2026-08-11T13:28:07+09:00
2580,1,no,T0,primary,no,24.625,27.75,-3.125,False,True,516601,468902,683,"[14, 314]","[315, 661]",447,2026-08-11T13:28:07+09:00
2580,1,no,Trel8,primary,yes,27.5,25.0,2.5,False,False,516601,468902,683,"[14, 314]","[315, 661]",446,2026-08-11T13:28:08+09:00
2638,1,no,M,primary,no,24.875,26.25,-1.375,False,True,16451,359925,868,"[14, 499]","[500, 846]",603,2026-08-11T13:28:08+09:00
2638,1,no,T4,primary,no,25.125,28.0,-2.875,False,True,16451,359925,868,"[14, 499]","[500, 846]",602,2026-08-11T13:28:09+09:00
2638,1,no,T8,primary,no,25.0,28.25,-3.25,False,True,16451,359925,868,"[14, 499]","[500, 846]",607,2026-08-11T13:28:10+09:00
2638,1,no,T12,primary,no,25.125,28.25,-3.125,False,True,16451,359925,868,"[14, 499]","[500, 846]",608,2026-08-11T13:28:10+09:00
2638,1,no,T16,primary,no,25.0,28.125,-3.125,False,True,16451,359925,868,"[14, 499]","[500, 846]",609,2026-08-11T13:28:11+09:00
2638,1,no,T20,primary,no,24.5,25.5,-1.0,False,True,16451,359925,868,"[14, 499]","[500, 846]",609,2026-08-11T13:28:12+09:00
2638,1,no,T24,primary,no,24.75,26.375,-1.625,False,True,16451,359925,868,"[14, 499]","[500, 846]",610,2026-08-11T13:28:12+09:00
2638,1,no,T0,primary,no,25.125,28.5,-3.375,False,True,16451,359925,868,"[14, 499]","[500, 846]",608,2026-08-11T13:28:13+09:00
2638,1,no,Trel8,primary,yes,25.75,24.875,0.875,False,False,16451,359925,868,"[14, 499]","[500, 846]",611,2026-08-11T13:28:13+09:00
2960,1,no,S,primary,no,25.375,27.375,-2.0,False,True,3845,312192,270,,,134,2026-08-11T13:28:14+09:00
2960,1,no,M,primary,no,24.375,25.75,-1.375,False,True,3845,312192,664,"[14, 249]","[250, 642]",431,2026-08-11T13:28:14+09:00
2960,1,no,T4,primary,no,25.5,26.375,-0.875,False,True,3845,312192,664,"[14, 249]","[250, 642]",431,2026-08-11T13:28:14+09:00
2960,1,no,T8,primary,no,25.375,26.375,-1.0,False,True,3845,312192,664,"[14, 249]","[250, 642]",432,2026-08-11T13:28:15+09:00
2960,1,no,T12,primary,no,25.25,26.25,-1.0,False,True,3845,312192,664,"[14, 249]","[250, 642]",433,2026-08-11T13:28:15+09:00
2960,1,no,T16,primary,no,24.75,26.375,-1.625,False,True,3845,312192,664,"[14, 249]","[250, 642]",434,2026-08-11T13:28:16+09:00
2960,1,no,T20,primary,no,24.875,26.0,-1.125,False,True,3845,312192,664,"[14, 249]","[250, 642]",433,2026-08-11T13:28:16+09:00
2960,1,no,T24,primary,no,24.75,26.25,-1.5,False,True,3845,312192,664,"[14, 249]","[250, 642]",432,2026-08-11T13:28:17+09:00
2960,1,no,T0,primary,no,25.375,26.5,-1.125,False,True,3845,312192,664,"[14, 249]","[250, 642]",433,2026-08-11T13:28:17+09:00
2960,1,no,Trel8,primary,no,24.625,25.75,-1.125,False,True,3845,312192,664,"[14, 249]","[250, 642]",433,2026-08-11T13:28:17+09:00
2472,1,no,M,primary,no,25.0,26.75,-1.75,False,True,458325,245447,601,"[14, 360]","[361, 578]",356,2026-08-11T13:28:18+09:00
2472,1,no,T4,primary,no,25.25,28.625,-3.375,False,True,458325,245447,601,"[14, 360]","[361, 578]",357,2026-08-11T13:28:18+09:00
2472,1,no,T8,primary,no,25.0,28.625,-3.625,False,True,458325,245447,601,"[14, 360]","[361, 578]",357,2026-08-11T13:28:19+09:00
2472,1,no,T12,primary,no,24.875,28.75,-3.875,False,True,458325,245447,601,"[14, 360]","[361, 578]",359,2026-08-11T13:28:19+09:00
2472,1,no,T16,primary,no,25.125,27.75,-2.625,False,True,458325,245447,601,"[14, 360]","[361, 578]",359,2026-08-11T13:28:19+09:00
2472,1,no,T20,primary,no,25.5,27.0,-1.5,False,True,458325,245447,601,"[14, 360]","[361, 578]",359,2026-08-11T13:28:20+09:00
2472,1,no,T24,primary,no,24.875,26.875,-2.0,False,True,458325,245447,601,"[14, 360]","[361, 578]",360,2026-08-11T13:28:20+09:00
2472,1,no,T0,primary,no,24.875,28.375,-3.5,False,True,458325,245447,601,"[14, 360]","[361, 578]",358,2026-08-11T13:28:20+09:00
2472,1,no,Trel8,primary,yes,25.625,25.25,0.375,False,False,458325,245447,601,"[14, 360]","[361, 578]",359,2026-08-11T13:28:21+09:00
2032,1,no,M,primary,no,25.0,28.0,-3.0,False,True,454607,245013,775,"[14, 406]","[407, 753]",525,2026-08-11T13:28:21+09:00
2032,1,no,T4,primary,no,25.75,28.375,-2.625,False,True,454607,245013,775,"[14, 406]","[407, 753]",522,2026-08-11T13:28:22+09:00
2032,1,no,T8,primary,no,25.5,28.5,-3.0,False,True,454607,245013,775,"[14, 406]","[407, 753]",528,2026-08-11T13:28:22+09:00
2032,1,no,T12,primary,no,25.625,28.5,-2.875,False,True,454607,245013,775,"[14, 406]","[407, 753]",529,2026-08-11T13:28:23+09:00
2032,1,no,T16,primary,no,25.25,26.75,-1.5,False,True,454607,245013,775,"[14, 406]","[407, 753]",525,2026-08-11T13:28:23+09:00
2032,1,no,T20,primary,no,25.25,26.0,-0.75,False,True,454607,245013,775,"[14, 406]","[407, 753]",525,2026-08-11T13:28:24+09:00
2032,1,no,T24,primary,no,25.125,28.375,-3.25,False,True,454607,245013,775,"[14, 406]","[407, 753]",527,2026-08-11T13:28:24+09:00
2032,1,no,T0,primary,no,25.5,28.5,-3.0,False,True,454607,245013,775,"[14, 406]","[407, 753]",528,2026-08-11T13:28:25+09:00
2032,1,no,Trel8,primary,yes,26.625,24.875,1.75,False,False,454607,245013,775,"[14, 406]","[407, 753]",529,2026-08-11T13:28:25+09:00
2230,1,no,S,primary,no,24.875,27.0,-2.125,False,True,233521,275268,381,,,206,2026-08-11T13:28:26+09:00
2230,1,no,M,primary,yes,25.875,24.375,1.5,False,False,233521,275268,729,"[14, 360]","[361, 707]",480,2026-08-11T13:28:26+09:00
2230,1,no,T4,primary,no,24.875,26.5,-1.625,False,True,233521,275268,729,"[14, 360]","[361, 707]",481,2026-08-11T13:28:27+09:00
2230,1,no,T8,primary,no,24.75,26.375,-1.625,False,True,233521,275268,729,"[14, 360]","[361, 707]",482,2026-08-11T13:28:27+09:00
2230,1,no,T12,primary,no,24.875,26.25,-1.375,False,True,233521,275268,729,"[14, 360]","[361, 707]",481,2026-08-11T13:28:28+09:00
2230,1,no,T16,primary,no,24.625,25.0,-0.375,False,True,233521,275268,729,"[14, 360]","[361, 707]",480,2026-08-11T13:28:28+09:00
2230,1,no,T20,primary,yes,25.25,24.375,0.875,False,False,233521,275268,729,"[14, 360]","[361, 707]",480,2026-08-11T13:28:29+09:00
2230,1,no,T24,primary,yes,25.75,24.375,1.375,False,False,233521,275268,729,"[14, 360]","[361, 707]",479,2026-08-11T13:28:29+09:00
2230,1,no,T0,primary,no,24.75,26.5,-1.75,False,True,233521,275268,729,"[14, 360]","[361, 707]",481,2026-08-11T13:28:30+09:00
2230,1,no,Trel8,primary,yes,27.375,24.5,2.875,False,False,233521,275268,729,"[14, 360]","[361, 707]",481,2026-08-11T13:28:30+09:00
804,1,no,S,primary,no,25.25,26.625,-1.375,False,True,147289,373060,521,,,304,2026-08-11T13:28:30+09:00
804,1,no,M,primary,no,24.875,26.625,-1.75,False,True,147289,373060,915,"[14, 499]","[500, 892]",665,2026-08-11T13:28:31+09:00
804,1,no,T4,primary,no,25.0,26.375,-1.375,False,True,147289,373060,915,"[14, 499]","[500, 892]",668,2026-08-11T13:28:32+09:00
804,1,no,T8,primary,no,24.875,26.5,-1.625,False,True,147289,373060,915,"[14, 499]","[500, 892]",666,2026-08-11T13:28:32+09:00
804,1,no,T12,primary,no,25.0,26.375,-1.375,False,True,147289,373060,915,"[14, 499]","[500, 892]",669,2026-08-11T13:28:33+09:00
804,1,no,T16,primary,no,24.5,25.875,-1.375,False,True,147289,373060,915,"[14, 499]","[500, 892]",668,2026-08-11T13:28:34+09:00
804,1,no,T20,primary,no,24.75,26.0,-1.25,False,True,147289,373060,915,"[14, 499]","[500, 892]",667,2026-08-11T13:28:34+09:00
804,1,no,T24,primary,no,24.875,27.0,-2.125,False,True,147289,373060,915,"[14, 499]","[500, 892]",666,2026-08-11T13:28:35+09:00
804,1,no,T0,primary,no,25.125,26.75,-1.625,False,True,147289,373060,915,"[14, 499]","[500, 892]",666,2026-08-11T13:28:36+09:00
804,1,no,Trel8,primary,no,24.875,25.5,-0.625,False,True,147289,373060,915,"[14, 499]","[500, 892]",670,2026-08-11T13:28:36+09:00
2482,1,no,S,primary,no,25.25,27.375,-2.125,False,True,38645,234934,428,,,249,2026-08-11T13:28:37+09:00
2482,1,no,M,primary,no,25.5,27.0,-1.5,False,True,38645,234934,571,"[14, 406]","[407, 548]",345,2026-08-11T13:28:37+09:00
2482,1,no,T4,primary,no,25.375,27.0,-1.625,False,True,38645,234934,571,"[14, 406]","[407, 548]",346,2026-08-11T13:28:37+09:00
2482,1,no,T8,primary,no,25.375,27.125,-1.75,False,True,38645,234934,571,"[14, 406]","[407, 548]",347,2026-08-11T13:28:38+09:00
2482,1,no,T12,primary,no,25.25,27.0,-1.75,False,True,38645,234934,571,"[14, 406]","[407, 548]",348,2026-08-11T13:28:38+09:00
2482,1,no,T16,primary,no,25.5,26.375,-0.875,False,True,38645,234934,571,"[14, 406]","[407, 548]",349,2026-08-11T13:28:39+09:00
2482,1,no,T20,primary,no,25.375,26.0,-0.625,False,True,38645,234934,571,"[14, 406]","[407, 548]",348,2026-08-11T13:28:39+09:00
2482,1,no,T24,primary,no,25.5,27.0,-1.5,False,True,38645,234934,571,"[14, 406]","[407, 548]",347,2026-08-11T13:28:39+09:00
2482,1,no,T0,primary,no,25.25,27.125,-1.875,False,True,38645,234934,571,"[14, 406]","[407, 548]",347,2026-08-11T13:28:40+09:00
2482,1,no,Trel8,primary,yes,26.0,25.5,0.5,False,False,38645,234934,571,"[14, 406]","[407, 548]",345,2026-08-11T13:28:40+09:00
2744,1,no,S,primary,no,25.125,25.375,-0.25,False,True,233426,31043,381,,,206,2026-08-11T13:28:40+09:00
2744,1,no,M,primary,no,24.625,25.75,-1.125,False,True,233426,31043,729,"[14, 360]","[361, 707]",479,2026-08-11T13:28:41+09:00
2744,1,no,T4,primary,yes,25.5,25.125,0.375,False,False,233426,31043,729,"[14, 360]","[361, 707]",479,2026-08-11T13:28:41+09:00
2744,1,no,T8,primary,yes,25.25,24.75,0.5,False,False,233426,31043,729,"[14, 360]","[361, 707]",482,2026-08-11T13:28:42+09:00
2744,1,no,T12,primary,yes,25.125,24.625,0.5,False,False,233426,31043,729,"[14, 360]","[361, 707]",481,2026-08-11T13:28:42+09:00
2744,1,no,T16,primary,yes,24.75,24.625,0.125,False,False,233426,31043,729,"[14, 360]","[361, 707]",481,2026-08-11T13:28:43+09:00
2744,1,no,T20,primary,no,24.75,25.625,-0.875,False,True,233426,31043,729,"[14, 360]","[361, 707]",480,2026-08-11T13:28:43+09:00
2744,1,no,T24,primary,no,24.625,25.875,-1.25,False,True,233426,31043,729,"[14, 360]","[361, 707]",480,2026-08-11T13:28:44+09:00
2744,1,no,T0,primary,yes,25.375,24.875,0.5,False,False,233426,31043,729,"[14, 360]","[361, 707]",481,2026-08-11T13:28:44+09:00
2744,1,no,Trel8,primary,yes,25.875,24.75,1.125,False,False,233426,31043,729,"[14, 360]","[361, 707]",482,2026-08-11T13:28:45+09:00
2526,1,no,S,primary,no,25.0,28.25,-3.25,False,True,209290,176841,520,,,301,2026-08-11T13:28:45+09:00
2526,1,no,M,primary,yes,25.125,24.875,0.25,False,False,209290,176841,891,"[14, 499]","[500, 869]",625,2026-08-11T13:28:46+09:00
2526,1,no,T4,primary,no,24.875,27.375,-2.5,False,True,209290,176841,891,"[14, 499]","[500, 869]",625,2026-08-11T13:28:46+09:00
2526,1,no,T8,primary,no,24.75,27.5,-2.75,False,True,209290,176841,891,"[14, 499]","[500, 869]",628,2026-08-11T13:28:47+09:00
2526,1,no,T12,primary,no,24.625,27.0,-2.375,False,True,209290,176841,891,"[14, 499]","[500, 869]",624,2026-08-11T13:28:47+09:00
2526,1,no,T16,primary,no,24.375,26.75,-2.375,False,True,209290,176841,891,"[14, 499]","[500, 869]",627,2026-08-11T13:28:48+09:00
2526,1,no,T20,primary,no,24.375,25.125,-0.75,False,True,209290,176841,891,"[14, 499]","[500, 869]",626,2026-08-11T13:28:49+09:00
2526,1,no,T24,primary,no,25.5,25.5,0.0,True,True,209290,176841,891,"[14, 499]","[500, 869]",630,2026-08-11T13:28:49+09:00
2526,1,no,T0,primary,no,24.75,27.75,-3.0,False,True,209290,176841,891,"[14, 499]","[500, 869]",630,2026-08-11T13:28:50+09:00
2526,1,no,Trel8,primary,yes,25.625,24.5,1.125,False,False,209290,176841,891,"[14, 499]","[500, 869]",630,2026-08-11T13:28:51+09:00
616,1,no,M,primary,no,25.0,26.5,-1.5,False,True,580294,516244,799,"[14, 383]","[384, 776]",539,2026-08-11T13:28:51+09:00
616,1,no,T4,primary,no,25.375,26.75,-1.375,False,True,580294,516244,799,"[14, 383]","[384, 776]",539,2026-08-11T13:28:52+09:00
616,1,no,T8,primary,no,25.25,26.75,-1.5,False,True,580294,516244,799,"[14, 383]","[384, 776]",544,2026-08-11T13:28:52+09:00
616,1,no,T12,primary,no,25.375,26.875,-1.5,False,True,580294,516244,799,"[14, 383]","[384, 776]",543,2026-08-11T13:28:53+09:00
616,1,no,T16,primary,no,25.375,26.75,-1.375,False,True,580294,516244,799,"[14, 383]","[384, 776]",541,2026-08-11T13:28:53+09:00
616,1,no,T20,primary,no,25.25,26.5,-1.25,False,True,580294,516244,799,"[14, 383]","[384, 776]",539,2026-08-11T13:28:54+09:00
616,1,no,T24,primary,no,25.25,26.75,-1.5,False,True,580294,516244,799,"[14, 383]","[384, 776]",540,2026-08-11T13:28:54+09:00
616,1,no,T0,primary,no,25.25,26.875,-1.625,False,True,580294,516244,799,"[14, 383]","[384, 776]",542,2026-08-11T13:28:55+09:00
616,1,no,Trel8,primary,yes,25.5,25.25,0.25,False,False,580294,516244,799,"[14, 383]","[384, 776]",541,2026-08-11T13:28:55+09:00
434,1,no,S,primary,yes,27.0,25.125,1.875,False,False,564336,579415,336,,,183,2026-08-11T13:28:56+09:00
434,1,no,M,primary,yes,25.25,24.75,0.5,False,False,564336,579415,707,"[14, 314]","[315, 684]",458,2026-08-11T13:28:56+09:00
434,1,no,T4,primary,yes,26.0,25.0,1.0,False,False,564336,579415,707,"[14, 314]","[315, 684]",456,2026-08-11T13:28:57+09:00
434,1,no,T8,primary,yes,25.875,24.875,1.0,False,False,564336,579415,707,"[14, 314]","[315, 684]",459,2026-08-11T13:28:57+09:00
434,1,no,T12,primary,yes,25.875,24.75,1.125,False,False,564336,579415,707,"[14, 314]","[315, 684]",460,2026-08-11T13:28:58+09:00
434,1,no,T16,primary,yes,25.5,24.5,1.0,False,False,564336,579415,707,"[14, 314]","[315, 684]",458,2026-08-11T13:28:58+09:00
434,1,no,T20,primary,yes,25.625,24.625,1.0,False,False,564336,579415,707,"[14, 314]","[315, 684]",459,2026-08-11T13:28:58+09:00
434,1,no,T24,primary,yes,25.25,24.75,0.5,False,False,564336,579415,707,"[14, 314]","[315, 684]",458,2026-08-11T13:28:59+09:00
434,1,no,T0,primary,yes,26.0,24.875,1.125,False,False,564336,579415,707,"[14, 314]","[315, 684]",458,2026-08-11T13:28:59+09:00
434,1,no,Trel8,primary,yes,26.125,24.5,1.625,False,False,564336,579415,707,"[14, 314]","[315, 684]",458,2026-08-11T13:29:00+09:00
120,1,no,M,primary,no,25.0,26.875,-1.875,False,True,381895,32375,582,"[14, 213]","[214, 560]",345,2026-08-11T13:29:00+09:00
120,1,no,T4,primary,no,25.5,27.25,-1.75,False,True,381895,32375,582,"[14, 213]","[214, 560]",345,2026-08-11T13:29:01+09:00
120,1,no,T8,primary,no,25.25,27.375,-2.125,False,True,381895,32375,582,"[14, 213]","[214, 560]",346,2026-08-11T13:29:01+09:00
120,1,no,T12,primary,no,25.5,27.375,-1.875,False,True,381895,32375,582,"[14, 213]","[214, 560]",351,2026-08-11T13:29:01+09:00
120,1,no,T16,primary,no,25.25,26.75,-1.5,False,True,381895,32375,582,"[14, 213]","[214, 560]",347,2026-08-11T13:29:02+09:00
120,1,no,T20,primary,no,25.375,26.375,-1.0,False,True,381895,32375,582,"[14, 213]","[214, 560]",350,2026-08-11T13:29:02+09:00
120,1,no,T24,primary,no,25.125,27.0,-1.875,False,True,381895,32375,582,"[14, 213]","[214, 560]",351,2026-08-11T13:29:02+09:00
120,1,no,T0,primary,no,25.375,27.25,-1.875,False,True,381895,32375,582,"[14, 213]","[214, 560]",350,2026-08-11T13:29:03+09:00
120,1,no,Trel8,primary,yes,25.25,25.125,0.125,False,False,381895,32375,582,"[14, 213]","[214, 560]",350,2026-08-11T13:29:03+09:00
2146,1,no,M,primary,no,24.625,25.5,-0.875,False,True,156704,108528,729,"[14, 360]","[361, 707]",479,2026-08-11T13:29:04+09:00
2146,1,no,T4,primary,no,25.0,26.25,-1.25,False,True,156704,108528,729,"[14, 360]","[361, 707]",481,2026-08-11T13:29:04+09:00
2146,1,no,T8,primary,no,24.875,26.25,-1.375,False,True,156704,108528,729,"[14, 360]","[361, 707]",482,2026-08-11T13:29:04+09:00
2146,1,no,T12,primary,no,25.0,26.25,-1.25,False,True,156704,108528,729,"[14, 360]","[361, 707]",482,2026-08-11T13:29:05+09:00
2146,1,no,T16,primary,no,24.75,25.5,-0.75,False,True,156704,108528,729,"[14, 360]","[361, 707]",482,2026-08-11T13:29:05+09:00
2146,1,no,T20,primary,no,24.625,25.25,-0.625,False,True,156704,108528,729,"[14, 360]","[361, 707]",482,2026-08-11T13:29:06+09:00
2146,1,no,T24,primary,no,24.625,25.75,-1.125,False,True,156704,108528,729,"[14, 360]","[361, 707]",480,2026-08-11T13:29:06+09:00
2146,1,no,T0,primary,no,24.875,26.125,-1.25,False,True,156704,108528,729,"[14, 360]","[361, 707]",482,2026-08-11T13:29:07+09:00
2146,1,no,Trel8,primary,yes,26.5,24.75,1.75,False,False,156704,108528,729,"[14, 360]","[361, 707]",479,2026-08-11T13:29:07+09:00
1166,1,no,S,primary,no,25.0,31.875,-6.875,False,True,327038,293794,335,,,182,2026-08-11T13:29:08+09:00
1166,1,no,M,primary,no,24.25,27.625,-3.375,False,True,327038,293794,683,"[14, 314]","[315, 661]",442,2026-08-11T13:29:08+09:00
1166,1,no,T4,primary,no,25.25,29.375,-4.125,False,True,327038,293794,683,"[14, 314]","[315, 661]",443,2026-08-11T13:29:09+09:00
1166,1,no,T8,primary,no,25.25,29.875,-4.625,False,True,327038,293794,683,"[14, 314]","[315, 661]",446,2026-08-11T13:29:09+09:00
1166,1,no,T12,primary,no,25.375,30.25,-4.875,False,True,327038,293794,683,"[14, 314]","[315, 661]",446,2026-08-11T13:29:09+09:00
1166,1,no,T16,primary,no,24.625,29.25,-4.625,False,True,327038,293794,683,"[14, 314]","[315, 661]",444,2026-08-11T13:29:10+09:00
1166,1,no,T20,primary,no,24.25,28.625,-4.375,False,True,327038,293794,683,"[14, 314]","[315, 661]",446,2026-08-11T13:29:10+09:00
1166,1,no,T24,primary,no,24.25,27.75,-3.5,False,True,327038,293794,683,"[14, 314]","[315, 661]",447,2026-08-11T13:29:11+09:00
1166,1,no,T0,primary,no,25.0,29.0,-4.0,False,True,327038,293794,683,"[14, 314]","[315, 661]",447,2026-08-11T13:29:11+09:00
1166,1,no,Trel8,primary,no,24.75,26.375,-1.625,False,True,327038,293794,683,"[14, 314]","[315, 661]",445,2026-08-11T13:29:12+09:00
710,1,no,S,primary,no,24.625,30.875,-6.25,False,True,239130,178795,428,,,248,2026-08-11T13:29:12+09:00
710,1,no,M,primary,no,25.375,26.0,-0.625,False,True,239130,178795,822,"[14, 406]","[407, 799]",571,2026-08-11T13:29:13+09:00
710,1,no,T4,primary,no,25.375,29.0,-3.625,False,True,239130,178795,822,"[14, 406]","[407, 799]",574,2026-08-11T13:29:13+09:00
710,1,no,T8,primary,no,25.0,29.125,-4.125,False,True,239130,178795,822,"[14, 406]","[407, 799]",574,2026-08-11T13:29:14+09:00
710,1,no,T12,primary,no,25.125,29.125,-4.0,False,True,239130,178795,822,"[14, 406]","[407, 799]",576,2026-08-11T13:29:14+09:00
710,1,no,T16,primary,no,25.625,26.75,-1.125,False,True,239130,178795,822,"[14, 406]","[407, 799]",577,2026-08-11T13:29:15+09:00
710,1,no,T20,primary,no,25.625,25.75,-0.125,False,True,239130,178795,822,"[14, 406]","[407, 799]",578,2026-08-11T13:29:15+09:00
710,1,no,T24,primary,no,25.375,26.0,-0.625,False,True,239130,178795,822,"[14, 406]","[407, 799]",576,2026-08-11T13:29:16+09:00
710,1,no,T0,primary,no,24.875,28.875,-4.0,False,True,239130,178795,822,"[14, 406]","[407, 799]",578,2026-08-11T13:29:17+09:00
710,1,no,Trel8,primary,yes,26.875,24.875,2.0,False,False,239130,178795,822,"[14, 406]","[407, 799]",577,2026-08-11T13:29:17+09:00
1208,1,no,S,primary,no,24.625,30.875,-6.25,False,True,124930,89743,381,,,206,2026-08-11T13:29:17+09:00
1208,1,no,M,primary,yes,25.75,24.875,0.875,False,False,124930,89743,775,"[14, 360]","[361, 753]",526,2026-08-11T13:29:18+09:00
1208,1,no,T4,primary,no,24.875,29.25,-4.375,False,True,124930,89743,775,"[14, 360]","[361, 753]",525,2026-08-11T13:29:18+09:00
1208,1,no,T8,primary,no,24.75,29.375,-4.625,False,True,124930,89743,775,"[14, 360]","[361, 753]",528,2026-08-11T13:29:19+09:00
1208,1,no,T12,primary,no,24.625,29.125,-4.5,False,True,124930,89743,775,"[14, 360]","[361, 753]",525,2026-08-11T13:29:20+09:00
1208,1,no,T16,primary,no,24.5,28.5,-4.0,False,True,124930,89743,775,"[14, 360]","[361, 753]",527,2026-08-11T13:29:20+09:00
1208,1,no,T20,primary,no,24.25,26.25,-2.0,False,True,124930,89743,775,"[14, 360]","[361, 753]",528,2026-08-11T13:29:21+09:00
1208,1,no,T24,primary,yes,26.0,25.0,1.0,False,False,124930,89743,775,"[14, 360]","[361, 753]",526,2026-08-11T13:29:21+09:00
1208,1,no,T0,primary,no,24.375,28.5,-4.125,False,True,124930,89743,775,"[14, 360]","[361, 753]",527,2026-08-11T13:29:22+09:00
1208,1,no,Trel8,primary,yes,26.875,24.75,2.125,False,False,124930,89743,775,"[14, 360]","[361, 753]",526,2026-08-11T13:29:22+09:00
406,1,no,M,primary,yes,25.0,24.375,0.625,False,False,528905,200717,729,"[14, 360]","[361, 707]",479,2026-08-11T13:29:23+09:00
406,1,no,T4,primary,no,24.75,25.375,-0.625,False,True,528905,200717,729,"[14, 360]","[361, 707]",481,2026-08-11T13:29:23+09:00
406,1,no,T8,primary,no,24.5,25.125,-0.625,False,True,528905,200717,729,"[14, 360]","[361, 707]",483,2026-08-11T13:29:24+09:00
406,1,no,T12,primary,no,24.5,25.125,-0.625,False,True,528905,200717,729,"[14, 360]","[361, 707]",482,2026-08-11T13:29:24+09:00
406,1,no,T16,primary,no,24.25,24.875,-0.625,False,True,528905,200717,729,"[14, 360]","[361, 707]",480,2026-08-11T13:29:25+09:00
406,1,no,T20,primary,no,24.25,24.5,-0.25,False,True,528905,200717,729,"[14, 360]","[361, 707]",480,2026-08-11T13:29:25+09:00
406,1,no,T24,primary,yes,24.875,24.5,0.375,False,False,528905,200717,729,"[14, 360]","[361, 707]",480,2026-08-11T13:29:26+09:00
406,1,no,T0,primary,no,24.5,25.25,-0.75,False,True,528905,200717,729,"[14, 360]","[361, 707]",480,2026-08-11T13:29:26+09:00
406,1,no,Trel8,primary,yes,25.875,24.625,1.25,False,False,528905,200717,729,"[14, 360]","[361, 707]",480,2026-08-11T13:29:27+09:00
2824,1,no,M,primary,no,25.25,26.5,-1.25,False,True,230175,495533,753,"[14, 383]","[384, 730]",490,2026-08-11T13:29:27+09:00
2824,1,no,T4,primary,no,25.375,27.75,-2.375,False,True,230175,495533,753,"[14, 383]","[384, 730]",492,2026-08-11T13:29:28+09:00
2824,1,no,T8,primary,no,25.375,27.875,-2.5,False,True,230175,495533,753,"[14, 383]","[384, 730]",495,2026-08-11T13:29:28+09:00
2824,1,no,T12,primary,no,25.625,27.625,-2.0,False,True,230175,495533,753,"[14, 383]","[384, 730]",496,2026-08-11T13:29:29+09:00
2824,1,no,T16,primary,no,25.75,26.625,-0.875,False,True,230175,495533,753,"[14, 383]","[384, 730]",496,2026-08-11T13:29:29+09:00
2824,1,no,T20,primary,no,25.75,26.25,-0.5,False,True,230175,495533,753,"[14, 383]","[384, 730]",496,2026-08-11T13:29:30+09:00
2824,1,no,T24,primary,no,25.375,26.625,-1.25,False,True,230175,495533,753,"[14, 383]","[384, 730]",496,2026-08-11T13:29:30+09:00
2824,1,no,T0,primary,no,25.125,27.75,-2.625,False,True,230175,495533,753,"[14, 383]","[384, 730]",496,2026-08-11T13:29:31+09:00
2824,1,no,Trel8,primary,yes,26.5,24.75,1.75,False,False,230175,495533,753,"[14, 383]","[384, 730]",496,2026-08-11T13:29:31+09:00
1182,1,no,S,primary,yes,26.5,26.125,0.375,False,False,184338,22112,382,,,205,2026-08-11T13:29:31+09:00
1182,1,no,M,primary,no,25.25,26.25,-1.0,False,True,184338,22112,776,"[14, 360]","[361, 753]",522,2026-08-11T13:29:32+09:00
1182,1,no,T4,primary,no,25.625,26.625,-1.0,False,True,184338,22112,776,"[14, 360]","[361, 753]",524,2026-08-11T13:29:32+09:00
1182,1,no,T8,primary,no,25.5,26.625,-1.125,False,True,184338,22112,776,"[14, 360]","[361, 753]",527,2026-08-11T13:29:33+09:00
1182,1,no,T12,primary,no,25.5,26.5,-1.0,False,True,184338,22112,776,"[14, 360]","[361, 753]",527,2026-08-11T13:29:33+09:00
1182,1,no,T16,primary,no,25.5,26.5,-1.0,False,True,184338,22112,776,"[14, 360]","[361, 753]",525,2026-08-11T13:29:34+09:00
1182,1,no,T20,primary,no,25.375,26.5,-1.125,False,True,184338,22112,776,"[14, 360]","[361, 753]",525,2026-08-11T13:29:34+09:00
1182,1,no,T24,primary,no,25.25,26.25,-1.0,False,True,184338,22112,776,"[14, 360]","[361, 753]",526,2026-08-11T13:29:35+09:00
1182,1,no,T0,primary,no,25.75,26.5,-0.75,False,True,184338,22112,776,"[14, 360]","[361, 753]",525,2026-08-11T13:29:36+09:00
1182,1,no,Trel8,primary,yes,25.75,25.375,0.375,False,False,184338,22112,776,"[14, 360]","[361, 753]",526,2026-08-11T13:29:36+09:00
66,1,no,S,primary,no,25.5,26.875,-1.375,False,True,574692,293548,381,,,204,2026-08-11T13:29:36+09:00
66,1,no,M,primary,yes,24.75,24.5,0.25,False,False,574692,293548,775,"[14, 360]","[361, 753]",525,2026-08-11T13:29:37+09:00
66,1,no,T4,primary,no,25.25,26.625,-1.375,False,True,574692,293548,775,"[14, 360]","[361, 753]",524,2026-08-11T13:29:37+09:00
66,1,no,T8,primary,no,25.125,26.625,-1.5,False,True,574692,293548,775,"[14, 360]","[361, 753]",528,2026-08-11T13:29:38+09:00
66,1,no,T12,primary,no,25.125,26.375,-1.25,False,True,574692,293548,775,"[14, 360]","[361, 753]",526,2026-08-11T13:29:38+09:00
66,1,no,T16,primary,no,25.0,26.0,-1.0,False,True,574692,293548,775,"[14, 360]","[361, 753]",528,2026-08-11T13:29:39+09:00
66,1,no,T20,primary,no,24.875,25.125,-0.25,False,True,574692,293548,775,"[14, 360]","[361, 753]",526,2026-08-11T13:29:39+09:00
66,1,no,T24,primary,yes,24.875,24.75,0.125,False,False,574692,293548,775,"[14, 360]","[361, 753]",526,2026-08-11T13:29:40+09:00
66,1,no,T0,primary,no,25.125,26.625,-1.5,False,True,574692,293548,775,"[14, 360]","[361, 753]",531,2026-08-11T13:29:41+09:00
66,1,no,Trel8,primary,yes,25.625,24.375,1.25,False,False,574692,293548,775,"[14, 360]","[361, 753]",528,2026-08-11T13:29:41+09:00
2866,1,no,M,primary,yes,26.5,25.0,1.5,False,False,45685,84031,619,"[14, 249]","[250, 596]",380,2026-08-11T13:29:41+09:00
2866,1,no,T4,primary,no,25.25,26.5,-1.25,False,True,45685,84031,619,"[14, 249]","[250, 596]",380,2026-08-11T13:29:42+09:00
2866,1,no,T8,primary,no,25.125,26.5,-1.375,False,True,45685,84031,619,"[14, 249]","[250, 596]",380,2026-08-11T13:29:42+09:00
2866,1,no,T12,primary,no,25.125,26.5,-1.375,False,True,45685,84031,619,"[14, 249]","[250, 596]",382,2026-08-11T13:29:43+09:00
2866,1,no,T16,primary,no,24.375,25.75,-1.375,False,True,45685,84031,619,"[14, 249]","[250, 596]",383,2026-08-11T13:29:43+09:00
2866,1,no,T20,primary,yes,25.5,24.625,0.875,False,False,45685,84031,619,"[14, 249]","[250, 596]",382,2026-08-11T13:29:43+09:00
2866,1,no,T24,primary,yes,26.75,25.125,1.625,False,False,45685,84031,619,"[14, 249]","[250, 596]",382,2026-08-11T13:29:44+09:00
2866,1,no,T0,primary,no,25.125,26.625,-1.5,False,True,45685,84031,619,"[14, 249]","[250, 596]",381,2026-08-11T13:29:44+09:00
2866,1,no,Trel8,primary,yes,27.5,24.75,2.75,False,False,45685,84031,619,"[14, 249]","[250, 596]",381,2026-08-11T13:29:45+09:00
2872,1,no,S,primary,no,25.0,26.875,-1.875,False,True,434179,369185,427,,,248,2026-08-11T13:29:45+09:00
2872,1,no,M,primary,no,25.0,25.125,-0.125,False,True,434179,369185,775,"[14, 406]","[407, 753]",523,2026-08-11T13:29:45+09:00
2872,1,no,T4,primary,no,25.125,26.5,-1.375,False,True,434179,369185,775,"[14, 406]","[407, 753]",524,2026-08-11T13:29:46+09:00
2872,1,no,T8,primary,no,25.0,26.375,-1.375,False,True,434179,369185,775,"[14, 406]","[407, 753]",527,2026-08-11T13:29:46+09:00
2872,1,no,T12,primary,no,25.0,26.375,-1.375,False,True,434179,369185,775,"[14, 406]","[407, 753]",526,2026-08-11T13:29:47+09:00
2872,1,no,T16,primary,no,24.75,26.25,-1.5,False,True,434179,369185,775,"[14, 406]","[407, 753]",525,2026-08-11T13:29:47+09:00
2872,1,no,T20,primary,no,24.375,26.125,-1.75,False,True,434179,369185,775,"[14, 406]","[407, 753]",527,2026-08-11T13:29:48+09:00
2872,1,no,T24,primary,no,25.0,25.5,-0.5,False,True,434179,369185,775,"[14, 406]","[407, 753]",525,2026-08-11T13:29:49+09:00
2872,1,no,T0,primary,no,24.875,26.375,-1.5,False,True,434179,369185,775,"[14, 406]","[407, 753]",527,2026-08-11T13:29:49+09:00
2872,1,no,Trel8,primary,yes,28.125,25.125,3.0,False,False,434179,369185,775,"[14, 406]","[407, 753]",527,2026-08-11T13:29:50+09:00
70,1,no,M,primary,no,25.5,26.75,-1.25,False,True,353180,45864,729,"[14, 360]","[361, 707]",477,2026-08-11T13:29:50+09:00
70,1,no,T4,primary,no,25.125,26.875,-1.75,False,True,353180,45864,729,"[14, 360]","[361, 707]",478,2026-08-11T13:29:51+09:00
70,1,no,T8,primary,no,25.0,26.875,-1.875,False,True,353180,45864,729,"[14, 360]","[361, 707]",478,2026-08-11T13:29:51+09:00
70,1,no,T12,primary,no,25.0,27.0,-2.0,False,True,353180,45864,729,"[14, 360]","[361, 707]",479,2026-08-11T13:29:52+09:00
70,1,no,T16,primary,no,24.75,27.875,-3.125,False,True,353180,45864,729,"[14, 360]","[361, 707]",480,2026-08-11T13:29:52+09:00
70,1,no,T20,primary,no,25.0,27.125,-2.125,False,True,353180,45864,729,"[14, 360]","[361, 707]",479,2026-08-11T13:29:53+09:00
70,1,no,T24,primary,no,25.375,27.125,-1.75,False,True,353180,45864,729,"[14, 360]","[361, 707]",480,2026-08-11T13:29:53+09:00
70,1,no,T0,primary,no,24.875,26.875,-2.0,False,True,353180,45864,729,"[14, 360]","[361, 707]",482,2026-08-11T13:29:53+09:00
70,1,no,Trel8,primary,no,25.375,26.5,-1.125,False,True,353180,45864,729,"[14, 360]","[361, 707]",484,2026-08-11T13:29:54+09:00
210,1,no,S,primary,no,24.875,27.5,-2.625,False,True,553165,162092,198,,,106,2026-08-11T13:29:54+09:00
210,1,no,M,primary,no,24.125,26.75,-2.625,False,True,553165,162092,730,"[14, 177]","[178, 708]",482,2026-08-11T13:29:55+09:00
210,1,no,T4,primary,no,25.5,26.75,-1.25,False,True,553165,162092,730,"[14, 177]","[178, 708]",484,2026-08-11T13:29:55+09:00
210,1,no,T8,primary,no,25.125,26.875,-1.75,False,True,553165,162092,730,"[14, 177]","[178, 708]",486,2026-08-11T13:29:56+09:00
210,1,no,T12,primary,no,24.875,26.75,-1.875,False,True,553165,162092,730,"[14, 177]","[178, 708]",486,2026-08-11T13:29:56+09:00
210,1,no,T16,primary,no,24.375,26.75,-2.375,False,True,553165,162092,730,"[14, 177]","[178, 708]",484,2026-08-11T13:29:57+09:00
210,1,no,T20,primary,no,24.5,26.375,-1.875,False,True,553165,162092,730,"[14, 177]","[178, 708]",485,2026-08-11T13:29:57+09:00
210,1,no,T24,primary,no,24.25,27.0,-2.75,False,True,553165,162092,730,"[14, 177]","[178, 708]",483,2026-08-11T13:29:58+09:00
210,1,no,T0,primary,no,25.375,26.875,-1.5,False,True,553165,162092,730,"[14, 177]","[178, 708]",482,2026-08-11T13:29:58+09:00
210,1,no,Trel8,primary,no,24.75,26.125,-1.375,False,True,553165,162092,730,"[14, 177]","[178, 708]",480,2026-08-11T13:29:58+09:00
1314,1,no,M,primary,yes,25.5,24.5,1.0,False,False,333237,527219,729,"[14, 360]","[361, 707]",477,2026-08-11T13:29:59+09:00
1314,1,no,T4,primary,no,25.0,26.625,-1.625,False,True,333237,527219,729,"[14, 360]","[361, 707]",477,2026-08-11T13:29:59+09:00
1314,1,no,T8,primary,no,24.75,26.625,-1.875,False,True,333237,527219,729,"[14, 360]","[361, 707]",482,2026-08-11T13:30:00+09:00
1314,1,no,T12,primary,no,24.75,26.875,-2.125,False,True,333237,527219,729,"[14, 360]","[361, 707]",481,2026-08-11T13:30:00+09:00
1314,1,no,T16,primary,no,24.75,26.875,-2.125,False,True,333237,527219,729,"[14, 360]","[361, 707]",481,2026-08-11T13:30:01+09:00
1314,1,no,T20,primary,no,25.0,25.75,-0.75,False,True,333237,527219,729,"[14, 360]","[361, 707]",482,2026-08-11T13:30:01+09:00
1314,1,no,T24,primary,yes,25.375,24.75,0.625,False,False,333237,527219,729,"[14, 360]","[361, 707]",482,2026-08-11T13:30:02+09:00
1314,1,no,T0,primary,no,24.75,26.5,-1.75,False,True,333237,527219,729,"[14, 360]","[361, 707]",481,2026-08-11T13:30:02+09:00
1314,1,no,Trel8,primary,yes,25.5,24.375,1.125,False,False,333237,527219,729,"[14, 360]","[361, 707]",482,2026-08-11T13:30:03+09:00
2528,1,no,S,primary,no,24.75,31.25,-6.5,False,True,564511,506707,427,,,248,2026-08-11T13:30:03+09:00
2528,1,no,M,primary,no,24.625,26.0,-1.375,False,True,564511,506707,775,"[14, 406]","[407, 753]",522,2026-08-11T13:30:04+09:00
2528,1,no,T4,primary,no,25.25,28.75,-3.5,False,True,564511,506707,775,"[14, 406]","[407, 753]",523,2026-08-11T13:30:04+09:00
2528,1,no,T8,primary,no,25.125,29.375,-4.25,False,True,564511,506707,775,"[14, 406]","[407, 753]",524,2026-08-11T13:30:05+09:00
2528,1,no,T12,primary,no,25.0,29.375,-4.375,False,True,564511,506707,775,"[14, 406]","[407, 753]",525,2026-08-11T13:30:05+09:00
2528,1,no,T16,primary,no,24.625,28.875,-4.25,False,True,564511,506707,775,"[14, 406]","[407, 753]",525,2026-08-11T13:30:06+09:00
2528,1,no,T20,primary,no,23.875,26.375,-2.5,False,True,564511,506707,775,"[14, 406]","[407, 753]",528,2026-08-11T13:30:06+09:00
2528,1,no,T24,primary,no,24.375,26.125,-1.75,False,True,564511,506707,775,"[14, 406]","[407, 753]",528,2026-08-11T13:30:07+09:00
2528,1,no,T0,primary,no,25.0,29.0,-4.0,False,True,564511,506707,775,"[14, 406]","[407, 753]",527,2026-08-11T13:30:07+09:00
2528,1,no,Trel8,primary,yes,25.625,24.625,1.0,False,False,564511,506707,775,"[14, 406]","[407, 753]",528,2026-08-11T13:30:08+09:00
2394,1,no,S,primary,no,25.375,25.375,0.0,True,True,84410,73536,427,,,247,2026-08-11T13:30:08+09:00
2394,1,no,M,primary,yes,24.75,23.875,0.875,False,False,84410,73536,821,"[14, 406]","[407, 799]",572,2026-08-11T13:30:09+09:00
2394,1,no,T4,primary,yes,25.25,25.125,0.125,False,False,84410,73536,821,"[14, 406]","[407, 799]",575,2026-08-11T13:30:09+09:00
2394,1,no,T8,primary,yes,25.125,25.0,0.125,False,False,84410,73536,821,"[14, 406]","[407, 799]",575,2026-08-11T13:30:10+09:00
2394,1,no,T12,primary,yes,25.125,24.875,0.25,False,False,84410,73536,821,"[14, 406]","[407, 799]",575,2026-08-11T13:30:11+09:00
2394,1,no,T16,primary,no,24.625,24.875,-0.25,False,True,84410,73536,821,"[14, 406]","[407, 799]",578,2026-08-11T13:30:11+09:00
2394,1,no,T20,primary,no,24.375,24.625,-0.25,False,True,84410,73536,821,"[14, 406]","[407, 799]",578,2026-08-11T13:30:12+09:00
2394,1,no,T24,primary,yes,25.0,24.625,0.375,False,False,84410,73536,821,"[14, 406]","[407, 799]",576,2026-08-11T13:30:12+09:00
2394,1,no,T0,primary,yes,25.125,24.875,0.25,False,False,84410,73536,821,"[14, 406]","[407, 799]",577,2026-08-11T13:30:13+09:00
2394,1,no,Trel8,primary,yes,26.875,24.625,2.25,False,False,84410,73536,821,"[14, 406]","[407, 799]",575,2026-08-11T13:30:13+09:00
12,1,no,S,primary,yes,26.0,25.0,1.0,False,False,210789,298197,284,,,138,2026-08-11T13:30:14+09:00
12,1,no,M,primary,no,24.75,25.25,-0.5,False,True,210789,298197,678,"[14, 262]","[263, 655]",438,2026-08-11T13:30:14+09:00
12,1,no,T4,primary,yes,25.625,24.875,0.75,False,False,210789,298197,678,"[14, 262]","[263, 655]",440,2026-08-11T13:30:14+09:00
12,1,no,T8,primary,yes,25.625,25.0,0.625,False,False,210789,298197,678,"[14, 262]","[263, 655]",441,2026-08-11T13:30:15+09:00
12,1,no,T12,primary,yes,25.375,24.625,0.75,False,False,210789,298197,678,"[14, 262]","[263, 655]",441,2026-08-11T13:30:15+09:00
12,1,no,T16,primary,yes,24.625,24.0,0.625,False,False,210789,298197,678,"[14, 262]","[263, 655]",442,2026-08-11T13:30:16+09:00
12,1,no,T20,primary,no,24.75,24.75,0.0,True,True,210789,298197,678,"[14, 262]","[263, 655]",442,2026-08-11T13:30:16+09:00
12,1,no,T24,primary,no,24.625,25.25,-0.625,False,True,210789,298197,678,"[14, 262]","[263, 655]",441,2026-08-11T13:30:17+09:00
12,1,no,T0,primary,yes,25.625,24.75,0.875,False,False,210789,298197,678,"[14, 262]","[263, 655]",442,2026-08-11T13:30:17+09:00
12,1,no,Trel8,primary,no,24.75,24.875,-0.125,False,True,210789,298197,678,"[14, 262]","[263, 655]",442,2026-08-11T13:30:18+09:00
2012,1,no,M,primary,no,25.625,25.875,-0.25,False,True,501294,91654,822,"[14, 406]","[407, 799]",573,2026-08-11T13:30:18+09:00
2012,1,no,T4,primary,no,25.125,27.25,-2.125,False,True,501294,91654,822,"[14, 406]","[407, 799]",574,2026-08-11T13:30:19+09:00
2012,1,no,T8,primary,no,25.0,27.375,-2.375,False,True,501294,91654,822,"[14, 406]","[407, 799]",576,2026-08-11T13:30:19+09:00
2012,1,no,T12,primary,no,25.25,27.0,-1.75,False,True,501294,91654,822,"[14, 406]","[407, 799]",576,2026-08-11T13:30:20+09:00
2012,1,no,T16,primary,no,25.5,25.5,0.0,True,True,501294,91654,822,"[14, 406]","[407, 799]",577,2026-08-11T13:30:20+09:00
2012,1,no,T20,primary,yes,25.75,25.5,0.25,False,False,501294,91654,822,"[14, 406]","[407, 799]",575,2026-08-11T13:30:21+09:00
2012,1,no,T24,primary,no,25.75,26.0,-0.25,False,True,501294,91654,822,"[14, 406]","[407, 799]",575,2026-08-11T13:30:22+09:00
2012,1,no,T0,primary,no,25.125,27.25,-2.125,False,True,501294,91654,822,"[14, 406]","[407, 799]",579,2026-08-11T13:30:22+09:00
2012,1,no,Trel8,primary,yes,26.125,25.125,1.0,False,False,501294,91654,822,"[14, 406]","[407, 799]",578,2026-08-11T13:30:23+09:00
2064,1,no,S,primary,no,25.125,28.25,-3.125,False,True,262736,408840,381,,,206,2026-08-11T13:30:23+09:00
2064,1,no,M,primary,no,24.75,26.625,-1.875,False,True,262736,408840,637,"[14, 360]","[361, 615]",389,2026-08-11T13:30:23+09:00
2064,1,no,T4,primary,no,25.125,27.25,-2.125,False,True,262736,408840,637,"[14, 360]","[361, 615]",387,2026-08-11T13:30:24+09:00
2064,1,no,T8,primary,no,24.875,26.75,-1.875,False,True,262736,408840,637,"[14, 360]","[361, 615]",388,2026-08-11T13:30:24+09:00
2064,1,no,T12,primary,no,25.0,26.625,-1.625,False,True,262736,408840,637,"[14, 360]","[361, 615]",389,2026-08-11T13:30:25+09:00
2064,1,no,T16,primary,no,24.875,26.125,-1.25,False,True,262736,408840,637,"[14, 360]","[361, 615]",389,2026-08-11T13:30:25+09:00
2064,1,no,T20,primary,no,25.25,25.875,-0.625,False,True,262736,408840,637,"[14, 360]","[361, 615]",389,2026-08-11T13:30:25+09:00
2064,1,no,T24,primary,no,24.875,27.375,-2.5,False,True,262736,408840,637,"[14, 360]","[361, 615]",389,2026-08-11T13:30:26+09:00
2064,1,no,T0,primary,no,24.875,27.375,-2.5,False,True,262736,408840,637,"[14, 360]","[361, 615]",390,2026-08-11T13:30:26+09:00
2064,1,no,Trel8,primary,yes,28.5,25.0,3.5,False,False,262736,408840,637,"[14, 360]","[361, 615]",389,2026-08-11T13:30:27+09:00
400,1,no,S,primary,no,24.125,30.375,-6.25,False,True,21645,300000,270,,,133,2026-08-11T13:30:27+09:00
400,1,no,M,primary,no,24.375,29.0,-4.625,False,True,21645,300000,595,"[14, 249]","[250, 573]",360,2026-08-11T13:30:27+09:00
400,1,no,T4,primary,no,25.625,29.875,-4.25,False,True,21645,300000,595,"[14, 249]","[250, 573]",360,2026-08-11T13:30:27+09:00
400,1,no,T8,primary,no,25.375,30.0,-4.625,False,True,21645,300000,595,"[14, 249]","[250, 573]",358,2026-08-11T13:30:28+09:00
400,1,no,T12,primary,no,25.125,29.75,-4.625,False,True,21645,300000,595,"[14, 249]","[250, 573]",362,2026-08-11T13:30:28+09:00
400,1,no,T16,primary,no,24.625,29.625,-5.0,False,True,21645,300000,595,"[14, 249]","[250, 573]",361,2026-08-11T13:30:29+09:00
400,1,no,T20,primary,no,24.75,29.25,-4.5,False,True,21645,300000,595,"[14, 249]","[250, 573]",361,2026-08-11T13:30:29+09:00
400,1,no,T24,primary,no,24.75,29.25,-4.5,False,True,21645,300000,595,"[14, 249]","[250, 573]",361,2026-08-11T13:30:29+09:00
400,1,no,T0,primary,no,25.25,29.75,-4.5,False,True,21645,300000,595,"[14, 249]","[250, 573]",363,2026-08-11T13:30:30+09:00
400,1,no,Trel8,primary,no,24.75,27.25,-2.5,False,True,21645,300000,595,"[14, 249]","[250, 573]",363,2026-08-11T13:30:30+09:00
1502,1,no,M,primary,no,24.625,26.0,-1.375,False,True,384040,424247,798,"[14, 383]","[384, 776]",539,2026-08-11T13:30:31+09:00
1502,1,no,T4,primary,no,25.0,25.75,-0.75,False,True,384040,424247,798,"[14, 383]","[384, 776]",539,2026-08-11T13:30:31+09:00
1502,1,no,T8,primary,no,24.75,25.625,-0.875,False,True,384040,424247,798,"[14, 383]","[384, 776]",543,2026-08-11T13:30:32+09:00
1502,1,no,T12,primary,no,24.625,25.625,-1.0,False,True,384040,424247,798,"[14, 383]","[384, 776]",541,2026-08-11T13:30:32+09:00
1502,1,no,T16,primary,no,24.5,25.625,-1.125,False,True,384040,424247,798,"[14, 383]","[384, 776]",542,2026-08-11T13:30:33+09:00
1502,1,no,T20,primary,no,24.5,25.625,-1.125,False,True,384040,424247,798,"[14, 383]","[384, 776]",543,2026-08-11T13:30:33+09:00
1502,1,no,T24,primary,no,24.625,26.0,-1.375,False,True,384040,424247,798,"[14, 383]","[384, 776]",542,2026-08-11T13:30:34+09:00
1502,1,no,T0,primary,no,24.75,25.75,-1.0,False,True,384040,424247,798,"[14, 383]","[384, 776]",543,2026-08-11T13:30:34+09:00
1502,1,no,Trel8,primary,no,24.875,25.625,-0.75,False,True,384040,424247,798,"[14, 383]","[384, 776]",542,2026-08-11T13:30:35+09:00
998,1,no,S,primary,no,24.875,27.5,-2.625,False,True,468934,191359,427,,,249,2026-08-11T13:30:35+09:00
998,1,no,M,primary,yes,25.875,24.375,1.5,False,False,468934,191359,821,"[14, 406]","[407, 799]",574,2026-08-11T13:30:36+09:00
998,1,no,T4,primary,no,25.0,26.125,-1.125,False,True,468934,191359,821,"[14, 406]","[407, 799]",577,2026-08-11T13:30:36+09:00
998,1,no,T8,primary,no,24.75,26.125,-1.375,False,True,468934,191359,821,"[14, 406]","[407, 799]",577,2026-08-11T13:30:37+09:00
998,1,no,T12,primary,no,24.75,26.25,-1.5,False,True,468934,191359,821,"[14, 406]","[407, 799]",578,2026-08-11T13:30:38+09:00
998,1,no,T16,primary,no,24.25,26.0,-1.75,False,True,468934,191359,821,"[14, 406]","[407, 799]",579,2026-08-11T13:30:38+09:00
998,1,no,T20,primary,no,24.125,24.125,0.0,True,True,468934,191359,821,"[14, 406]","[407, 799]",577,2026-08-11T13:30:39+09:00
998,1,no,T24,primary,yes,25.625,24.375,1.25,False,False,468934,191359,821,"[14, 406]","[407, 799]",579,2026-08-11T13:30:39+09:00
998,1,no,T0,primary,no,24.625,26.125,-1.5,False,True,468934,191359,821,"[14, 406]","[407, 799]",579,2026-08-11T13:30:40+09:00
998,1,no,Trel8,primary,yes,27.625,24.5,3.125,False,False,468934,191359,821,"[14, 406]","[407, 799]",578,2026-08-11T13:30:40+09:00
802,1,no,M,primary,no,24.75,26.75,-2.0,False,True,147289,497791,739,"[14, 499]","[500, 717]",491,2026-08-11T13:30:41+09:00
802,1,no,T4,primary,no,24.625,26.625,-2.0,False,True,147289,497791,739,"[14, 499]","[500, 717]",489,2026-08-11T13:30:41+09:00
802,1,no,T8,primary,no,24.625,26.375,-1.75,False,True,147289,497791,739,"[14, 499]","[500, 717]",491,2026-08-11T13:30:42+09:00
802,1,no,T12,primary,no,24.625,26.125,-1.5,False,True,147289,497791,739,"[14, 499]","[500, 717]",492,2026-08-11T13:30:42+09:00
802,1,no,T16,primary,no,24.5,25.5,-1.0,False,True,147289,497791,739,"[14, 499]","[500, 717]",492,2026-08-11T13:30:43+09:00
802,1,no,T20,primary,no,25.125,25.625,-0.5,False,True,147289,497791,739,"[14, 499]","[500, 717]",492,2026-08-11T13:30:43+09:00
802,1,no,T24,primary,no,24.875,27.0,-2.125,False,True,147289,497791,739,"[14, 499]","[500, 717]",491,2026-08-11T13:30:44+09:00
802,1,no,T0,primary,no,24.625,26.625,-2.0,False,True,147289,497791,739,"[14, 499]","[500, 717]",493,2026-08-11T13:30:44+09:00
802,1,no,Trel8,primary,yes,26.375,25.125,1.25,False,False,147289,497791,739,"[14, 499]","[500, 717]",492,2026-08-11T13:30:45+09:00
2318,1,no,S,primary,no,24.375,28.75,-4.375,False,True,553992,556064,271,,,134,2026-08-11T13:30:45+09:00
2318,1,no,M,primary,no,25.125,25.625,-0.5,False,True,553992,556064,665,"[14, 249]","[250, 642]",432,2026-08-11T13:30:46+09:00
2318,1,no,T4,primary,no,25.25,28.5,-3.25,False,True,553992,556064,665,"[14, 249]","[250, 642]",433,2026-08-11T13:30:46+09:00
2318,1,no,T8,primary,no,25.125,28.75,-3.625,False,True,553992,556064,665,"[14, 249]","[250, 642]",435,2026-08-11T13:30:46+09:00
2318,1,no,T12,primary,no,25.125,28.375,-3.25,False,True,553992,556064,665,"[14, 249]","[250, 642]",436,2026-08-11T13:30:47+09:00
2318,1,no,T16,primary,no,25.0,27.625,-2.625,False,True,553992,556064,665,"[14, 249]","[250, 642]",436,2026-08-11T13:30:47+09:00
2318,1,no,T20,primary,no,25.0,25.875,-0.875,False,True,553992,556064,665,"[14, 249]","[250, 642]",436,2026-08-11T13:30:48+09:00
2318,1,no,T24,primary,no,25.125,25.75,-0.625,False,True,553992,556064,665,"[14, 249]","[250, 642]",436,2026-08-11T13:30:48+09:00
2318,1,no,T0,primary,no,25.0,28.75,-3.75,False,True,553992,556064,665,"[14, 249]","[250, 642]",435,2026-08-11T13:30:49+09:00
2318,1,no,Trel8,primary,yes,26.0,24.875,1.125,False,False,553992,556064,665,"[14, 249]","[250, 642]",436,2026-08-11T13:30:49+09:00
2680,1,no,S,primary,no,25.0,25.875,-0.875,False,True,224155,81315,270,,,134,2026-08-11T13:30:49+09:00
2680,1,no,M,primary,yes,24.75,24.375,0.375,False,False,224155,81315,664,"[14, 249]","[250, 642]",432,2026-08-11T13:30:50+09:00
2680,1,no,T4,primary,no,25.5,26.0,-0.5,False,True,224155,81315,664,"[14, 249]","[250, 642]",431,2026-08-11T13:30:50+09:00
2680,1,no,T8,primary,no,25.125,25.75,-0.625,False,True,224155,81315,664,"[14, 249]","[250, 642]",434,2026-08-11T13:30:51+09:00
2680,1,no,T12,primary,no,25.0,25.75,-0.75,False,True,224155,81315,664,"[14, 249]","[250, 642]",434,2026-08-11T13:30:51+09:00
2680,1,no,T16,primary,no,24.375,25.25,-0.875,False,True,224155,81315,664,"[14, 249]","[250, 642]",435,2026-08-11T13:30:51+09:00
2680,1,no,T20,primary,no,24.75,26.875,-2.125,False,True,224155,81315,664,"[14, 249]","[250, 642]",435,2026-08-11T13:30:52+09:00
2680,1,no,T24,primary,yes,25.125,24.625,0.5,False,False,224155,81315,664,"[14, 249]","[250, 642]",435,2026-08-11T13:30:52+09:00
2680,1,no,T0,primary,no,25.5,26.125,-0.625,False,True,224155,81315,664,"[14, 249]","[250, 642]",435,2026-08-11T13:30:53+09:00
2680,1,no,Trel8,primary,yes,26.25,24.875,1.375,False,False,224155,81315,664,"[14, 249]","[250, 642]",435,2026-08-11T13:30:53+09:00
2276,1,no,S,primary,no,24.25,29.875,-5.625,False,True,368541,209989,428,,,248,2026-08-11T13:30:53+09:00
2276,1,no,M,primary,no,24.375,26.25,-1.875,False,True,368541,209989,822,"[14, 406]","[407, 799]",574,2026-08-11T13:30:54+09:00
2276,1,no,T4,primary,no,25.0,28.625,-3.625,False,True,368541,209989,822,"[14, 406]","[407, 799]",578,2026-08-11T13:30:55+09:00
2276,1,no,T8,primary,no,24.75,28.875,-4.125,False,True,368541,209989,822,"[14, 406]","[407, 799]",579,2026-08-11T13:30:55+09:00
2276,1,no,T12,primary,no,24.75,28.875,-4.125,False,True,368541,209989,822,"[14, 406]","[407, 799]",578,2026-08-11T13:30:56+09:00
2276,1,no,T16,primary,no,24.625,28.125,-3.5,False,True,368541,209989,822,"[14, 406]","[407, 799]",579,2026-08-11T13:30:56+09:00
2276,1,no,T20,primary,no,24.125,26.375,-2.25,False,True,368541,209989,822,"[14, 406]","[407, 799]",578,2026-08-11T13:30:57+09:00
2276,1,no,T24,primary,no,24.5,26.25,-1.75,False,True,368541,209989,822,"[14, 406]","[407, 799]",578,2026-08-11T13:30:58+09:00
2276,1,no,T0,primary,no,24.625,28.25,-3.625,False,True,368541,209989,822,"[14, 406]","[407, 799]",579,2026-08-11T13:30:58+09:00
2276,1,no,Trel8,primary,yes,25.625,25.25,0.375,False,False,368541,209989,822,"[14, 406]","[407, 799]",578,2026-08-11T13:30:59+09:00
828,1,no,M,primary,no,24.625,27.125,-2.5,False,True,327532,243875,753,"[14, 360]","[361, 730]",493,2026-08-11T13:30:59+09:00
828,1,no,T4,primary,no,25.375,27.5,-2.125,False,True,327532,243875,753,"[14, 360]","[361, 730]",492,2026-08-11T13:31:00+09:00
828,1,no,T8,primary,no,25.125,27.375,-2.25,False,True,327532,243875,753,"[14, 360]","[361, 730]",495,2026-08-11T13:31:00+09:00
828,1,no,T12,primary,no,25.125,27.125,-2.0,False,True,327532,243875,753,"[14, 360]","[361, 730]",496,2026-08-11T13:31:01+09:00
828,1,no,T16,primary,no,25.0,27.0,-2.0,False,True,327532,243875,753,"[14, 360]","[361, 730]",496,2026-08-11T13:31:01+09:00
828,1,no,T20,primary,no,24.875,26.75,-1.875,False,True,327532,243875,753,"[14, 360]","[361, 730]",495,2026-08-11T13:31:02+09:00
828,1,no,T24,primary,no,24.75,27.25,-2.5,False,True,327532,243875,753,"[14, 360]","[361, 730]",496,2026-08-11T13:31:02+09:00
828,1,no,T0,primary,no,24.875,27.25,-2.375,False,True,327532,243875,753,"[14, 360]","[361, 730]",496,2026-08-11T13:31:03+09:00
828,1,no,Trel8,primary,no,25.125,25.75,-0.625,False,True,327532,243875,753,"[14, 360]","[361, 730]",496,2026-08-11T13:31:03+09:00
1128,1,no,S,primary,no,24.875,26.25,-1.375,False,True,11241,170716,381,,,206,2026-08-11T13:31:03+09:00
1128,1,no,M,primary,no,24.375,26.125,-1.75,False,True,11241,170716,752,"[14, 360]","[361, 730]",491,2026-08-11T13:31:04+09:00
1128,1,no,T4,primary,no,24.625,26.125,-1.5,False,True,11241,170716,752,"[14, 360]","[361, 730]",492,2026-08-11T13:31:04+09:00
1128,1,no,T8,primary,no,24.5,26.25,-1.75,False,True,11241,170716,752,"[14, 360]","[361, 730]",494,2026-08-11T13:31:05+09:00
1128,1,no,T12,primary,no,24.75,26.125,-1.375,False,True,11241,170716,752,"[14, 360]","[361, 730]",494,2026-08-11T13:31:05+09:00
1128,1,no,T16,primary,no,24.5,25.625,-1.125,False,True,11241,170716,752,"[14, 360]","[361, 730]",494,2026-08-11T13:31:06+09:00
1128,1,no,T20,primary,no,24.375,25.375,-1.0,False,True,11241,170716,752,"[14, 360]","[361, 730]",493,2026-08-11T13:31:06+09:00
1128,1,no,T24,primary,no,24.75,26.375,-1.625,False,True,11241,170716,752,"[14, 360]","[361, 730]",495,2026-08-11T13:31:07+09:00
1128,1,no,T0,primary,no,24.375,26.0,-1.625,False,True,11241,170716,752,"[14, 360]","[361, 730]",494,2026-08-11T13:31:07+09:00
1128,1,no,Trel8,primary,yes,25.0,24.5,0.5,False,False,11241,170716,752,"[14, 360]","[361, 730]",495,2026-08-11T13:31:08+09:00
440,1,no,S,primary,no,24.75,29.875,-5.125,False,True,231589,120357,382,,,206,2026-08-11T13:31:08+09:00
440,1,no,M,primary,no,25.125,28.25,-3.125,False,True,231589,120357,730,"[14, 360]","[361, 707]",479,2026-08-11T13:31:09+09:00
440,1,no,T4,primary,no,25.5,28.0,-2.5,False,True,231589,120357,730,"[14, 360]","[361, 707]",479,2026-08-11T13:31:09+09:00
440,1,no,T8,primary,no,25.25,27.875,-2.625,False,True,231589,120357,730,"[14, 360]","[361, 707]",482,2026-08-11T13:31:10+09:00
440,1,no,T12,primary,no,25.5,28.0,-2.5,False,True,231589,120357,730,"[14, 360]","[361, 707]",482,2026-08-11T13:31:10+09:00
440,1,no,T16,primary,no,25.25,27.375,-2.125,False,True,231589,120357,730,"[14, 360]","[361, 707]",481,2026-08-11T13:31:11+09:00
440,1,no,T20,primary,no,25.25,27.75,-2.5,False,True,231589,120357,730,"[14, 360]","[361, 707]",483,2026-08-11T13:31:11+09:00
440,1,no,T24,primary,no,25.125,28.5,-3.375,False,True,231589,120357,730,"[14, 360]","[361, 707]",482,2026-08-11T13:31:12+09:00
440,1,no,T0,primary,no,25.125,28.125,-3.0,False,True,231589,120357,730,"[14, 360]","[361, 707]",482,2026-08-11T13:31:12+09:00
440,1,no,Trel8,primary,yes,25.875,25.5,0.375,False,False,231589,120357,730,"[14, 360]","[361, 707]",483,2026-08-11T13:31:12+09:00
82,1,no,S,primary,no,24.875,26.0,-1.125,False,True,569839,143445,252,,,124,2026-08-11T13:31:13+09:00
82,1,no,M,primary,yes,25.875,24.25,1.625,False,False,569839,143445,489,"[14, 231]","[232, 467]",282,2026-08-11T13:31:13+09:00
82,1,no,T4,primary,no,25.25,26.0,-0.75,False,True,569839,143445,489,"[14, 231]","[232, 467]",284,2026-08-11T13:31:13+09:00
82,1,no,T8,primary,no,25.0,25.875,-0.875,False,True,569839,143445,489,"[14, 231]","[232, 467]",284,2026-08-11T13:31:14+09:00
82,1,no,T12,primary,no,24.875,25.875,-1.0,False,True,569839,143445,489,"[14, 231]","[232, 467]",284,2026-08-11T13:31:14+09:00
82,1,no,T16,primary,no,24.5,25.375,-0.875,False,True,569839,143445,489,"[14, 231]","[232, 467]",284,2026-08-11T13:31:14+09:00
82,1,no,T20,primary,yes,24.75,24.5,0.25,False,False,569839,143445,489,"[14, 231]","[232, 467]",283,2026-08-11T13:31:14+09:00
82,1,no,T24,primary,yes,25.625,24.25,1.375,False,False,569839,143445,489,"[14, 231]","[232, 467]",282,2026-08-11T13:31:15+09:00
82,1,no,T0,primary,no,25.125,26.0,-0.875,False,True,569839,143445,489,"[14, 231]","[232, 467]",283,2026-08-11T13:31:15+09:00
82,1,no,Trel8,primary,yes,27.875,25.25,2.625,False,False,569839,143445,489,"[14, 231]","[232, 467]",284,2026-08-11T13:31:15+09:00
884,1,no,S,primary,yes,26.0,25.5,0.5,False,False,87435,13177,335,,,183,2026-08-11T13:31:15+09:00
884,1,no,M,primary,yes,26.375,25.25,1.125,False,False,87435,13177,683,"[14, 314]","[315, 661]",444,2026-08-11T13:31:16+09:00
884,1,no,T4,primary,no,25.25,25.5,-0.25,False,True,87435,13177,683,"[14, 314]","[315, 661]",445,2026-08-11T13:31:16+09:00
884,1,no,T8,primary,no,24.875,25.375,-0.5,False,True,87435,13177,683,"[14, 314]","[315, 661]",448,2026-08-11T13:31:17+09:00
884,1,no,T12,primary,no,25.125,25.5,-0.375,False,True,87435,13177,683,"[14, 314]","[315, 661]",447,2026-08-11T13:31:17+09:00
884,1,no,T16,primary,no,24.625,25.375,-0.75,False,True,87435,13177,683,"[14, 314]","[315, 661]",447,2026-08-11T13:31:18+09:00
884,1,no,T20,primary,yes,25.375,25.25,0.125,False,False,87435,13177,683,"[14, 314]","[315, 661]",448,2026-08-11T13:31:18+09:00
884,1,no,T24,primary,yes,26.375,25.25,1.125,False,False,87435,13177,683,"[14, 314]","[315, 661]",447,2026-08-11T13:31:19+09:00
884,1,no,T0,primary,no,25.0,25.25,-0.25,False,True,87435,13177,683,"[14, 314]","[315, 661]",448,2026-08-11T13:31:19+09:00
884,1,no,Trel8,primary,yes,26.125,24.875,1.25,False,False,87435,13177,683,"[14, 314]","[315, 661]",447,2026-08-11T13:31:19+09:00
1806,1,no,S,primary,yes,25.5,25.125,0.375,False,False,465418,124614,382,,,206,2026-08-11T13:31:20+09:00
1806,1,no,M,primary,yes,24.75,24.25,0.5,False,False,465418,124614,619,"[14, 360]","[361, 596]",379,2026-08-11T13:31:20+09:00
1806,1,no,T4,primary,yes,25.375,25.25,0.125,False,False,465418,124614,619,"[14, 360]","[361, 596]",380,2026-08-11T13:31:21+09:00
1806,1,no,T8,primary,no,25.125,25.125,0.0,True,True,465418,124614,619,"[14, 360]","[361, 596]",382,2026-08-11T13:31:21+09:00
1806,1,no,T12,primary,no,25.125,25.125,0.0,True,True,465418,124614,619,"[14, 360]","[361, 596]",382,2026-08-11T13:31:21+09:00
1806,1,no,T16,primary,no,24.75,25.0,-0.25,False,True,465418,124614,619,"[14, 360]","[361, 596]",382,2026-08-11T13:31:22+09:00
1806,1,no,T20,primary,yes,24.875,24.625,0.25,False,False,465418,124614,619,"[14, 360]","[361, 596]",381,2026-08-11T13:31:22+09:00
1806,1,no,T24,primary,yes,24.75,24.375,0.375,False,False,465418,124614,619,"[14, 360]","[361, 596]",383,2026-08-11T13:31:22+09:00
1806,1,no,T0,primary,no,25.125,25.125,0.0,True,True,465418,124614,619,"[14, 360]","[361, 596]",383,2026-08-11T13:31:23+09:00
1806,1,no,Trel8,primary,yes,25.0,24.25,0.75,False,False,465418,124614,619,"[14, 360]","[361, 596]",380,2026-08-11T13:31:23+09:00
600,1,no,M,primary,no,24.5,30.0,-5.5,False,True,105732,29138,822,"[14, 406]","[407, 799]",575,2026-08-11T13:31:24+09:00
600,1,no,T4,primary,no,24.75,29.5,-4.75,False,True,105732,29138,822,"[14, 406]","[407, 799]",575,2026-08-11T13:31:24+09:00
600,1,no,T8,primary,no,24.5,29.625,-5.125,False,True,105732,29138,822,"[14, 406]","[407, 799]",577,2026-08-11T13:31:25+09:00
600,1,no,T12,primary,no,24.625,29.5,-4.875,False,True,105732,29138,822,"[14, 406]","[407, 799]",577,2026-08-11T13:31:26+09:00
600,1,no,T16,primary,no,24.5,29.5,-5.0,False,True,105732,29138,822,"[14, 406]","[407, 799]",578,2026-08-11T13:31:26+09:00
600,1,no,T20,primary,no,24.5,29.375,-4.875,False,True,105732,29138,822,"[14, 406]","[407, 799]",577,2026-08-11T13:31:27+09:00
600,1,no,T24,primary,no,24.75,30.375,-5.625,False,True,105732,29138,822,"[14, 406]","[407, 799]",575,2026-08-11T13:31:27+09:00
600,1,no,T0,primary,no,24.375,29.375,-5.0,False,True,105732,29138,822,"[14, 406]","[407, 799]",579,2026-08-11T13:31:28+09:00
600,1,no,Trel8,primary,no,24.75,29.375,-4.625,False,True,105732,29138,822,"[14, 406]","[407, 799]",579,2026-08-11T13:31:28+09:00
2350,1,no,M,primary,no,24.75,27.0,-2.25,False,True,477598,445371,647,"[14, 231]","[232, 624]",416,2026-08-11T13:31:29+09:00
2350,1,no,T4,primary,no,25.375,27.75,-2.375,False,True,477598,445371,647,"[14, 231]","[232, 624]",415,2026-08-11T13:31:29+09:00
2350,1,no,T8,primary,no,25.375,28.125,-2.75,False,True,477598,445371,647,"[14, 231]","[232, 624]",416,2026-08-11T13:31:30+09:00
2350,1,no,T12,primary,no,25.375,28.375,-3.0,False,True,477598,445371,647,"[14, 231]","[232, 624]",416,2026-08-11T13:31:30+09:00
2350,1,no,T16,primary,no,24.875,28.375,-3.5,False,True,477598,445371,647,"[14, 231]","[232, 624]",417,2026-08-11T13:31:31+09:00
2350,1,no,T20,primary,no,25.0,27.5,-2.5,False,True,477598,445371,647,"[14, 231]","[232, 624]",417,2026-08-11T13:31:31+09:00
2350,1,no,T24,primary,no,25.0,27.0,-2.0,False,True,477598,445371,647,"[14, 231]","[232, 624]",415,2026-08-11T13:31:31+09:00
2350,1,no,T0,primary,no,25.25,27.875,-2.625,False,True,477598,445371,647,"[14, 231]","[232, 624]",415,2026-08-11T13:31:32+09:00
2350,1,no,Trel8,primary,no,25.125,26.25,-1.125,False,True,477598,445371,647,"[14, 231]","[232, 624]",418,2026-08-11T13:31:32+09:00
2674,1,no,S,primary,no,25.5,29.0,-3.5,False,True,365317,395291,382,,,206,2026-08-11T13:31:32+09:00
2674,1,no,M,primary,no,25.0,26.0,-1.0,False,True,365317,395291,776,"[14, 360]","[361, 753]",524,2026-08-11T13:31:33+09:00
2674,1,no,T4,primary,no,25.625,27.25,-1.625,False,True,365317,395291,776,"[14, 360]","[361, 753]",526,2026-08-11T13:31:34+09:00
2674,1,no,T8,primary,no,25.375,27.25,-1.875,False,True,365317,395291,776,"[14, 360]","[361, 753]",527,2026-08-11T13:31:34+09:00
2674,1,no,T12,primary,no,25.625,27.375,-1.75,False,True,365317,395291,776,"[14, 360]","[361, 753]",526,2026-08-11T13:31:35+09:00
2674,1,no,T16,primary,no,25.0,26.5,-1.5,False,True,365317,395291,776,"[14, 360]","[361, 753]",527,2026-08-11T13:31:35+09:00
2674,1,no,T20,primary,no,25.125,25.375,-0.25,False,True,365317,395291,776,"[14, 360]","[361, 753]",526,2026-08-11T13:31:36+09:00
2674,1,no,T24,primary,no,25.0,25.75,-0.75,False,True,365317,395291,776,"[14, 360]","[361, 753]",525,2026-08-11T13:31:36+09:00
2674,1,no,T0,primary,no,25.5,27.5,-2.0,False,True,365317,395291,776,"[14, 360]","[361, 753]",526,2026-08-11T13:31:37+09:00
2674,1,no,Trel8,primary,yes,26.375,24.75,1.625,False,False,365317,395291,776,"[14, 360]","[361, 753]",526,2026-08-11T13:31:37+09:00
72,1,no,M,primary,no,24.875,25.75,-0.875,False,True,353180,577355,730,"[14, 360]","[361, 707]",478,2026-08-11T13:31:38+09:00
72,1,no,T4,primary,no,25.125,27.5,-2.375,False,True,353180,577355,730,"[14, 360]","[361, 707]",480,2026-08-11T13:31:38+09:00
72,1,no,T8,primary,no,24.875,27.25,-2.375,False,True,353180,577355,730,"[14, 360]","[361, 707]",482,2026-08-11T13:31:39+09:00
72,1,no,T12,primary,no,25.25,27.125,-1.875,False,True,353180,577355,730,"[14, 360]","[361, 707]",482,2026-08-11T13:31:39+09:00
72,1,no,T16,primary,no,24.375,25.25,-0.875,False,True,353180,577355,730,"[14, 360]","[361, 707]",483,2026-08-11T13:31:40+09:00
72,1,no,T20,primary,no,25.25,25.25,0.0,True,True,353180,577355,730,"[14, 360]","[361, 707]",480,2026-08-11T13:31:40+09:00
72,1,no,T24,primary,no,24.875,25.875,-1.0,False,True,353180,577355,730,"[14, 360]","[361, 707]",480,2026-08-11T13:31:41+09:00
72,1,no,T0,primary,no,25.125,27.75,-2.625,False,True,353180,577355,730,"[14, 360]","[361, 707]",481,2026-08-11T13:31:41+09:00
72,1,no,Trel8,primary,yes,28.25,25.125,3.125,False,False,353180,577355,730,"[14, 360]","[361, 707]",482,2026-08-11T13:31:42+09:00
1154,1,no,S,primary,no,24.625,26.5,-1.875,False,True,376959,319743,427,,,249,2026-08-11T13:31:42+09:00
1154,1,no,M,primary,no,24.5,25.875,-1.375,False,True,376959,319743,821,"[14, 406]","[407, 799]",575,2026-08-11T13:31:43+09:00
1154,1,no,T4,primary,no,24.75,25.5,-0.75,False,True,376959,319743,821,"[14, 406]","[407, 799]",578,2026-08-11T13:31:43+09:00
1154,1,no,T8,primary,no,24.625,25.5,-0.875,False,True,376959,319743,821,"[14, 406]","[407, 799]",578,2026-08-11T13:31:44+09:00
1154,1,no,T12,primary,no,24.625,25.375,-0.75,False,True,376959,319743,821,"[14, 406]","[407, 799]",580,2026-08-11T13:31:44+09:00
1154,1,no,T16,primary,no,24.5,25.25,-0.75,False,True,376959,319743,821,"[14, 406]","[407, 799]",575,2026-08-11T13:31:45+09:00
1154,1,no,T20,primary,no,24.625,25.625,-1.0,False,True,376959,319743,821,"[14, 406]","[407, 799]",575,2026-08-11T13:31:45+09:00
1154,1,no,T24,primary,no,24.75,26.125,-1.375,False,True,376959,319743,821,"[14, 406]","[407, 799]",577,2026-08-11T13:31:46+09:00
1154,1,no,T0,primary,no,24.5,25.5,-1.0,False,True,376959,319743,821,"[14, 406]","[407, 799]",579,2026-08-11T13:31:47+09:00
1154,1,no,Trel8,primary,no,24.75,25.875,-1.125,False,True,376959,319743,821,"[14, 406]","[407, 799]",578,2026-08-11T13:31:47+09:00
2682,1,no,S,primary,no,24.25,29.0,-4.75,False,True,224155,312298,271,,,134,2026-08-11T13:31:47+09:00
2682,1,no,M,primary,no,24.875,28.0,-3.125,False,True,224155,312298,734,"[14, 249]","[250, 711]",485,2026-08-11T13:31:48+09:00
2682,1,no,T4,primary,no,24.875,28.5,-3.625,False,True,224155,312298,734,"[14, 249]","[250, 711]",484,2026-08-11T13:31:48+09:00
2682,1,no,T8,primary,no,24.875,28.75,-3.875,False,True,224155,312298,734,"[14, 249]","[250, 711]",487,2026-08-11T13:31:49+09:00
2682,1,no,T12,primary,no,24.875,28.875,-4.0,False,True,224155,312298,734,"[14, 249]","[250, 711]",486,2026-08-11T13:31:49+09:00
2682,1,no,T16,primary,no,24.75,27.75,-3.0,False,True,224155,312298,734,"[14, 249]","[250, 711]",484,2026-08-11T13:31:50+09:00
2682,1,no,T20,primary,no,25.0,27.75,-2.75,False,True,224155,312298,734,"[14, 249]","[250, 711]",485,2026-08-11T13:31:50+09:00
2682,1,no,T24,primary,no,24.875,28.125,-3.25,False,True,224155,312298,734,"[14, 249]","[250, 711]",486,2026-08-11T13:31:51+09:00
2682,1,no,T0,primary,no,24.75,28.625,-3.875,False,True,224155,312298,734,"[14, 249]","[250, 711]",486,2026-08-11T13:31:51+09:00
2682,1,no,Trel8,primary,no,25.25,26.0,-0.75,False,True,224155,312298,734,"[14, 249]","[250, 711]",484,2026-08-11T13:31:52+09:00
2928,1,no,S,primary,no,25.0,31.625,-6.625,False,True,377951,67502,381,,,206,2026-08-11T13:31:52+09:00
2928,1,no,M,primary,no,24.25,25.625,-1.375,False,True,377951,67502,618,"[14, 360]","[361, 596]",378,2026-08-11T13:31:52+09:00
2928,1,no,T4,primary,no,25.5,28.75,-3.25,False,True,377951,67502,618,"[14, 360]","[361, 596]",378,2026-08-11T13:31:53+09:00
2928,1,no,T8,primary,no,25.25,29.125,-3.875,False,True,377951,67502,618,"[14, 360]","[361, 596]",380,2026-08-11T13:31:53+09:00
2928,1,no,T12,primary,no,24.875,28.875,-4.0,False,True,377951,67502,618,"[14, 360]","[361, 596]",381,2026-08-11T13:31:53+09:00
2928,1,no,T16,primary,no,24.625,28.5,-3.875,False,True,377951,67502,618,"[14, 360]","[361, 596]",379,2026-08-11T13:31:54+09:00
2928,1,no,T20,primary,no,24.125,26.875,-2.75,False,True,377951,67502,618,"[14, 360]","[361, 596]",379,2026-08-11T13:31:54+09:00
2928,1,no,T24,primary,no,24.0,26.0,-2.0,False,True,377951,67502,618,"[14, 360]","[361, 596]",379,2026-08-11T13:31:55+09:00
2928,1,no,T0,primary,no,25.25,28.75,-3.5,False,True,377951,67502,618,"[14, 360]","[361, 596]",381,2026-08-11T13:31:55+09:00
2928,1,no,Trel8,primary,yes,25.375,25.0,0.375,False,False,377951,67502,618,"[14, 360]","[361, 596]",380,2026-08-11T13:31:55+09:00
2690,1,no,S,primary,no,25.375,26.375,-1.0,False,True,265472,162829,271,,,134,2026-08-11T13:31:56+09:00
2690,1,no,M,primary,yes,25.75,25.5,0.25,False,False,265472,162829,619,"[14, 249]","[250, 596]",379,2026-08-11T13:31:56+09:00
2690,1,no,T4,primary,no,25.625,26.375,-0.75,False,True,265472,162829,619,"[14, 249]","[250, 596]",380,2026-08-11T13:31:56+09:00
2690,1,no,T8,primary,no,25.5,26.0,-0.5,False,True,265472,162829,619,"[14, 249]","[250, 596]",381,2026-08-11T13:31:57+09:00
2690,1,no,T12,primary,no,25.625,25.75,-0.125,False,True,265472,162829,619,"[14, 249]","[250, 596]",382,2026-08-11T13:31:57+09:00
2690,1,no,T16,primary,no,25.625,25.625,0.0,True,True,265472,162829,619,"[14, 249]","[250, 596]",383,2026-08-11T13:31:57+09:00
2690,1,no,T20,primary,yes,26.0,25.125,0.875,False,False,265472,162829,619,"[14, 249]","[250, 596]",382,2026-08-11T13:31:58+09:00
2690,1,no,T24,primary,yes,26.0,25.625,0.375,False,False,265472,162829,619,"[14, 249]","[250, 596]",380,2026-08-11T13:31:58+09:00
2690,1,no,T0,primary,no,25.5,26.375,-0.875,False,True,265472,162829,619,"[14, 249]","[250, 596]",380,2026-08-11T13:31:59+09:00
2690,1,no,Trel8,primary,yes,26.875,25.0,1.875,False,False,265472,162829,619,"[14, 249]","[250, 596]",379,2026-08-11T13:31:59+09:00
984,1,no,M,primary,yes,25.0,24.75,0.25,False,False,197219,355430,729,"[14, 360]","[361, 707]",480,2026-08-11T13:32:00+09:00
984,1,no,T4,primary,no,24.625,25.125,-0.5,False,True,197219,355430,729,"[14, 360]","[361, 707]",480,2026-08-11T13:32:00+09:00
984,1,no,T8,primary,no,24.5,25.125,-0.625,False,True,197219,355430,729,"[14, 360]","[361, 707]",481,2026-08-11T13:32:00+09:00
984,1,no,T12,primary,no,24.875,24.875,0.0,True,True,197219,355430,729,"[14, 360]","[361, 707]",479,2026-08-11T13:32:01+09:00
984,1,no,T16,primary,no,24.375,25.125,-0.75,False,True,197219,355430,729,"[14, 360]","[361, 707]",481,2026-08-11T13:32:01+09:00
984,1,no,T20,primary,no,24.625,24.625,0.0,True,True,197219,355430,729,"[14, 360]","[361, 707]",481,2026-08-11T13:32:02+09:00
984,1,no,T24,primary,yes,25.125,24.75,0.375,False,False,197219,355430,729,"[14, 360]","[361, 707]",482,2026-08-11T13:32:02+09:00
984,1,no,T0,primary,no,24.75,25.0,-0.25,False,True,197219,355430,729,"[14, 360]","[361, 707]",482,2026-08-11T13:32:03+09:00
984,1,no,Trel8,primary,no,24.375,24.625,-0.25,False,True,197219,355430,729,"[14, 360]","[361, 707]",482,2026-08-11T13:32:03+09:00
8,1,no,S,primary,yes,25.5,25.25,0.25,False,False,210789,437859,283,,,136,2026-08-11T13:32:04+09:00
8,1,no,M,primary,yes,25.5,25.375,0.125,False,False,210789,437859,677,"[14, 262]","[263, 655]",439,2026-08-11T13:32:04+09:00
8,1,no,T4,primary,no,25.25,25.5,-0.25,False,True,210789,437859,677,"[14, 262]","[263, 655]",440,2026-08-11T13:32:04+09:00
8,1,no,T8,primary,no,25.125,25.625,-0.5,False,True,210789,437859,677,"[14, 262]","[263, 655]",441,2026-08-11T13:32:05+09:00
8,1,no,T12,primary,no,25.0,25.25,-0.25,False,True,210789,437859,677,"[14, 262]","[263, 655]",440,2026-08-11T13:32:05+09:00
8,1,no,T16,primary,no,24.75,25.0,-0.25,False,True,210789,437859,677,"[14, 262]","[263, 655]",438,2026-08-11T13:32:06+09:00
8,1,no,T20,primary,yes,25.875,25.0,0.875,False,False,210789,437859,677,"[14, 262]","[263, 655]",441,2026-08-11T13:32:06+09:00
8,1,no,T24,primary,yes,25.5,25.375,0.125,False,False,210789,437859,677,"[14, 262]","[263, 655]",441,2026-08-11T13:32:07+09:00
8,1,no,T0,primary,no,25.0,25.25,-0.25,False,True,210789,437859,677,"[14, 262]","[263, 655]",443,2026-08-11T13:32:07+09:00
8,1,no,Trel8,primary,yes,26.875,24.625,2.25,False,False,210789,437859,677,"[14, 262]","[263, 655]",438,2026-08-11T13:32:08+09:00
368,1,no,M,primary,no,24.875,26.25,-1.375,False,True,354088,386912,775,"[14, 360]","[361, 753]",523,2026-08-11T13:32:08+09:00
368,1,no,T4,primary,no,25.0,26.625,-1.625,False,True,354088,386912,775,"[14, 360]","[361, 753]",520,2026-08-11T13:32:09+09:00
368,1,no,T8,primary,no,24.625,26.5,-1.875,False,True,354088,386912,775,"[14, 360]","[361, 753]",525,2026-08-11T13:32:09+09:00
368,1,no,T12,primary,no,24.875,26.875,-2.0,False,True,354088,386912,775,"[14, 360]","[361, 753]",527,2026-08-11T13:32:10+09:00
368,1,no,T16,primary,no,24.75,27.375,-2.625,False,True,354088,386912,775,"[14, 360]","[361, 753]",528,2026-08-11T13:32:10+09:00
368,1,no,T20,primary,no,24.875,26.875,-2.0,False,True,354088,386912,775,"[14, 360]","[361, 753]",524,2026-08-11T13:32:11+09:00
368,1,no,T24,primary,no,25.125,26.625,-1.5,False,True,354088,386912,775,"[14, 360]","[361, 753]",529,2026-08-11T13:32:11+09:00
368,1,no,T0,primary,no,24.5,26.375,-1.875,False,True,354088,386912,775,"[14, 360]","[361, 753]",526,2026-08-11T13:32:12+09:00
368,1,no,Trel8,primary,yes,25.25,25.0,0.25,False,False,354088,386912,775,"[14, 360]","[361, 753]",524,2026-08-11T13:32:12+09:00
678,1,no,S,primary,no,25.375,26.0,-0.625,False,True,370900,357391,427,,,249,2026-08-11T13:32:13+09:00
678,1,no,M,primary,no,25.0,25.625,-0.625,False,True,370900,357391,821,"[14, 406]","[407, 799]",577,2026-08-11T13:32:13+09:00
678,1,no,T4,primary,no,25.125,26.0,-0.875,False,True,370900,357391,821,"[14, 406]","[407, 799]",577,2026-08-11T13:32:14+09:00
678,1,no,T8,primary,no,25.0,25.875,-0.875,False,True,370900,357391,821,"[14, 406]","[407, 799]",574,2026-08-11T13:32:14+09:00
678,1,no,T12,primary,no,25.125,25.875,-0.75,False,True,370900,357391,821,"[14, 406]","[407, 799]",575,2026-08-11T13:32:15+09:00
678,1,no,T16,primary,no,25.125,25.375,-0.25,False,True,370900,357391,821,"[14, 406]","[407, 799]",575,2026-08-11T13:32:16+09:00
678,1,no,T20,primary,yes,25.625,25.125,0.5,False,False,370900,357391,821,"[14, 406]","[407, 799]",575,2026-08-11T13:32:16+09:00
678,1,no,T24,primary,no,25.125,25.5,-0.375,False,True,370900,357391,821,"[14, 406]","[407, 799]",574,2026-08-11T13:32:17+09:00
678,1,no,T0,primary,no,25.0,25.875,-0.875,False,True,370900,357391,821,"[14, 406]","[407, 799]",573,2026-08-11T13:32:17+09:00
678,1,no,Trel8,primary,yes,25.875,24.625,1.25,False,False,370900,357391,821,"[14, 406]","[407, 799]",576,2026-08-11T13:32:18+09:00
1138,1,no,S,primary,no,25.0,31.625,-6.625,False,True,246145,431023,427,,,248,2026-08-11T13:32:18+09:00
1138,1,no,M,primary,no,24.875,26.25,-1.375,False,True,246145,431023,821,"[14, 406]","[407, 799]",574,2026-08-11T13:32:19+09:00
1138,1,no,T4,primary,no,25.375,29.625,-4.25,False,True,246145,431023,821,"[14, 406]","[407, 799]",575,2026-08-11T13:32:19+09:00
1138,1,no,T8,primary,no,25.25,30.0,-4.75,False,True,246145,431023,821,"[14, 406]","[407, 799]",576,2026-08-11T13:32:20+09:00
1138,1,no,T12,primary,no,25.375,30.125,-4.75,False,True,246145,431023,821,"[14, 406]","[407, 799]",575,2026-08-11T13:32:20+09:00
1138,1,no,T16,primary,no,25.125,29.25,-4.125,False,True,246145,431023,821,"[14, 406]","[407, 799]",575,2026-08-11T13:32:21+09:00
1138,1,no,T20,primary,no,24.75,28.375,-3.625,False,True,246145,431023,821,"[14, 406]","[407, 799]",574,2026-08-11T13:32:22+09:00
1138,1,no,T24,primary,no,24.75,26.875,-2.125,False,True,246145,431023,821,"[14, 406]","[407, 799]",577,2026-08-11T13:32:22+09:00
1138,1,no,T0,primary,no,25.125,29.875,-4.75,False,True,246145,431023,821,"[14, 406]","[407, 799]",579,2026-08-11T13:32:23+09:00
1138,1,no,Trel8,primary,yes,25.25,24.75,0.5,False,False,246145,431023,821,"[14, 406]","[407, 799]",576,2026-08-11T13:32:23+09:00
2322,1,no,S,primary,no,24.625,28.125,-3.5,False,True,553992,450596,270,,,135,2026-08-11T13:32:23+09:00
2322,1,no,M,primary,yes,25.875,24.375,1.5,False,False,553992,450596,618,"[14, 249]","[250, 596]",378,2026-08-11T13:32:24+09:00
2322,1,no,T4,primary,no,25.25,28.25,-3.0,False,True,553992,450596,618,"[14, 249]","[250, 596]",379,2026-08-11T13:32:24+09:00
2322,1,no,T8,primary,no,25.0,28.25,-3.25,False,True,553992,450596,618,"[14, 249]","[250, 596]",380,2026-08-11T13:32:25+09:00
2322,1,no,T12,primary,no,25.0,28.0,-3.0,False,True,553992,450596,618,"[14, 249]","[250, 596]",381,2026-08-11T13:32:25+09:00
2322,1,no,T16,primary,no,24.625,27.125,-2.5,False,True,553992,450596,618,"[14, 249]","[250, 596]",378,2026-08-11T13:32:25+09:00
2322,1,no,T20,primary,no,24.625,25.0,-0.375,False,True,553992,450596,618,"[14, 249]","[250, 596]",379,2026-08-11T13:32:26+09:00
2322,1,no,T24,primary,yes,25.875,24.375,1.5,False,False,553992,450596,618,"[14, 249]","[250, 596]",379,2026-08-11T13:32:26+09:00
2322,1,no,T0,primary,no,25.0,28.375,-3.375,False,True,553992,450596,618,"[14, 249]","[250, 596]",381,2026-08-11T13:32:27+09:00
2322,1,no,Trel8,primary,yes,26.75,24.625,2.125,False,False,553992,450596,618,"[14, 249]","[250, 596]",381,2026-08-11T13:32:27+09:00
2352,1,no,S,primary,no,24.375,28.0,-3.625,False,True,477598,199969,252,,,122,2026-08-11T13:32:27+09:00
2352,1,no,M,primary,no,24.5,25.375,-0.875,False,True,477598,199969,646,"[14, 231]","[232, 624]",413,2026-08-11T13:32:28+09:00
2352,1,no,T4,primary,no,25.125,26.875,-1.75,False,True,477598,199969,646,"[14, 231]","[232, 624]",414,2026-08-11T13:32:28+09:00
2352,1,no,T8,primary,no,25.25,26.375,-1.125,False,True,477598,199969,646,"[14, 231]","[232, 624]",414,2026-08-11T13:32:28+09:00
2352,1,no,T12,primary,no,25.125,26.875,-1.75,False,True,477598,199969,646,"[14, 231]","[232, 624]",415,2026-08-11T13:32:29+09:00
2352,1,no,T16,primary,no,24.5,26.75,-2.25,False,True,477598,199969,646,"[14, 231]","[232, 624]",415,2026-08-11T13:32:29+09:00
2352,1,no,T20,primary,no,24.625,25.75,-1.125,False,True,477598,199969,646,"[14, 231]","[232, 624]",415,2026-08-11T13:32:30+09:00
2352,1,no,T24,primary,no,24.875,25.625,-0.75,False,True,477598,199969,646,"[14, 231]","[232, 624]",414,2026-08-11T13:32:30+09:00
2352,1,no,T0,primary,no,24.875,27.125,-2.25,False,True,477598,199969,646,"[14, 231]","[232, 624]",414,2026-08-11T13:32:30+09:00
2352,1,no,Trel8,primary,yes,25.75,24.375,1.375,False,False,477598,199969,646,"[14, 231]","[232, 624]",415,2026-08-11T13:32:31+09:00
1916,1,no,S,primary,yes,27.375,25.125,2.25,False,False,196462,429261,428,,,248,2026-08-11T13:32:31+09:00
1916,1,no,M,primary,yes,26.25,25.125,1.125,False,False,196462,429261,822,"[14, 406]","[407, 799]",573,2026-08-11T13:32:32+09:00
1916,1,no,T4,primary,yes,26.625,25.0,1.625,False,False,196462,429261,822,"[14, 406]","[407, 799]",574,2026-08-11T13:32:32+09:00
1916,1,no,T8,primary,yes,26.625,25.0,1.625,False,False,196462,429261,822,"[14, 406]","[407, 799]",576,2026-08-11T13:32:33+09:00
1916,1,no,T12,primary,yes,26.5,24.75,1.75,False,False,196462,429261,822,"[14, 406]","[407, 799]",577,2026-08-11T13:32:33+09:00
1916,1,no,T16,primary,yes,26.375,24.875,1.5,False,False,196462,429261,822,"[14, 406]","[407, 799]",577,2026-08-11T13:32:34+09:00
1916,1,no,T20,primary,yes,26.5,25.0,1.5,False,False,196462,429261,822,"[14, 406]","[407, 799]",575,2026-08-11T13:32:35+09:00
1916,1,no,T24,primary,yes,26.5,25.25,1.25,False,False,196462,429261,822,"[14, 406]","[407, 799]",574,2026-08-11T13:32:35+09:00
1916,1,no,T0,primary,yes,26.625,24.875,1.75,False,False,196462,429261,822,"[14, 406]","[407, 799]",574,2026-08-11T13:32:36+09:00
1916,1,no,Trel8,primary,yes,26.25,25.0,1.25,False,False,196462,429261,822,"[14, 406]","[407, 799]",575,2026-08-11T13:32:36+09:00
2222,1,no,S,primary,no,25.0,28.125,-3.125,False,True,579415,348793,404,,,225,2026-08-11T13:32:37+09:00
2222,1,no,M,primary,no,24.25,25.125,-0.875,False,True,579415,348793,752,"[14, 383]","[384, 730]",491,2026-08-11T13:32:37+09:00
2222,1,no,T4,primary,no,25.25,27.125,-1.875,False,True,579415,348793,752,"[14, 383]","[384, 730]",491,2026-08-11T13:32:38+09:00
2222,1,no,T8,primary,no,25.0,27.125,-2.125,False,True,579415,348793,752,"[14, 383]","[384, 730]",495,2026-08-11T13:32:38+09:00
2222,1,no,T12,primary,no,25.125,27.125,-2.0,False,True,579415,348793,752,"[14, 383]","[384, 730]",494,2026-08-11T13:32:39+09:00
2222,1,no,T16,primary,no,24.875,26.75,-1.875,False,True,579415,348793,752,"[14, 383]","[384, 730]",494,2026-08-11T13:32:39+09:00
2222,1,no,T20,primary,no,24.5,25.625,-1.125,False,True,579415,348793,752,"[14, 383]","[384, 730]",494,2026-08-11T13:32:40+09:00
2222,1,no,T24,primary,no,24.375,25.375,-1.0,False,True,579415,348793,752,"[14, 383]","[384, 730]",494,2026-08-11T13:32:40+09:00
2222,1,no,T0,primary,no,25.0,27.25,-2.25,False,True,579415,348793,752,"[14, 383]","[384, 730]",494,2026-08-11T13:32:41+09:00
2222,1,no,Trel8,primary,no,24.625,24.75,-0.125,False,True,579415,348793,752,"[14, 383]","[384, 730]",492,2026-08-11T13:32:41+09:00
2796,1,no,S,primary,yes,26.625,25.0,1.625,False,False,514248,307341,270,,,133,2026-08-11T13:32:41+09:00
2796,1,no,M,primary,no,25.25,25.875,-0.625,False,True,514248,307341,618,"[14, 249]","[250, 596]",375,2026-08-11T13:32:42+09:00
2796,1,no,T4,primary,yes,25.875,25.5,0.375,False,False,514248,307341,618,"[14, 249]","[250, 596]",376,2026-08-11T13:32:42+09:00
2796,1,no,T8,primary,yes,25.625,25.375,0.25,False,False,514248,307341,618,"[14, 249]","[250, 596]",377,2026-08-11T13:32:42+09:00
2796,1,no,T12,primary,yes,25.5,25.25,0.25,False,False,514248,307341,618,"[14, 249]","[250, 596]",379,2026-08-11T13:32:43+09:00
2796,1,no,T16,primary,yes,25.125,25.0,0.125,False,False,514248,307341,618,"[14, 249]","[250, 596]",380,2026-08-11T13:32:43+09:00
2796,1,no,T20,primary,yes,25.625,25.375,0.25,False,False,514248,307341,618,"[14, 249]","[250, 596]",377,2026-08-11T13:32:44+09:00
2796,1,no,T24,primary,no,25.375,26.0,-0.625,False,True,514248,307341,618,"[14, 249]","[250, 596]",377,2026-08-11T13:32:44+09:00
2796,1,no,T0,primary,yes,26.0,25.25,0.75,False,False,514248,307341,618,"[14, 249]","[250, 596]",378,2026-08-11T13:32:44+09:00
2796,1,no,Trel8,primary,yes,27.25,24.875,2.375,False,False,514248,307341,618,"[14, 249]","[250, 596]",379,2026-08-11T13:32:45+09:00
180,1,no,M,primary,no,25.0,27.375,-2.375,False,True,288639,11537,776,"[14, 406]","[407, 753]",521,2026-08-11T13:32:45+09:00
180,1,no,T4,primary,no,25.0,28.25,-3.25,False,True,288639,11537,776,"[14, 406]","[407, 753]",524,2026-08-11T13:32:46+09:00
180,1,no,T8,primary,no,24.875,28.375,-3.5,False,True,288639,11537,776,"[14, 406]","[407, 753]",527,2026-08-11T13:32:46+09:00
180,1,no,T12,primary,no,25.0,27.875,-2.875,False,True,288639,11537,776,"[14, 406]","[407, 753]",525,2026-08-11T13:32:47+09:00
180,1,no,T16,primary,no,25.0,26.625,-1.625,False,True,288639,11537,776,"[14, 406]","[407, 753]",525,2026-08-11T13:32:47+09:00
180,1,no,T20,primary,no,25.25,28.0,-2.75,False,True,288639,11537,776,"[14, 406]","[407, 753]",527,2026-08-11T13:32:48+09:00
180,1,no,T24,primary,no,25.25,27.75,-2.5,False,True,288639,11537,776,"[14, 406]","[407, 753]",521,2026-08-11T13:32:48+09:00
180,1,no,T0,primary,no,24.75,28.375,-3.625,False,True,288639,11537,776,"[14, 406]","[407, 753]",522,2026-08-11T13:32:49+09:00
180,1,no,Trel8,primary,yes,25.75,25.125,0.625,False,False,288639,11537,776,"[14, 406]","[407, 753]",525,2026-08-11T13:32:49+09:00
92,1,no,S,primary,no,24.5,28.75,-4.25,False,True,300368,273494,427,,,249,2026-08-11T13:32:50+09:00
92,1,no,M,primary,no,23.875,25.5,-1.625,False,True,300368,273494,646,"[14, 406]","[407, 624]",414,2026-08-11T13:32:50+09:00
92,1,no,T4,primary,no,24.625,27.625,-3.0,False,True,300368,273494,646,"[14, 406]","[407, 624]",415,2026-08-11T13:32:51+09:00
92,1,no,T8,primary,no,24.375,27.875,-3.5,False,True,300368,273494,646,"[14, 406]","[407, 624]",417,2026-08-11T13:32:51+09:00
92,1,no,T12,primary,no,24.25,27.75,-3.5,False,True,300368,273494,646,"[14, 406]","[407, 624]",418,2026-08-11T13:32:51+09:00
92,1,no,T16,primary,no,23.875,27.375,-3.5,False,True,300368,273494,646,"[14, 406]","[407, 624]",417,2026-08-11T13:32:52+09:00
92,1,no,T20,primary,no,23.875,26.75,-2.875,False,True,300368,273494,646,"[14, 406]","[407, 624]",416,2026-08-11T13:32:52+09:00
92,1,no,T24,primary,no,24.0,25.5,-1.5,False,True,300368,273494,646,"[14, 406]","[407, 624]",417,2026-08-11T13:32:53+09:00
92,1,no,T0,primary,no,24.125,27.625,-3.5,False,True,300368,273494,646,"[14, 406]","[407, 624]",417,2026-08-11T13:32:53+09:00
92,1,no,Trel8,primary,no,24.75,25.5,-0.75,False,True,300368,273494,646,"[14, 406]","[407, 624]",415,2026-08-11T13:32:53+09:00
1112,1,no,S,primary,yes,26.25,26.0,0.25,False,False,378873,571865,381,,,205,2026-08-11T13:32:54+09:00
1112,1,no,M,primary,no,24.5,25.125,-0.625,False,True,378873,571865,618,"[14, 360]","[361, 596]",376,2026-08-11T13:32:54+09:00
1112,1,no,T4,primary,no,25.625,26.25,-0.625,False,True,378873,571865,618,"[14, 360]","[361, 596]",378,2026-08-11T13:32:54+09:00
1112,1,no,T8,primary,no,25.25,26.0,-0.75,False,True,378873,571865,618,"[14, 360]","[361, 596]",380,2026-08-11T13:32:55+09:00
1112,1,no,T12,primary,no,25.125,26.0,-0.875,False,True,378873,571865,618,"[14, 360]","[361, 596]",379,2026-08-11T13:32:55+09:00
1112,1,no,T16,primary,no,24.75,26.0,-1.25,False,True,378873,571865,618,"[14, 360]","[361, 596]",380,2026-08-11T13:32:56+09:00
1112,1,no,T20,primary,no,24.625,25.375,-0.75,False,True,378873,571865,618,"[14, 360]","[361, 596]",379,2026-08-11T13:32:56+09:00
1112,1,no,T24,primary,no,24.625,25.125,-0.5,False,True,378873,571865,618,"[14, 360]","[361, 596]",379,2026-08-11T13:32:56+09:00
1112,1,no,T0,primary,no,25.5,26.125,-0.625,False,True,378873,571865,618,"[14, 360]","[361, 596]",380,2026-08-11T13:32:57+09:00
1112,1,no,Trel8,primary,yes,25.875,25.5,0.375,False,False,378873,571865,618,"[14, 360]","[361, 596]",377,2026-08-11T13:32:57+09:00
2998,1,no,M,primary,no,25.0,25.625,-0.625,False,True,277289,24104,821,"[14, 406]","[407, 799]",572,2026-08-11T13:32:58+09:00
2998,1,no,T4,primary,no,24.625,26.25,-1.625,False,True,277289,24104,821,"[14, 406]","[407, 799]",572,2026-08-11T13:32:58+09:00
2998,1,no,T8,primary,no,24.375,26.25,-1.875,False,True,277289,24104,821,"[14, 406]","[407, 799]",575,2026-08-11T13:32:59+09:00
2998,1,no,T12,primary,no,24.5,26.125,-1.625,False,True,277289,24104,821,"[14, 406]","[407, 799]",574,2026-08-11T13:32:59+09:00
2998,1,no,T16,primary,no,24.25,26.0,-1.75,False,True,277289,24104,821,"[14, 406]","[407, 799]",570,2026-08-11T13:33:00+09:00
2998,1,no,T20,primary,no,24.375,24.875,-0.5,False,True,277289,24104,821,"[14, 406]","[407, 799]",575,2026-08-11T13:33:01+09:00
2998,1,no,T24,primary,no,25.125,25.875,-0.75,False,True,277289,24104,821,"[14, 406]","[407, 799]",574,2026-08-11T13:33:01+09:00
2998,1,no,T0,primary,no,24.375,26.0,-1.625,False,True,277289,24104,821,"[14, 406]","[407, 799]",577,2026-08-11T13:33:02+09:00
2998,1,no,Trel8,primary,yes,26.125,24.5,1.625,False,False,277289,24104,821,"[14, 406]","[407, 799]",578,2026-08-11T13:33:02+09:00
232,1,no,S,primary,no,24.875,31.75,-6.875,False,True,31773,320171,427,,,250,2026-08-11T13:33:03+09:00
232,1,no,M,primary,no,25.25,26.375,-1.125,False,True,31773,320171,867,"[14, 406]","[407, 845]",611,2026-08-11T13:33:03+09:00
232,1,no,T4,primary,no,25.375,30.0,-4.625,False,True,31773,320171,867,"[14, 406]","[407, 845]",609,2026-08-11T13:33:04+09:00
232,1,no,T8,primary,no,25.0,30.0,-5.0,False,True,31773,320171,867,"[14, 406]","[407, 845]",612,2026-08-11T13:33:04+09:00
232,1,no,T12,primary,no,25.125,29.875,-4.75,False,True,31773,320171,867,"[14, 406]","[407, 845]",613,2026-08-11T13:33:05+09:00
232,1,no,T16,primary,no,25.0,28.125,-3.125,False,True,31773,320171,867,"[14, 406]","[407, 845]",612,2026-08-11T13:33:06+09:00
232,1,no,T20,primary,no,25.0,26.375,-1.375,False,True,31773,320171,867,"[14, 406]","[407, 845]",608,2026-08-11T13:33:06+09:00
232,1,no,T24,primary,no,25.25,26.375,-1.125,False,True,31773,320171,867,"[14, 406]","[407, 845]",607,2026-08-11T13:33:07+09:00
232,1,no,T0,primary,no,25.0,29.75,-4.75,False,True,31773,320171,867,"[14, 406]","[407, 845]",611,2026-08-11T13:33:08+09:00
232,1,no,Trel8,primary,yes,27.125,24.875,2.25,False,False,31773,320171,867,"[14, 406]","[407, 845]",610,2026-08-11T13:33:08+09:00
770,1,no,M,primary,no,25.0,25.5,-0.5,False,True,203479,389401,733,"[14, 249]","[250, 711]",484,2026-08-11T13:33:09+09:00
770,1,no,T4,primary,no,25.5,29.5,-4.0,False,True,203479,389401,733,"[14, 249]","[250, 711]",483,2026-08-11T13:33:09+09:00
770,1,no,T8,primary,no,25.125,29.5,-4.375,False,True,203479,389401,733,"[14, 249]","[250, 711]",486,2026-08-11T13:33:10+09:00
770,1,no,T12,primary,no,25.125,29.125,-4.0,False,True,203479,389401,733,"[14, 249]","[250, 711]",485,2026-08-11T13:33:10+09:00
770,1,no,T16,primary,no,24.5,28.75,-4.25,False,True,203479,389401,733,"[14, 249]","[250, 711]",484,2026-08-11T13:33:11+09:00
770,1,no,T20,primary,no,24.875,27.5,-2.625,False,True,203479,389401,733,"[14, 249]","[250, 711]",483,2026-08-11T13:33:11+09:00
770,1,no,T24,primary,no,24.625,25.75,-1.125,False,True,203479,389401,733,"[14, 249]","[250, 711]",488,2026-08-11T13:33:12+09:00
770,1,no,T0,primary,no,25.0,29.125,-4.125,False,True,203479,389401,733,"[14, 249]","[250, 711]",486,2026-08-11T13:33:12+09:00
770,1,no,Trel8,primary,yes,25.875,24.875,1.0,False,False,203479,389401,733,"[14, 249]","[250, 711]",486,2026-08-11T13:33:13+09:00
668,1,no,S,primary,no,25.0,29.25,-4.25,False,True,237767,157756,520,,,302,2026-08-11T13:33:13+09:00
668,1,no,M,primary,no,24.5,26.75,-2.25,False,True,237767,157756,914,"[14, 499]","[500, 892]",662,2026-08-11T13:33:14+09:00
668,1,no,T4,primary,no,25.25,28.125,-2.875,False,True,237767,157756,914,"[14, 499]","[500, 892]",665,2026-08-11T13:33:14+09:00
668,1,no,T8,primary,no,25.125,28.0,-2.875,False,True,237767,157756,914,"[14, 499]","[500, 892]",667,2026-08-11T13:33:15+09:00
668,1,no,T12,primary,no,25.125,28.125,-3.0,False,True,237767,157756,914,"[14, 499]","[500, 892]",664,2026-08-11T13:33:16+09:00
668,1,no,T16,primary,no,24.75,28.375,-3.625,False,True,237767,157756,914,"[14, 499]","[500, 892]",669,2026-08-11T13:33:16+09:00
668,1,no,T20,primary,no,24.75,27.375,-2.625,False,True,237767,157756,914,"[14, 499]","[500, 892]",669,2026-08-11T13:33:17+09:00
668,1,no,T24,primary,no,24.25,26.875,-2.625,False,True,237767,157756,914,"[14, 499]","[500, 892]",666,2026-08-11T13:33:18+09:00
668,1,no,T0,primary,no,25.0,28.125,-3.125,False,True,237767,157756,914,"[14, 499]","[500, 892]",670,2026-08-11T13:33:18+09:00
668,1,no,Trel8,primary,yes,26.125,24.75,1.375,False,False,237767,157756,914,"[14, 499]","[500, 892]",670,2026-08-11T13:33:19+09:00
552,1,no,S,primary,no,25.25,29.5,-4.25,False,True,81336,438788,373,,,198,2026-08-11T13:33:19+09:00
552,1,no,M,primary,no,25.5,25.5,0.0,True,True,81336,438788,675,"[14, 351]","[352, 652]",436,2026-08-11T13:33:20+09:00
552,1,no,T4,primary,no,25.625,28.125,-2.5,False,True,81336,438788,675,"[14, 351]","[352, 652]",434,2026-08-11T13:33:20+09:00
552,1,no,T8,primary,no,25.625,28.375,-2.75,False,True,81336,438788,675,"[14, 351]","[352, 652]",438,2026-08-11T13:33:21+09:00
552,1,no,T12,primary,no,25.25,28.625,-3.375,False,True,81336,438788,675,"[14, 351]","[352, 652]",436,2026-08-11T13:33:21+09:00
552,1,no,T16,primary,no,25.125,27.25,-2.125,False,True,81336,438788,675,"[14, 351]","[352, 652]",438,2026-08-11T13:33:21+09:00
552,1,no,T20,primary,no,25.625,26.0,-0.375,False,True,81336,438788,675,"[14, 351]","[352, 652]",436,2026-08-11T13:33:22+09:00
552,1,no,T24,primary,no,25.625,25.625,0.0,True,True,81336,438788,675,"[14, 351]","[352, 652]",434,2026-08-11T13:33:22+09:00
552,1,no,T0,primary,no,25.5,28.25,-2.75,False,True,81336,438788,675,"[14, 351]","[352, 652]",438,2026-08-11T13:33:23+09:00
552,1,no,Trel8,primary,yes,26.25,24.875,1.375,False,False,81336,438788,675,"[14, 351]","[352, 652]",437,2026-08-11T13:33:23+09:00
928,1,no,S,primary,no,25.125,27.125,-2.0,False,True,102906,259216,381,,,205,2026-08-11T13:33:23+09:00
928,1,no,M,primary,no,25.125,25.25,-0.125,False,True,102906,259216,775,"[14, 360]","[361, 753]",525,2026-08-11T13:33:24+09:00
928,1,no,T4,primary,no,25.0,26.625,-1.625,False,True,102906,259216,775,"[14, 360]","[361, 753]",524,2026-08-11T13:33:24+09:00
928,1,no,T8,primary,no,24.875,26.625,-1.75,False,True,102906,259216,775,"[14, 360]","[361, 753]",526,2026-08-11T13:33:25+09:00
928,1,no,T12,primary,no,24.875,26.625,-1.75,False,True,102906,259216,775,"[14, 360]","[361, 753]",528,2026-08-11T13:33:26+09:00
928,1,no,T16,primary,no,24.625,26.25,-1.625,False,True,102906,259216,775,"[14, 360]","[361, 753]",524,2026-08-11T13:33:26+09:00
928,1,no,T20,primary,no,24.75,25.75,-1.0,False,True,102906,259216,775,"[14, 360]","[361, 753]",521,2026-08-11T13:33:27+09:00
928,1,no,T24,primary,no,25.125,25.625,-0.5,False,True,102906,259216,775,"[14, 360]","[361, 753]",521,2026-08-11T13:33:27+09:00
928,1,no,T0,primary,no,25.0,26.625,-1.625,False,True,102906,259216,775,"[14, 360]","[361, 753]",525,2026-08-11T13:33:28+09:00
928,1,no,Trel8,primary,yes,25.375,24.875,0.5,False,False,102906,259216,775,"[14, 360]","[361, 753]",527,2026-08-11T13:33:28+09:00
698,1,no,S,primary,no,24.75,31.375,-6.625,False,True,93946,175867,427,,,249,2026-08-11T13:33:28+09:00
698,1,no,M,primary,no,24.875,25.875,-1.0,False,True,93946,175867,821,"[14, 406]","[407, 799]",574,2026-08-11T13:33:29+09:00
698,1,no,T4,primary,no,25.5,28.875,-3.375,False,True,93946,175867,821,"[14, 406]","[407, 799]",577,2026-08-11T13:33:30+09:00
698,1,no,T8,primary,no,25.125,29.0,-3.875,False,True,93946,175867,821,"[14, 406]","[407, 799]",579,2026-08-11T13:33:30+09:00
698,1,no,T12,primary,no,25.25,28.625,-3.375,False,True,93946,175867,821,"[14, 406]","[407, 799]",578,2026-08-11T13:33:31+09:00
698,1,no,T16,primary,no,24.75,27.875,-3.125,False,True,93946,175867,821,"[14, 406]","[407, 799]",575,2026-08-11T13:33:31+09:00
698,1,no,T20,primary,no,24.625,26.5,-1.875,False,True,93946,175867,821,"[14, 406]","[407, 799]",576,2026-08-11T13:33:32+09:00
698,1,no,T24,primary,no,24.875,25.75,-0.875,False,True,93946,175867,821,"[14, 406]","[407, 799]",576,2026-08-11T13:33:32+09:00
698,1,no,T0,primary,no,25.125,29.125,-4.0,False,True,93946,175867,821,"[14, 406]","[407, 799]",577,2026-08-11T13:33:33+09:00
698,1,no,Trel8,primary,yes,26.0,24.875,1.125,False,False,93946,175867,821,"[14, 406]","[407, 799]",574,2026-08-11T13:33:34+09:00
1192,1,no,S,primary,no,24.875,30.375,-5.5,False,True,498100,357542,473,,,268,2026-08-11T13:33:34+09:00
1192,1,no,M,primary,no,25.75,25.875,-0.125,False,True,498100,357542,867,"[14, 452]","[453, 845]",607,2026-08-11T13:33:35+09:00
1192,1,no,T4,primary,no,25.375,29.375,-4.0,False,True,498100,357542,867,"[14, 452]","[453, 845]",610,2026-08-11T13:33:35+09:00
1192,1,no,T8,primary,no,25.125,29.25,-4.125,False,True,498100,357542,867,"[14, 452]","[453, 845]",608,2026-08-11T13:33:36+09:00
1192,1,no,T12,primary,no,25.25,29.0,-3.75,False,True,498100,357542,867,"[14, 452]","[453, 845]",611,2026-08-11T13:33:36+09:00
1192,1,no,T16,primary,no,25.0,27.75,-2.75,False,True,498100,357542,867,"[14, 452]","[453, 845]",610,2026-08-11T13:33:37+09:00
1192,1,no,T20,primary,no,25.25,25.625,-0.375,False,True,498100,357542,867,"[14, 452]","[453, 845]",613,2026-08-11T13:33:38+09:00
1192,1,no,T24,primary,no,25.625,26.0,-0.375,False,True,498100,357542,867,"[14, 452]","[453, 845]",612,2026-08-11T13:33:38+09:00
1192,1,no,T0,primary,no,25.125,29.25,-4.125,False,True,498100,357542,867,"[14, 452]","[453, 845]",610,2026-08-11T13:33:39+09:00
1192,1,no,Trel8,primary,yes,27.0,25.0,2.0,False,False,498100,357542,867,"[14, 452]","[453, 845]",611,2026-08-11T13:33:39+09:00
1478,1,no,S,primary,yes,26.0,24.875,1.125,False,False,463542,383322,381,,,206,2026-08-11T13:33:40+09:00
1478,1,no,M,primary,yes,26.625,24.5,2.125,False,False,463542,383322,729,"[14, 360]","[361, 707]",479,2026-08-11T13:33:40+09:00
1478,1,no,T4,primary,yes,26.25,24.875,1.375,False,False,463542,383322,729,"[14, 360]","[361, 707]",479,2026-08-11T13:33:41+09:00
1478,1,no,T8,primary,yes,25.875,24.625,1.25,False,False,463542,383322,729,"[14, 360]","[361, 707]",483,2026-08-11T13:33:41+09:00
1478,1,no,T12,primary,yes,26.125,24.875,1.25,False,False,463542,383322,729,"[14, 360]","[361, 707]",482,2026-08-11T13:33:42+09:00
1478,1,no,T16,primary,yes,26.25,24.5,1.75,False,False,463542,383322,729,"[14, 360]","[361, 707]",480,2026-08-11T13:33:42+09:00
1478,1,no,T20,primary,yes,26.0,24.25,1.75,False,False,463542,383322,729,"[14, 360]","[361, 707]",479,2026-08-11T13:33:43+09:00
1478,1,no,T24,primary,yes,26.875,24.625,2.25,False,False,463542,383322,729,"[14, 360]","[361, 707]",481,2026-08-11T13:33:43+09:00
1478,1,no,T0,primary,yes,26.125,24.625,1.5,False,False,463542,383322,729,"[14, 360]","[361, 707]",483,2026-08-11T13:33:44+09:00
1478,1,no,Trel8,primary,yes,26.875,24.625,2.25,False,False,463542,383322,729,"[14, 360]","[361, 707]",482,2026-08-11T13:33:44+09:00
2646,1,no,S,primary,no,25.25,31.0,-5.75,False,True,429706,152336,358,,,193,2026-08-11T13:33:44+09:00
2646,1,no,M,primary,no,25.25,25.625,-0.375,False,True,429706,152336,706,"[14, 337]","[338, 684]",457,2026-08-11T13:33:45+09:00
2646,1,no,T4,primary,no,25.5,29.5,-4.0,False,True,429706,152336,706,"[14, 337]","[338, 684]",456,2026-08-11T13:33:45+09:00
2646,1,no,T8,primary,no,25.375,29.5,-4.125,False,True,429706,152336,706,"[14, 337]","[338, 684]",458,2026-08-11T13:33:46+09:00
2646,1,no,T12,primary,no,25.375,29.5,-4.125,False,True,429706,152336,706,"[14, 337]","[338, 684]",460,2026-08-11T13:33:46+09:00
2646,1,no,T16,primary,no,25.125,29.25,-4.125,False,True,429706,152336,706,"[14, 337]","[338, 684]",458,2026-08-11T13:33:47+09:00
2646,1,no,T20,primary,no,24.5,27.125,-2.625,False,True,429706,152336,706,"[14, 337]","[338, 684]",456,2026-08-11T13:33:47+09:00
2646,1,no,T24,primary,no,25.125,25.5,-0.375,False,True,429706,152336,706,"[14, 337]","[338, 684]",457,2026-08-11T13:33:48+09:00
2646,1,no,T0,primary,no,24.875,29.25,-4.375,False,True,429706,152336,706,"[14, 337]","[338, 684]",460,2026-08-11T13:33:48+09:00
2646,1,no,Trel8,primary,no,25.125,25.25,-0.125,False,True,429706,152336,706,"[14, 337]","[338, 684]",459,2026-08-11T13:33:48+09:00
2066,1,no,M,primary,yes,26.0,24.875,1.125,False,False,76416,159320,752,"[14, 406]","[407, 730]",500,2026-08-11T13:33:49+09:00
2066,1,no,T4,primary,no,25.0,27.125,-2.125,False,True,76416,159320,752,"[14, 406]","[407, 730]",499,2026-08-11T13:33:50+09:00
2066,1,no,T8,primary,no,24.875,27.25,-2.375,False,True,76416,159320,752,"[14, 406]","[407, 730]",501,2026-08-11T13:33:50+09:00
2066,1,no,T12,primary,no,24.875,27.125,-2.25,False,True,76416,159320,752,"[14, 406]","[407, 730]",501,2026-08-11T13:33:51+09:00
2066,1,no,T16,primary,no,24.625,26.25,-1.625,False,True,76416,159320,752,"[14, 406]","[407, 730]",502,2026-08-11T13:33:51+09:00
2066,1,no,T20,primary,yes,25.75,25.25,0.5,False,False,76416,159320,752,"[14, 406]","[407, 730]",501,2026-08-11T13:33:52+09:00
2066,1,no,T24,primary,yes,26.125,25.125,1.0,False,False,76416,159320,752,"[14, 406]","[407, 730]",500,2026-08-11T13:33:52+09:00
2066,1,no,T0,primary,no,24.5,27.25,-2.75,False,True,76416,159320,752,"[14, 406]","[407, 730]",501,2026-08-11T13:33:53+09:00
2066,1,no,Trel8,primary,yes,27.125,24.875,2.25,False,False,76416,159320,752,"[14, 406]","[407, 730]",501,2026-08-11T13:33:53+09:00
1418,1,no,S,primary,no,24.375,30.375,-6.0,False,True,424585,451228,382,,,206,2026-08-11T13:33:53+09:00
1418,1,no,M,primary,no,24.625,27.5,-2.875,False,True,424585,451228,776,"[14, 360]","[361, 753]",525,2026-08-11T13:33:54+09:00
1418,1,no,T4,primary,no,25.125,29.75,-4.625,False,True,424585,451228,776,"[14, 360]","[361, 753]",525,2026-08-11T13:33:54+09:00
1418,1,no,T8,primary,no,24.875,30.0,-5.125,False,True,424585,451228,776,"[14, 360]","[361, 753]",528,2026-08-11T13:33:55+09:00
1418,1,no,T12,primary,no,24.875,30.0,-5.125,False,True,424585,451228,776,"[14, 360]","[361, 753]",529,2026-08-11T13:33:55+09:00
1418,1,no,T16,primary,no,24.625,28.75,-4.125,False,True,424585,451228,776,"[14, 360]","[361, 753]",524,2026-08-11T13:33:56+09:00
1418,1,no,T20,primary,no,24.625,27.875,-3.25,False,True,424585,451228,776,"[14, 360]","[361, 753]",525,2026-08-11T13:33:56+09:00
1418,1,no,T24,primary,no,24.625,27.75,-3.125,False,True,424585,451228,776,"[14, 360]","[361, 753]",529,2026-08-11T13:33:57+09:00
1418,1,no,T0,primary,no,24.625,29.75,-5.125,False,True,424585,451228,776,"[14, 360]","[361, 753]",526,2026-08-11T13:33:57+09:00
1418,1,no,Trel8,primary,no,25.0,25.75,-0.75,False,True,424585,451228,776,"[14, 360]","[361, 753]",524,2026-08-11T13:33:58+09:00
2054,1,no,S,primary,no,24.875,25.5,-0.625,False,True,167724,195179,427,,,247,2026-08-11T13:33:58+09:00
2054,1,no,M,primary,yes,24.625,23.375,1.25,False,False,167724,195179,959,"[14, 406]","[407, 937]",704,2026-08-11T13:33:59+09:00
2054,1,no,T4,primary,no,24.875,25.0,-0.125,False,True,167724,195179,959,"[14, 406]","[407, 937]",706,2026-08-11T13:34:00+09:00
2054,1,no,T8,primary,no,24.75,24.875,-0.125,False,True,167724,195179,959,"[14, 406]","[407, 937]",707,2026-08-11T13:34:00+09:00
2054,1,no,T12,primary,no,24.625,24.75,-0.125,False,True,167724,195179,959,"[14, 406]","[407, 937]",704,2026-08-11T13:34:01+09:00
2054,1,no,T16,primary,no,24.0,24.0,0.0,True,True,167724,195179,959,"[14, 406]","[407, 937]",706,2026-08-11T13:34:02+09:00
2054,1,no,T20,primary,yes,24.0,23.75,0.25,False,False,167724,195179,959,"[14, 406]","[407, 937]",706,2026-08-11T13:34:03+09:00
2054,1,no,T24,primary,yes,25.0,24.0,1.0,False,False,167724,195179,959,"[14, 406]","[407, 937]",704,2026-08-11T13:34:03+09:00
2054,1,no,T0,primary,no,24.625,25.0,-0.375,False,True,167724,195179,959,"[14, 406]","[407, 937]",708,2026-08-11T13:34:04+09:00
2054,1,no,Trel8,primary,yes,25.75,24.25,1.5,False,False,167724,195179,959,"[14, 406]","[407, 937]",707,2026-08-11T13:34:05+09:00
1948,1,no,S,primary,no,24.625,29.25,-4.625,False,True,384970,411564,253,,,121,2026-08-11T13:34:05+09:00
1948,1,no,M,primary,no,25.25,27.0,-1.75,False,True,384970,411564,762,"[14, 231]","[232, 739]",502,2026-08-11T13:34:05+09:00
1948,1,no,T4,primary,no,25.75,28.375,-2.625,False,True,384970,411564,762,"[14, 231]","[232, 739]",502,2026-08-11T13:34:06+09:00
1948,1,no,T8,primary,no,25.375,28.375,-3.0,False,True,384970,411564,762,"[14, 231]","[232, 739]",503,2026-08-11T13:34:06+09:00
1948,1,no,T12,primary,no,25.375,28.625,-3.25,False,True,384970,411564,762,"[14, 231]","[232, 739]",507,2026-08-11T13:34:07+09:00
1948,1,no,T16,primary,no,25.25,27.5,-2.25,False,True,384970,411564,762,"[14, 231]","[232, 739]",507,2026-08-11T13:34:07+09:00
1948,1,no,T20,primary,no,25.875,27.375,-1.5,False,True,384970,411564,762,"[14, 231]","[232, 739]",508,2026-08-11T13:34:08+09:00
1948,1,no,T24,primary,no,25.25,27.0,-1.75,False,True,384970,411564,762,"[14, 231]","[232, 739]",507,2026-08-11T13:34:08+09:00
1948,1,no,T0,primary,no,25.5,28.25,-2.75,False,True,384970,411564,762,"[14, 231]","[232, 739]",506,2026-08-11T13:34:09+09:00
1948,1,no,Trel8,primary,no,25.125,25.75,-0.625,False,True,384970,411564,762,"[14, 231]","[232, 739]",508,2026-08-11T13:34:09+09:00
2250,1,no,S,primary,no,25.25,26.125,-0.875,False,True,240434,512495,381,,,206,2026-08-11T13:34:10+09:00
2250,1,no,M,primary,no,24.125,25.0,-0.875,False,True,240434,512495,775,"[14, 360]","[361, 753]",526,2026-08-11T13:34:10+09:00
2250,1,no,T4,primary,no,24.875,25.875,-1.0,False,True,240434,512495,775,"[14, 360]","[361, 753]",525,2026-08-11T13:34:11+09:00
2250,1,no,T8,primary,no,24.75,26.0,-1.25,False,True,240434,512495,775,"[14, 360]","[361, 753]",526,2026-08-11T13:34:11+09:00
2250,1,no,T12,primary,no,25.0,26.0,-1.0,False,True,240434,512495,775,"[14, 360]","[361, 753]",524,2026-08-11T13:34:12+09:00
2250,1,no,T16,primary,no,24.625,25.5,-0.875,False,True,240434,512495,775,"[14, 360]","[361, 753]",526,2026-08-11T13:34:12+09:00
2250,1,no,T20,primary,no,24.25,25.25,-1.0,False,True,240434,512495,775,"[14, 360]","[361, 753]",526,2026-08-11T13:34:13+09:00
2250,1,no,T24,primary,no,24.125,25.5,-1.375,False,True,240434,512495,775,"[14, 360]","[361, 753]",526,2026-08-11T13:34:13+09:00
2250,1,no,T0,primary,no,24.875,25.875,-1.0,False,True,240434,512495,775,"[14, 360]","[361, 753]",524,2026-08-11T13:34:14+09:00
2250,1,no,Trel8,primary,no,24.5,24.5,0.0,True,True,240434,512495,775,"[14, 360]","[361, 753]",524,2026-08-11T13:34:14+09:00
2966,1,no,S,primary,no,24.875,25.875,-1.0,False,True,122962,96183,381,,,205,2026-08-11T13:34:15+09:00
2966,1,no,M,primary,no,24.5,25.625,-1.125,False,True,122962,96183,706,"[14, 360]","[361, 684]",456,2026-08-11T13:34:15+09:00
2966,1,no,T4,primary,no,24.75,26.0,-1.25,False,True,122962,96183,706,"[14, 360]","[361, 684]",457,2026-08-11T13:34:16+09:00
2966,1,no,T8,primary,no,24.625,26.0,-1.375,False,True,122962,96183,706,"[14, 360]","[361, 684]",458,2026-08-11T13:34:16+09:00
2966,1,no,T12,primary,no,24.75,26.0,-1.25,False,True,122962,96183,706,"[14, 360]","[361, 684]",459,2026-08-11T13:34:17+09:00
2966,1,no,T16,primary,no,24.375,25.625,-1.25,False,True,122962,96183,706,"[14, 360]","[361, 684]",459,2026-08-11T13:34:17+09:00
2966,1,no,T20,primary,no,24.375,25.25,-0.875,False,True,122962,96183,706,"[14, 360]","[361, 684]",458,2026-08-11T13:34:17+09:00
2966,1,no,T24,primary,no,24.625,25.625,-1.0,False,True,122962,96183,706,"[14, 360]","[361, 684]",458,2026-08-11T13:34:18+09:00
2966,1,no,T0,primary,no,24.625,25.875,-1.25,False,True,122962,96183,706,"[14, 360]","[361, 684]",456,2026-08-11T13:34:18+09:00
2966,1,no,Trel8,primary,no,24.5,26.375,-1.875,False,True,122962,96183,706,"[14, 360]","[361, 684]",457,2026-08-11T13:34:19+09:00
2388,1,no,S,primary,yes,26.0,25.0,1.0,False,False,61507,156292,428,,,248,2026-08-11T13:34:19+09:00
2388,1,no,M,primary,yes,26.875,24.625,2.25,False,False,61507,156292,776,"[14, 406]","[407, 753]",523,2026-08-11T13:34:20+09:00
2388,1,no,T4,primary,yes,25.5,25.0,0.5,False,False,61507,156292,776,"[14, 406]","[407, 753]",527,2026-08-11T13:34:20+09:00
2388,1,no,T8,primary,yes,25.375,24.875,0.5,False,False,61507,156292,776,"[14, 406]","[407, 753]",526,2026-08-11T13:34:21+09:00
2388,1,no,T12,primary,yes,25.375,24.875,0.5,False,False,61507,156292,776,"[14, 406]","[407, 753]",528,2026-08-11T13:34:21+09:00
2388,1,no,T16,primary,yes,25.625,24.625,1.0,False,False,61507,156292,776,"[14, 406]","[407, 753]",527,2026-08-11T13:34:22+09:00
2388,1,no,T20,primary,yes,26.5,24.5,2.0,False,False,61507,156292,776,"[14, 406]","[407, 753]",526,2026-08-11T13:34:22+09:00
2388,1,no,T24,primary,yes,26.875,24.875,2.0,False,False,61507,156292,776,"[14, 406]","[407, 753]",524,2026-08-11T13:34:23+09:00
2388,1,no,T0,primary,yes,25.25,24.75,0.5,False,False,61507,156292,776,"[14, 406]","[407, 753]",524,2026-08-11T13:34:23+09:00
2388,1,no,Trel8,primary,yes,27.25,24.625,2.625,False,False,61507,156292,776,"[14, 406]","[407, 753]",526,2026-08-11T13:34:24+09:00
2028,1,no,S,primary,no,25.5,29.125,-3.625,False,True,91954,24195,427,,,248,2026-08-11T13:34:24+09:00
2028,1,no,M,primary,no,25.0,26.25,-1.25,False,True,91954,24195,775,"[14, 406]","[407, 753]",525,2026-08-11T13:34:25+09:00
2028,1,no,T4,primary,no,25.25,27.5,-2.25,False,True,91954,24195,775,"[14, 406]","[407, 753]",526,2026-08-11T13:34:25+09:00
2028,1,no,T8,primary,no,25.25,27.25,-2.0,False,True,91954,24195,775,"[14, 406]","[407, 753]",529,2026-08-11T13:34:26+09:00
2028,1,no,T12,primary,no,25.25,26.5,-1.25,False,True,91954,24195,775,"[14, 406]","[407, 753]",527,2026-08-11T13:34:26+09:00
2028,1,no,T16,primary,no,25.5,25.5,0.0,True,True,91954,24195,775,"[14, 406]","[407, 753]",528,2026-08-11T13:34:27+09:00
2028,1,no,T20,primary,yes,26.125,24.75,1.375,False,False,91954,24195,775,"[14, 406]","[407, 753]",526,2026-08-11T13:34:27+09:00
2028,1,no,T24,primary,no,24.875,26.5,-1.625,False,True,91954,24195,775,"[14, 406]","[407, 753]",523,2026-08-11T13:34:28+09:00
2028,1,no,T0,primary,no,25.25,27.75,-2.5,False,True,91954,24195,775,"[14, 406]","[407, 753]",529,2026-08-11T13:34:28+09:00
2028,1,no,Trel8,primary,yes,27.625,24.875,2.75,False,False,91954,24195,775,"[14, 406]","[407, 753]",526,2026-08-11T13:34:29+09:00
2544,1,no,S,primary,no,24.25,30.5,-6.25,False,True,462805,255664,427,,,249,2026-08-11T13:34:29+09:00
2544,1,no,M,primary,no,24.375,28.25,-3.875,False,True,462805,255664,664,"[14, 406]","[407, 642]",431,2026-08-11T13:34:30+09:00
2544,1,no,T4,primary,no,24.75,29.5,-4.75,False,True,462805,255664,664,"[14, 406]","[407, 642]",430,2026-08-11T13:34:30+09:00
2544,1,no,T8,primary,no,24.5,29.625,-5.125,False,True,462805,255664,664,"[14, 406]","[407, 642]",432,2026-08-11T13:34:31+09:00
2544,1,no,T12,primary,no,24.75,28.875,-4.125,False,True,462805,255664,664,"[14, 406]","[407, 642]",434,2026-08-11T13:34:31+09:00
2544,1,no,T16,primary,no,25.0,27.125,-2.125,False,True,462805,255664,664,"[14, 406]","[407, 642]",434,2026-08-11T13:34:31+09:00
2544,1,no,T20,primary,no,24.875,26.25,-1.375,False,True,462805,255664,664,"[14, 406]","[407, 642]",430,2026-08-11T13:34:32+09:00
2544,1,no,T24,primary,no,24.625,28.625,-4.0,False,True,462805,255664,664,"[14, 406]","[407, 642]",431,2026-08-11T13:34:32+09:00
2544,1,no,T0,primary,no,24.5,29.0,-4.5,False,True,462805,255664,664,"[14, 406]","[407, 642]",436,2026-08-11T13:34:33+09:00
2544,1,no,Trel8,primary,yes,27.5,25.0,2.5,False,False,462805,255664,664,"[14, 406]","[407, 642]",436,2026-08-11T13:34:33+09:00
1200,1,no,M,primary,no,24.75,25.75,-1.0,False,True,375909,262938,752,"[14, 337]","[338, 730]",499,2026-08-11T13:34:34+09:00
1200,1,no,T4,primary,no,25.0,27.375,-2.375,False,True,375909,262938,752,"[14, 337]","[338, 730]",500,2026-08-11T13:34:34+09:00
1200,1,no,T8,primary,no,24.75,27.5,-2.75,False,True,375909,262938,752,"[14, 337]","[338, 730]",502,2026-08-11T13:34:35+09:00
1200,1,no,T12,primary,no,24.75,27.125,-2.375,False,True,375909,262938,752,"[14, 337]","[338, 730]",503,2026-08-11T13:34:35+09:00
1200,1,no,T16,primary,no,24.75,26.875,-2.125,False,True,375909,262938,752,"[14, 337]","[338, 730]",504,2026-08-11T13:34:36+09:00
1200,1,no,T20,primary,no,24.875,26.25,-1.375,False,True,375909,262938,752,"[14, 337]","[338, 730]",500,2026-08-11T13:34:36+09:00
1200,1,no,T24,primary,no,24.625,25.875,-1.25,False,True,375909,262938,752,"[14, 337]","[338, 730]",500,2026-08-11T13:34:37+09:00
1200,1,no,T0,primary,no,24.75,27.25,-2.5,False,True,375909,262938,752,"[14, 337]","[338, 730]",502,2026-08-11T13:34:37+09:00
1200,1,no,Trel8,primary,yes,25.875,24.75,1.125,False,False,375909,262938,752,"[14, 337]","[338, 730]",502,2026-08-11T13:34:38+09:00
1820,1,no,S,primary,no,24.5,28.25,-3.75,False,True,436127,166003,565,,,334,2026-08-11T13:34:38+09:00
1820,1,no,M,primary,no,24.875,25.5,-0.625,False,True,436127,166003,959,"[14, 544]","[545, 937]",704,2026-08-11T13:34:39+09:00
1820,1,no,T4,primary,no,24.875,27.625,-2.75,False,True,436127,166003,959,"[14, 544]","[545, 937]",706,2026-08-11T13:34:40+09:00
1820,1,no,T8,primary,no,24.5,27.375,-2.875,False,True,436127,166003,959,"[14, 544]","[545, 937]",707,2026-08-11T13:34:40+09:00
1820,1,no,T12,primary,no,24.5,27.25,-2.75,False,True,436127,166003,959,"[14, 544]","[545, 937]",707,2026-08-11T13:34:41+09:00
1820,1,no,T16,primary,no,24.5,27.0,-2.5,False,True,436127,166003,959,"[14, 544]","[545, 937]",707,2026-08-11T13:34:42+09:00
1820,1,no,T20,primary,no,24.75,26.0,-1.25,False,True,436127,166003,959,"[14, 544]","[545, 937]",707,2026-08-11T13:34:42+09:00
1820,1,no,T24,primary,no,25.0,25.5,-0.5,False,True,436127,166003,959,"[14, 544]","[545, 937]",704,2026-08-11T13:34:43+09:00
1820,1,no,T0,primary,no,24.75,27.625,-2.875,False,True,436127,166003,959,"[14, 544]","[545, 937]",703,2026-08-11T13:34:44+09:00
1820,1,no,Trel8,primary,yes,25.75,24.625,1.125,False,False,436127,166003,959,"[14, 544]","[545, 937]",705,2026-08-11T13:34:44+09:00
196,1,no,S,primary,no,24.0,30.0,-6.0,False,True,526321,161877,252,,,122,2026-08-11T13:34:45+09:00
196,1,no,M,primary,yes,24.75,23.875,0.875,False,False,526321,161877,646,"[14, 231]","[232, 624]",411,2026-08-11T13:34:45+09:00
196,1,no,T4,primary,no,24.875,29.5,-4.625,False,True,526321,161877,646,"[14, 231]","[232, 624]",414,2026-08-11T13:34:45+09:00
196,1,no,T8,primary,no,24.75,29.625,-4.875,False,True,526321,161877,646,"[14, 231]","[232, 624]",416,2026-08-11T13:34:46+09:00
196,1,no,T12,primary,no,24.75,29.125,-4.375,False,True,526321,161877,646,"[14, 231]","[232, 624]",417,2026-08-11T13:34:46+09:00
196,1,no,T16,primary,no,24.625,28.25,-3.625,False,True,526321,161877,646,"[14, 231]","[232, 624]",416,2026-08-11T13:34:47+09:00
196,1,no,T20,primary,no,24.25,25.75,-1.5,False,True,526321,161877,646,"[14, 231]","[232, 624]",417,2026-08-11T13:34:47+09:00
196,1,no,T24,primary,yes,24.5,24.0,0.5,False,False,526321,161877,646,"[14, 231]","[232, 624]",417,2026-08-11T13:34:48+09:00
196,1,no,T0,primary,no,24.625,29.5,-4.875,False,True,526321,161877,646,"[14, 231]","[232, 624]",417,2026-08-11T13:34:48+09:00
196,1,no,Trel8,primary,yes,27.0,24.5,2.5,False,False,526321,161877,646,"[14, 231]","[232, 624]",417,2026-08-11T13:34:48+09:00
2190,1,no,M,primary,yes,25.375,24.875,0.5,False,False,332908,181576,775,"[14, 406]","[407, 753]",523,2026-08-11T13:34:49+09:00
2190,1,no,T4,primary,no,24.875,25.625,-0.75,False,True,332908,181576,775,"[14, 406]","[407, 753]",526,2026-08-11T13:34:49+09:00
2190,1,no,T8,primary,no,24.75,25.625,-0.875,False,True,332908,181576,775,"[14, 406]","[407, 753]",526,2026-08-11T13:34:50+09:00
2190,1,no,T12,primary,no,24.875,25.75,-0.875,False,True,332908,181576,775,"[14, 406]","[407, 753]",526,2026-08-11T13:34:51+09:00
2190,1,no,T16,primary,no,24.625,26.0,-1.375,False,True,332908,181576,775,"[14, 406]","[407, 753]",529,2026-08-11T13:34:51+09:00
2190,1,no,T20,primary,no,24.75,25.125,-0.375,False,True,332908,181576,775,"[14, 406]","[407, 753]",527,2026-08-11T13:34:52+09:00
2190,1,no,T24,primary,no,25.5,25.5,0.0,True,True,332908,181576,775,"[14, 406]","[407, 753]",525,2026-08-11T13:34:52+09:00
2190,1,no,T0,primary,no,24.875,25.5,-0.625,False,True,332908,181576,775,"[14, 406]","[407, 753]",525,2026-08-11T13:34:53+09:00
2190,1,no,Trel8,primary,yes,26.375,24.25,2.125,False,False,332908,181576,775,"[14, 406]","[407, 753]",527,2026-08-11T13:34:53+09:00
2668,1,no,S,primary,no,25.125,27.5,-2.375,False,True,123570,263594,381,,,206,2026-08-11T13:34:53+09:00
2668,1,no,M,primary,no,24.375,25.375,-1.0,False,True,123570,263594,636,"[14, 360]","[361, 614]",389,2026-08-11T13:34:54+09:00
2668,1,no,T4,primary,no,25.0,26.75,-1.75,False,True,123570,263594,636,"[14, 360]","[361, 614]",389,2026-08-11T13:34:54+09:00
2668,1,no,T8,primary,no,24.75,26.875,-2.125,False,True,123570,263594,636,"[14, 360]","[361, 614]",389,2026-08-11T13:34:55+09:00
2668,1,no,T12,primary,no,24.75,26.625,-1.875,False,True,123570,263594,636,"[14, 360]","[361, 614]",392,2026-08-11T13:34:55+09:00
2668,1,no,T16,primary,no,24.5,26.5,-2.0,False,True,123570,263594,636,"[14, 360]","[361, 614]",391,2026-08-11T13:34:55+09:00
2668,1,no,T20,primary,no,24.25,25.75,-1.5,False,True,123570,263594,636,"[14, 360]","[361, 614]",390,2026-08-11T13:34:56+09:00
2668,1,no,T24,primary,no,24.125,25.875,-1.75,False,True,123570,263594,636,"[14, 360]","[361, 614]",390,2026-08-11T13:34:56+09:00
2668,1,no,T0,primary,no,24.75,26.875,-2.125,False,True,123570,263594,636,"[14, 360]","[361, 614]",388,2026-08-11T13:34:57+09:00
2668,1,no,Trel8,primary,no,25.0,25.25,-0.25,False,True,123570,263594,636,"[14, 360]","[361, 614]",390,2026-08-11T13:34:57+09:00
740,1,no,M,primary,no,25.5,28.0,-2.5,False,True,65001,16030,776,"[14, 406]","[407, 753]",522,2026-08-11T13:34:57+09:00
740,1,no,T4,primary,no,25.25,29.25,-4.0,False,True,65001,16030,776,"[14, 406]","[407, 753]",525,2026-08-11T13:34:58+09:00
740,1,no,T8,primary,no,25.0,29.375,-4.375,False,True,65001,16030,776,"[14, 406]","[407, 753]",526,2026-08-11T13:34:59+09:00
740,1,no,T12,primary,no,25.125,29.5,-4.375,False,True,65001,16030,776,"[14, 406]","[407, 753]",526,2026-08-11T13:34:59+09:00
740,1,no,T16,primary,no,25.625,27.75,-2.125,False,True,65001,16030,776,"[14, 406]","[407, 753]",526,2026-08-11T13:35:00+09:00
740,1,no,T20,primary,no,25.625,26.875,-1.25,False,True,65001,16030,776,"[14, 406]","[407, 753]",525,2026-08-11T13:35:00+09:00
740,1,no,T24,primary,no,25.375,27.625,-2.25,False,True,65001,16030,776,"[14, 406]","[407, 753]",526,2026-08-11T13:35:01+09:00
740,1,no,T0,primary,no,24.875,28.875,-4.0,False,True,65001,16030,776,"[14, 406]","[407, 753]",524,2026-08-11T13:35:01+09:00
740,1,no,Trel8,primary,yes,26.75,24.875,1.875,False,False,65001,16030,776,"[14, 406]","[407, 753]",525,2026-08-11T13:35:02+09:00
982,1,no,S,primary,yes,26.0,25.0,1.0,False,False,197219,54593,381,,,205,2026-08-11T13:35:02+09:00
982,1,no,M,primary,no,24.5,26.0,-1.5,False,True,197219,54593,729,"[14, 360]","[361, 707]",478,2026-08-11T13:35:02+09:00
982,1,no,T4,primary,no,25.0,25.0,0.0,True,True,197219,54593,729,"[14, 360]","[361, 707]",480,2026-08-11T13:35:03+09:00
982,1,no,T8,primary,no,24.875,25.0,-0.125,False,True,197219,54593,729,"[14, 360]","[361, 707]",483,2026-08-11T13:35:03+09:00
982,1,no,T12,primary,yes,25.375,25.0,0.375,False,False,197219,54593,729,"[14, 360]","[361, 707]",482,2026-08-11T13:35:04+09:00
982,1,no,T16,primary,yes,25.0,24.25,0.75,False,False,197219,54593,729,"[14, 360]","[361, 707]",480,2026-08-11T13:35:04+09:00
982,1,no,T20,primary,no,24.625,25.0,-0.375,False,True,197219,54593,729,"[14, 360]","[361, 707]",482,2026-08-11T13:35:05+09:00
982,1,no,T24,primary,no,24.5,25.875,-1.375,False,True,197219,54593,729,"[14, 360]","[361, 707]",482,2026-08-11T13:35:05+09:00
982,1,no,T0,primary,no,25.125,25.125,0.0,True,True,197219,54593,729,"[14, 360]","[361, 707]",481,2026-08-11T13:35:06+09:00
982,1,no,Trel8,primary,no,25.0,25.375,-0.375,False,True,197219,54593,729,"[14, 360]","[361, 707]",483,2026-08-11T13:35:06+09:00
1804,1,no,M,primary,yes,25.625,25.375,0.25,False,False,465418,82889,776,"[14, 360]","[361, 753]",521,2026-08-11T13:35:07+09:00
1804,1,no,T4,primary,no,25.25,28.75,-3.5,False,True,465418,82889,776,"[14, 360]","[361, 753]",521,2026-08-11T13:35:07+09:00
1804,1,no,T8,primary,no,25.25,28.875,-3.625,False,True,465418,82889,776,"[14, 360]","[361, 753]",527,2026-08-11T13:35:08+09:00
1804,1,no,T12,primary,no,25.375,28.875,-3.5,False,True,465418,82889,776,"[14, 360]","[361, 753]",525,2026-08-11T13:35:08+09:00
1804,1,no,T16,primary,no,25.375,27.125,-1.75,False,True,465418,82889,776,"[14, 360]","[361, 753]",524,2026-08-11T13:35:09+09:00
1804,1,no,T20,primary,no,25.75,26.375,-0.625,False,True,465418,82889,776,"[14, 360]","[361, 753]",530,2026-08-11T13:35:10+09:00
1804,1,no,T24,primary,yes,25.75,25.375,0.375,False,False,465418,82889,776,"[14, 360]","[361, 753]",524,2026-08-11T13:35:10+09:00
1804,1,no,T0,primary,no,25.0,28.625,-3.625,False,True,465418,82889,776,"[14, 360]","[361, 753]",523,2026-08-11T13:35:11+09:00
1804,1,no,Trel8,primary,yes,26.25,25.125,1.125,False,False,465418,82889,776,"[14, 360]","[361, 753]",529,2026-08-11T13:35:11+09:00
886,1,no,S,primary,no,25.5,27.375,-1.875,False,True,87435,281809,336,,,184,2026-08-11T13:35:11+09:00
886,1,no,M,primary,yes,25.75,25.5,0.25,False,False,87435,281809,573,"[14, 314]","[315, 550]",351,2026-08-11T13:35:12+09:00
886,1,no,T4,primary,no,25.5,27.25,-1.75,False,True,87435,281809,573,"[14, 314]","[315, 550]",349,2026-08-11T13:35:12+09:00
886,1,no,T8,primary,no,25.25,27.25,-2.0,False,True,87435,281809,573,"[14, 314]","[315, 550]",352,2026-08-11T13:35:12+09:00
886,1,no,T12,primary,no,25.125,27.375,-2.25,False,True,87435,281809,573,"[14, 314]","[315, 550]",350,2026-08-11T13:35:13+09:00
886,1,no,T16,primary,no,25.0,26.75,-1.75,False,True,87435,281809,573,"[14, 314]","[315, 550]",352,2026-08-11T13:35:13+09:00
886,1,no,T20,primary,no,25.125,26.25,-1.125,False,True,87435,281809,573,"[14, 314]","[315, 550]",351,2026-08-11T13:35:13+09:00
886,1,no,T24,primary,yes,25.75,25.5,0.25,False,False,87435,281809,573,"[14, 314]","[315, 550]",350,2026-08-11T13:35:14+09:00
886,1,no,T0,primary,no,25.25,27.25,-2.0,False,True,87435,281809,573,"[14, 314]","[315, 550]",350,2026-08-11T13:35:14+09:00
886,1,no,Trel8,primary,yes,26.25,25.0,1.25,False,False,87435,281809,573,"[14, 314]","[315, 550]",348,2026-08-11T13:35:14+09:00
2248,1,no,S,primary,no,24.625,31.125,-6.5,False,True,240434,423804,381,,,205,2026-08-11T13:35:15+09:00
2248,1,no,M,primary,no,24.875,27.0,-2.125,False,True,240434,423804,729,"[14, 360]","[361, 707]",479,2026-08-11T13:35:15+09:00
2248,1,no,T4,primary,no,24.75,29.875,-5.125,False,True,240434,423804,729,"[14, 360]","[361, 707]",480,2026-08-11T13:35:16+09:00
2248,1,no,T8,primary,no,24.75,29.75,-5.0,False,True,240434,423804,729,"[14, 360]","[361, 707]",482,2026-08-11T13:35:16+09:00
2248,1,no,T12,primary,no,24.875,29.375,-4.5,False,True,240434,423804,729,"[14, 360]","[361, 707]",481,2026-08-11T13:35:17+09:00
2248,1,no,T16,primary,no,24.625,27.5,-2.875,False,True,240434,423804,729,"[14, 360]","[361, 707]",480,2026-08-11T13:35:17+09:00
2248,1,no,T20,primary,no,24.75,26.625,-1.875,False,True,240434,423804,729,"[14, 360]","[361, 707]",478,2026-08-11T13:35:18+09:00
2248,1,no,T24,primary,no,25.0,27.375,-2.375,False,True,240434,423804,729,"[14, 360]","[361, 707]",480,2026-08-11T13:35:18+09:00
2248,1,no,T0,primary,no,24.75,29.625,-4.875,False,True,240434,423804,729,"[14, 360]","[361, 707]",482,2026-08-11T13:35:19+09:00
2248,1,no,Trel8,primary,yes,25.5,24.625,0.875,False,False,240434,423804,729,"[14, 360]","[361, 707]",480,2026-08-11T13:35:19+09:00
502,1,no,S,primary,no,25.125,27.375,-2.25,False,True,199764,436808,381,,,206,2026-08-11T13:35:19+09:00
502,1,no,M,primary,yes,25.5,25.0,0.5,False,False,199764,436808,752,"[14, 360]","[361, 730]",493,2026-08-11T13:35:20+09:00
502,1,no,T4,primary,no,25.125,26.75,-1.625,False,True,199764,436808,752,"[14, 360]","[361, 730]",492,2026-08-11T13:35:20+09:00
502,1,no,T8,primary,no,25.0,26.625,-1.625,False,True,199764,436808,752,"[14, 360]","[361, 730]",494,2026-08-11T13:35:21+09:00
502,1,no,T12,primary,no,24.75,26.375,-1.625,False,True,199764,436808,752,"[14, 360]","[361, 730]",494,2026-08-11T13:35:21+09:00
502,1,no,T16,primary,no,24.75,26.0,-1.25,False,True,199764,436808,752,"[14, 360]","[361, 730]",495,2026-08-11T13:35:22+09:00
502,1,no,T20,primary,yes,25.25,25.125,0.125,False,False,199764,436808,752,"[14, 360]","[361, 730]",494,2026-08-11T13:35:22+09:00
502,1,no,T24,primary,yes,25.5,25.0,0.5,False,False,199764,436808,752,"[14, 360]","[361, 730]",494,2026-08-11T13:35:23+09:00
502,1,no,T0,primary,no,24.75,26.5,-1.75,False,True,199764,436808,752,"[14, 360]","[361, 730]",494,2026-08-11T13:35:23+09:00
502,1,no,Trel8,primary,yes,25.75,25.0,0.75,False,False,199764,436808,752,"[14, 360]","[361, 730]",493,2026-08-11T13:35:24+09:00
2232,1,no,S,primary,no,25.125,27.25,-2.125,False,True,233521,116132,382,,,206,2026-08-11T13:35:24+09:00
2232,1,no,M,primary,no,24.75,25.5,-0.75,False,True,233521,116132,619,"[14, 360]","[361, 596]",377,2026-08-11T13:35:24+09:00
2232,1,no,T4,primary,no,25.125,26.25,-1.125,False,True,233521,116132,619,"[14, 360]","[361, 596]",379,2026-08-11T13:35:25+09:00
2232,1,no,T8,primary,no,25.0,26.25,-1.25,False,True,233521,116132,619,"[14, 360]","[361, 596]",380,2026-08-11T13:35:25+09:00
2232,1,no,T12,primary,no,24.875,26.125,-1.25,False,True,233521,116132,619,"[14, 360]","[361, 596]",382,2026-08-11T13:35:26+09:00
2232,1,no,T16,primary,no,24.625,25.375,-0.75,False,True,233521,116132,619,"[14, 360]","[361, 596]",383,2026-08-11T13:35:26+09:00
2232,1,no,T20,primary,no,24.75,25.125,-0.375,False,True,233521,116132,619,"[14, 360]","[361, 596]",380,2026-08-11T13:35:26+09:00
2232,1,no,T24,primary,no,24.875,25.875,-1.0,False,True,233521,116132,619,"[14, 360]","[361, 596]",382,2026-08-11T13:35:27+09:00
2232,1,no,T0,primary,no,25.0,26.25,-1.25,False,True,233521,116132,619,"[14, 360]","[361, 596]",382,2026-08-11T13:35:27+09:00
2232,1,no,Trel8,primary,no,25.125,25.125,0.0,True,True,233521,116132,619,"[14, 360]","[361, 596]",382,2026-08-11T13:35:27+09:00
2278,1,no,S,primary,no,25.125,26.875,-1.75,False,True,368541,35599,427,,,249,2026-08-11T13:35:28+09:00
2278,1,no,M,primary,yes,25.5,24.5,1.0,False,False,368541,35599,798,"[14, 406]","[407, 776]",537,2026-08-11T13:35:28+09:00
2278,1,no,T4,primary,no,24.875,26.375,-1.5,False,True,368541,35599,798,"[14, 406]","[407, 776]",540,2026-08-11T13:35:29+09:00
2278,1,no,T8,primary,no,24.75,26.375,-1.625,False,True,368541,35599,798,"[14, 406]","[407, 776]",541,2026-08-11T13:35:29+09:00
2278,1,no,T12,primary,no,24.625,26.125,-1.5,False,True,368541,35599,798,"[14, 406]","[407, 776]",541,2026-08-11T13:35:30+09:00
2278,1,no,T16,primary,no,24.625,26.5,-1.875,False,True,368541,35599,798,"[14, 406]","[407, 776]",539,2026-08-11T13:35:30+09:00
2278,1,no,T20,primary,no,24.375,25.125,-0.75,False,True,368541,35599,798,"[14, 406]","[407, 776]",538,2026-08-11T13:35:31+09:00
2278,1,no,T24,primary,yes,25.375,24.75,0.625,False,False,368541,35599,798,"[14, 406]","[407, 776]",541,2026-08-11T13:35:32+09:00
2278,1,no,T0,primary,no,24.625,26.125,-1.5,False,True,368541,35599,798,"[14, 406]","[407, 776]",543,2026-08-11T13:35:32+09:00
2278,1,no,Trel8,primary,yes,26.875,24.875,2.0,False,False,368541,35599,798,"[14, 406]","[407, 776]",541,2026-08-11T13:35:33+09:00
144,1,no,S,primary,no,24.0,30.125,-6.125,False,True,542145,556641,271,,,134,2026-08-11T13:35:33+09:00
144,1,no,M,primary,no,25.0,27.0,-2.0,False,True,542145,556641,544,"[14, 249]","[250, 521]",320,2026-08-11T13:35:33+09:00
144,1,no,T4,primary,no,25.0,29.875,-4.875,False,True,542145,556641,544,"[14, 249]","[250, 521]",319,2026-08-11T13:35:33+09:00
144,1,no,T8,primary,no,24.875,30.375,-5.5,False,True,542145,556641,544,"[14, 249]","[250, 521]",320,2026-08-11T13:35:34+09:00
144,1,no,T12,primary,no,24.75,29.75,-5.0,False,True,542145,556641,544,"[14, 249]","[250, 521]",322,2026-08-11T13:35:34+09:00
144,1,no,T16,primary,no,24.625,29.125,-4.5,False,True,542145,556641,544,"[14, 249]","[250, 521]",322,2026-08-11T13:35:34+09:00
144,1,no,T20,primary,no,25.5,27.75,-2.25,False,True,542145,556641,544,"[14, 249]","[250, 521]",319,2026-08-11T13:35:35+09:00
144,1,no,T24,primary,no,25.125,27.375,-2.25,False,True,542145,556641,544,"[14, 249]","[250, 521]",319,2026-08-11T13:35:35+09:00
144,1,no,T0,primary,no,24.75,29.75,-5.0,False,True,542145,556641,544,"[14, 249]","[250, 521]",319,2026-08-11T13:35:35+09:00
144,1,no,Trel8,primary,yes,26.625,25.0,1.625,False,False,542145,556641,544,"[14, 249]","[250, 521]",321,2026-08-11T13:35:36+09:00
1153,2,yes,M,primary,yes,24.375,24.25,0.125,False,True,376959,459382,754,"[14, 406]","[407, 732]",502,2026-08-11T13:35:36+09:00
1153,2,yes,T4,primary,yes,25.0,24.25,0.75,False,True,376959,459382,754,"[14, 406]","[407, 732]",503,2026-08-11T13:35:37+09:00
1153,2,yes,T8,primary,yes,24.625,24.125,0.5,False,True,376959,459382,754,"[14, 406]","[407, 732]",506,2026-08-11T13:35:37+09:00
1153,2,yes,T12,primary,yes,24.75,24.375,0.375,False,True,376959,459382,754,"[14, 406]","[407, 732]",507,2026-08-11T13:35:38+09:00
1153,2,yes,T16,primary,yes,24.375,24.125,0.25,False,True,376959,459382,754,"[14, 406]","[407, 732]",505,2026-08-11T13:35:38+09:00
1153,2,yes,T20,primary,yes,24.125,23.875,0.25,False,True,376959,459382,754,"[14, 406]","[407, 732]",506,2026-08-11T13:35:39+09:00
1153,2,yes,T24,primary,yes,24.375,24.25,0.125,False,True,376959,459382,754,"[14, 406]","[407, 732]",504,2026-08-11T13:35:39+09:00
1153,2,yes,T0,primary,yes,25.0,24.25,0.75,False,True,376959,459382,754,"[14, 406]","[407, 732]",503,2026-08-11T13:35:40+09:00
1153,2,yes,Trel8,primary,no,24.75,27.5,-2.75,False,False,376959,459382,754,"[14, 406]","[407, 732]",505,2026-08-11T13:35:40+09:00
579,2,yes,S,primary,yes,26.625,24.75,1.875,False,True,287305,235296,358,,,193,2026-08-11T13:35:41+09:00
579,2,yes,M,primary,yes,26.0,24.5,1.5,False,True,287305,235296,595,"[14, 337]","[338, 573]",361,2026-08-11T13:35:41+09:00
579,2,yes,T4,primary,yes,26.125,24.75,1.375,False,True,287305,235296,595,"[14, 337]","[338, 573]",362,2026-08-11T13:35:41+09:00
579,2,yes,T8,primary,yes,25.875,24.75,1.125,False,True,287305,235296,595,"[14, 337]","[338, 573]",362,2026-08-11T13:35:42+09:00
579,2,yes,T12,primary,yes,25.75,24.625,1.125,False,True,287305,235296,595,"[14, 337]","[338, 573]",365,2026-08-11T13:35:42+09:00
579,2,yes,T16,primary,yes,25.375,24.5,0.875,False,True,287305,235296,595,"[14, 337]","[338, 573]",362,2026-08-11T13:35:42+09:00
579,2,yes,T20,primary,yes,25.625,24.5,1.125,False,True,287305,235296,595,"[14, 337]","[338, 573]",364,2026-08-11T13:35:43+09:00
579,2,yes,T24,primary,yes,26.125,24.625,1.5,False,True,287305,235296,595,"[14, 337]","[338, 573]",363,2026-08-11T13:35:43+09:00
579,2,yes,T0,primary,yes,25.75,24.5,1.25,False,True,287305,235296,595,"[14, 337]","[338, 573]",364,2026-08-11T13:35:43+09:00
579,2,yes,Trel8,primary,no,25.0,27.25,-2.25,False,False,287305,235296,595,"[14, 337]","[338, 573]",361,2026-08-11T13:35:44+09:00
1501,2,yes,M,primary,no,24.5,25.5,-1.0,False,False,384040,293574,798,"[14, 383]","[384, 776]",535,2026-08-11T13:35:44+09:00
1501,2,yes,T4,primary,no,25.0,25.25,-0.25,False,False,384040,293574,798,"[14, 383]","[384, 776]",539,2026-08-11T13:35:45+09:00
1501,2,yes,T8,primary,no,24.875,25.0,-0.125,False,False,384040,293574,798,"[14, 383]","[384, 776]",544,2026-08-11T13:35:45+09:00
1501,2,yes,T12,primary,no,25.0,25.25,-0.25,False,False,384040,293574,798,"[14, 383]","[384, 776]",541,2026-08-11T13:35:46+09:00
1501,2,yes,T16,primary,no,24.625,25.125,-0.5,False,False,384040,293574,798,"[14, 383]","[384, 776]",540,2026-08-11T13:35:47+09:00
1501,2,yes,T20,primary,no,24.5,25.375,-0.875,False,False,384040,293574,798,"[14, 383]","[384, 776]",543,2026-08-11T13:35:47+09:00
1501,2,yes,T24,primary,no,24.625,25.625,-1.0,False,False,384040,293574,798,"[14, 383]","[384, 776]",543,2026-08-11T13:35:48+09:00
1501,2,yes,T0,primary,no,24.875,25.125,-0.25,False,False,384040,293574,798,"[14, 383]","[384, 776]",541,2026-08-11T13:35:48+09:00
1501,2,yes,Trel8,primary,no,24.75,28.375,-3.625,False,False,384040,293574,798,"[14, 383]","[384, 776]",542,2026-08-11T13:35:49+09:00
41,2,yes,M,primary,yes,24.625,23.625,1.0,False,True,265719,12268,664,"[14, 406]","[407, 642]",431,2026-08-11T13:35:49+09:00
41,2,yes,T4,primary,yes,25.5,24.25,1.25,False,True,265719,12268,664,"[14, 406]","[407, 642]",431,2026-08-11T13:35:50+09:00
41,2,yes,T8,primary,yes,25.5,24.375,1.125,False,True,265719,12268,664,"[14, 406]","[407, 642]",432,2026-08-11T13:35:50+09:00
41,2,yes,T12,primary,yes,25.125,24.125,1.0,False,True,265719,12268,664,"[14, 406]","[407, 642]",434,2026-08-11T13:35:51+09:00
41,2,yes,T16,primary,yes,24.625,23.875,0.75,False,True,265719,12268,664,"[14, 406]","[407, 642]",434,2026-08-11T13:35:51+09:00
41,2,yes,T20,primary,yes,24.25,23.5,0.75,False,True,265719,12268,664,"[14, 406]","[407, 642]",435,2026-08-11T13:35:51+09:00
41,2,yes,T24,primary,yes,24.625,23.625,1.0,False,True,265719,12268,664,"[14, 406]","[407, 642]",433,2026-08-11T13:35:52+09:00
41,2,yes,T0,primary,yes,25.625,24.25,1.375,False,True,265719,12268,664,"[14, 406]","[407, 642]",435,2026-08-11T13:35:52+09:00
41,2,yes,Trel8,primary,no,24.75,26.125,-1.375,False,False,265719,12268,664,"[14, 406]","[407, 642]",432,2026-08-11T13:35:53+09:00
2005,2,yes,M,primary,yes,26.625,24.625,2.0,False,True,263594,391144,636,"[14, 267]","[268, 614]",389,2026-08-11T13:35:53+09:00
2005,2,yes,T4,primary,yes,27.375,24.875,2.5,False,True,263594,391144,636,"[14, 267]","[268, 614]",389,2026-08-11T13:35:54+09:00
2005,2,yes,T8,primary,yes,27.375,24.75,2.625,False,True,263594,391144,636,"[14, 267]","[268, 614]",388,2026-08-11T13:35:54+09:00
2005,2,yes,T12,primary,yes,27.25,24.625,2.625,False,True,263594,391144,636,"[14, 267]","[268, 614]",391,2026-08-11T13:35:54+09:00
2005,2,yes,T16,primary,yes,26.75,24.375,2.375,False,True,263594,391144,636,"[14, 267]","[268, 614]",392,2026-08-11T13:35:55+09:00
2005,2,yes,T20,primary,yes,26.5,24.375,2.125,False,True,263594,391144,636,"[14, 267]","[268, 614]",389,2026-08-11T13:35:55+09:00
2005,2,yes,T24,primary,yes,26.75,24.75,2.0,False,True,263594,391144,636,"[14, 267]","[268, 614]",388,2026-08-11T13:35:55+09:00
2005,2,yes,T0,primary,yes,27.625,24.625,3.0,False,True,263594,391144,636,"[14, 267]","[268, 614]",387,2026-08-11T13:35:56+09:00
2005,2,yes,Trel8,primary,no,25.25,25.5,-0.25,False,False,263594,391144,636,"[14, 267]","[268, 614]",390,2026-08-11T13:35:56+09:00
1319,2,yes,S,primary,yes,26.125,25.375,0.75,False,True,526368,202928,427,,,248,2026-08-11T13:35:57+09:00
1319,2,yes,M,primary,yes,25.625,25.375,0.25,False,True,526368,202928,914,"[14, 406]","[407, 892]",664,2026-08-11T13:35:57+09:00
1319,2,yes,T4,primary,yes,26.375,25.0,1.375,False,True,526368,202928,914,"[14, 406]","[407, 892]",668,2026-08-11T13:35:58+09:00
1319,2,yes,T8,primary,yes,26.375,25.125,1.25,False,True,526368,202928,914,"[14, 406]","[407, 892]",669,2026-08-11T13:35:59+09:00
1319,2,yes,T12,primary,yes,25.875,24.875,1.0,False,True,526368,202928,914,"[14, 406]","[407, 892]",671,2026-08-11T13:35:59+09:00
1319,2,yes,T16,primary,yes,25.625,25.0,0.625,False,True,526368,202928,914,"[14, 406]","[407, 892]",670,2026-08-11T13:36:00+09:00
1319,2,yes,T20,primary,yes,25.5,25.25,0.25,False,True,526368,202928,914,"[14, 406]","[407, 892]",670,2026-08-11T13:36:01+09:00
1319,2,yes,T24,primary,yes,25.75,25.5,0.25,False,True,526368,202928,914,"[14, 406]","[407, 892]",671,2026-08-11T13:36:01+09:00
1319,2,yes,T0,primary,yes,26.25,24.75,1.5,False,True,526368,202928,914,"[14, 406]","[407, 892]",670,2026-08-11T13:36:02+09:00
1319,2,yes,Trel8,primary,no,25.125,27.375,-2.25,False,False,526368,202928,914,"[14, 406]","[407, 892]",669,2026-08-11T13:36:03+09:00
691,2,yes,S,primary,yes,28.75,25.125,3.625,False,True,366141,298197,427,,,249,2026-08-11T13:36:03+09:00
691,2,yes,M,primary,yes,28.125,25.375,2.75,False,True,366141,298197,821,"[14, 406]","[407, 799]",575,2026-08-11T13:36:03+09:00
691,2,yes,T4,primary,yes,26.5,25.375,1.125,False,True,366141,298197,821,"[14, 406]","[407, 799]",578,2026-08-11T13:36:04+09:00
691,2,yes,T8,primary,yes,26.25,25.25,1.0,False,True,366141,298197,821,"[14, 406]","[407, 799]",580,2026-08-11T13:36:05+09:00
691,2,yes,T12,primary,yes,26.375,25.25,1.125,False,True,366141,298197,821,"[14, 406]","[407, 799]",579,2026-08-11T13:36:05+09:00
691,2,yes,T16,primary,yes,26.125,25.0,1.125,False,True,366141,298197,821,"[14, 406]","[407, 799]",578,2026-08-11T13:36:06+09:00
691,2,yes,T20,primary,yes,26.625,25.0,1.625,False,True,366141,298197,821,"[14, 406]","[407, 799]",575,2026-08-11T13:36:06+09:00
691,2,yes,T24,primary,yes,28.375,25.5,2.875,False,True,366141,298197,821,"[14, 406]","[407, 799]",574,2026-08-11T13:36:07+09:00
691,2,yes,T0,primary,yes,27.125,25.125,2.0,False,True,366141,298197,821,"[14, 406]","[407, 799]",578,2026-08-11T13:36:08+09:00
691,2,yes,Trel8,primary,no,24.375,28.125,-3.75,False,False,366141,298197,821,"[14, 406]","[407, 799]",577,2026-08-11T13:36:08+09:00
1437,2,yes,S,primary,no,24.75,28.125,-3.375,False,False,511622,223764,427,,,248,2026-08-11T13:36:08+09:00
1437,2,yes,M,primary,no,24.625,27.75,-3.125,False,False,511622,223764,798,"[14, 406]","[407, 776]",537,2026-08-11T13:36:09+09:00
1437,2,yes,T4,primary,no,24.75,27.125,-2.375,False,False,511622,223764,798,"[14, 406]","[407, 776]",538,2026-08-11T13:36:09+09:00
1437,2,yes,T8,primary,no,24.75,27.25,-2.5,False,False,511622,223764,798,"[14, 406]","[407, 776]",541,2026-08-11T13:36:10+09:00
1437,2,yes,T12,primary,no,24.75,27.125,-2.375,False,False,511622,223764,798,"[14, 406]","[407, 776]",539,2026-08-11T13:36:11+09:00
1437,2,yes,T16,primary,no,24.625,26.875,-2.25,False,False,511622,223764,798,"[14, 406]","[407, 776]",540,2026-08-11T13:36:11+09:00
1437,2,yes,T20,primary,no,24.5,27.0,-2.5,False,False,511622,223764,798,"[14, 406]","[407, 776]",541,2026-08-11T13:36:12+09:00
1437,2,yes,T24,primary,no,24.75,27.875,-3.125,False,False,511622,223764,798,"[14, 406]","[407, 776]",542,2026-08-11T13:36:12+09:00
1437,2,yes,T0,primary,no,24.75,27.125,-2.375,False,False,511622,223764,798,"[14, 406]","[407, 776]",543,2026-08-11T13:36:13+09:00
1437,2,yes,Trel8,primary,no,24.875,27.5,-2.625,False,False,511622,223764,798,"[14, 406]","[407, 776]",541,2026-08-11T13:36:13+09:00
1973,2,yes,S,primary,no,25.0,25.0,0.0,True,False,44801,447602,252,,,122,2026-08-11T13:36:13+09:00
1973,2,yes,M,primary,yes,24.5,24.125,0.375,False,True,44801,447602,646,"[14, 231]","[232, 624]",414,2026-08-11T13:36:14+09:00
1973,2,yes,T4,primary,yes,25.25,25.125,0.125,False,True,44801,447602,646,"[14, 231]","[232, 624]",415,2026-08-11T13:36:14+09:00
1973,2,yes,T8,primary,no,24.875,24.875,0.0,True,False,44801,447602,646,"[14, 231]","[232, 624]",416,2026-08-11T13:36:15+09:00
1973,2,yes,T12,primary,yes,25.125,25.0,0.125,False,True,44801,447602,646,"[14, 231]","[232, 624]",417,2026-08-11T13:36:15+09:00
1973,2,yes,T16,primary,no,24.375,24.5,-0.125,False,False,44801,447602,646,"[14, 231]","[232, 624]",416,2026-08-11T13:36:16+09:00
1973,2,yes,T20,primary,yes,24.5,24.375,0.125,False,True,44801,447602,646,"[14, 231]","[232, 624]",415,2026-08-11T13:36:16+09:00
1973,2,yes,T24,primary,yes,24.5,24.125,0.375,False,True,44801,447602,646,"[14, 231]","[232, 624]",416,2026-08-11T13:36:16+09:00
1973,2,yes,T0,primary,no,25.0,25.0,0.0,True,False,44801,447602,646,"[14, 231]","[232, 624]",417,2026-08-11T13:36:17+09:00
1973,2,yes,Trel8,primary,no,25.0,27.0,-2.0,False,False,44801,447602,646,"[14, 231]","[232, 624]",417,2026-08-11T13:36:17+09:00
1819,2,yes,S,primary,no,24.25,28.625,-4.375,False,False,436127,481313,565,,,334,2026-08-11T13:36:18+09:00
1819,2,yes,M,primary,no,23.875,29.125,-5.25,False,False,436127,481313,959,"[14, 544]","[545, 937]",703,2026-08-11T13:36:18+09:00
1819,2,yes,T4,primary,no,24.5,27.75,-3.25,False,False,436127,481313,959,"[14, 544]","[545, 937]",708,2026-08-11T13:36:19+09:00
1819,2,yes,T8,primary,no,24.125,27.75,-3.625,False,False,436127,481313,959,"[14, 544]","[545, 937]",708,2026-08-11T13:36:20+09:00
1819,2,yes,T12,primary,no,24.25,27.75,-3.5,False,False,436127,481313,959,"[14, 544]","[545, 937]",708,2026-08-11T13:36:20+09:00
1819,2,yes,T16,primary,no,24.125,27.875,-3.75,False,False,436127,481313,959,"[14, 544]","[545, 937]",706,2026-08-11T13:36:21+09:00
1819,2,yes,T20,primary,no,24.25,28.875,-4.625,False,False,436127,481313,959,"[14, 544]","[545, 937]",707,2026-08-11T13:36:22+09:00
1819,2,yes,T24,primary,no,24.25,29.25,-5.0,False,False,436127,481313,959,"[14, 544]","[545, 937]",705,2026-08-11T13:36:23+09:00
1819,2,yes,T0,primary,no,24.25,27.75,-3.5,False,False,436127,481313,959,"[14, 544]","[545, 937]",708,2026-08-11T13:36:23+09:00
1819,2,yes,Trel8,primary,no,25.0,28.625,-3.625,False,False,436127,481313,959,"[14, 544]","[545, 937]",708,2026-08-11T13:36:24+09:00
2757,2,yes,S,primary,yes,28.875,25.0,3.875,False,True,536073,402528,427,,,249,2026-08-11T13:36:24+09:00
2757,2,yes,M,primary,yes,27.875,24.625,3.25,False,True,536073,402528,775,"[14, 406]","[407, 753]",526,2026-08-11T13:36:25+09:00
2757,2,yes,T4,primary,yes,28.625,24.875,3.75,False,True,536073,402528,775,"[14, 406]","[407, 753]",525,2026-08-11T13:36:25+09:00
2757,2,yes,T8,primary,yes,28.375,24.75,3.625,False,True,536073,402528,775,"[14, 406]","[407, 753]",531,2026-08-11T13:36:26+09:00
2757,2,yes,T12,primary,yes,28.5,25.0,3.5,False,True,536073,402528,775,"[14, 406]","[407, 753]",526,2026-08-11T13:36:26+09:00
2757,2,yes,T16,primary,yes,28.375,24.875,3.5,False,True,536073,402528,775,"[14, 406]","[407, 753]",527,2026-08-11T13:36:27+09:00
2757,2,yes,T20,primary,yes,28.5,24.875,3.625,False,True,536073,402528,775,"[14, 406]","[407, 753]",527,2026-08-11T13:36:27+09:00
2757,2,yes,T24,primary,yes,28.25,24.875,3.375,False,True,536073,402528,775,"[14, 406]","[407, 753]",527,2026-08-11T13:36:28+09:00
2757,2,yes,T0,primary,yes,28.375,24.5,3.875,False,True,536073,402528,775,"[14, 406]","[407, 753]",528,2026-08-11T13:36:29+09:00
2757,2,yes,Trel8,primary,yes,26.625,24.5,2.125,False,True,536073,402528,775,"[14, 406]","[407, 753]",527,2026-08-11T13:36:29+09:00
541,2,yes,M,primary,yes,25.625,24.875,0.75,False,True,13348,86468,729,"[14, 360]","[361, 707]",480,2026-08-11T13:36:30+09:00
541,2,yes,T4,primary,yes,26.125,24.875,1.25,False,True,13348,86468,729,"[14, 360]","[361, 707]",480,2026-08-11T13:36:30+09:00
541,2,yes,T8,primary,yes,25.75,24.75,1.0,False,True,13348,86468,729,"[14, 360]","[361, 707]",480,2026-08-11T13:36:31+09:00
541,2,yes,T12,primary,yes,25.75,24.75,1.0,False,True,13348,86468,729,"[14, 360]","[361, 707]",477,2026-08-11T13:36:31+09:00
541,2,yes,T16,primary,yes,25.25,24.75,0.5,False,True,13348,86468,729,"[14, 360]","[361, 707]",480,2026-08-11T13:36:31+09:00
541,2,yes,T20,primary,yes,25.5,24.875,0.625,False,True,13348,86468,729,"[14, 360]","[361, 707]",482,2026-08-11T13:36:32+09:00
541,2,yes,T24,primary,yes,25.75,24.875,0.875,False,True,13348,86468,729,"[14, 360]","[361, 707]",482,2026-08-11T13:36:32+09:00
541,2,yes,T0,primary,yes,26.0,24.75,1.25,False,True,13348,86468,729,"[14, 360]","[361, 707]",482,2026-08-11T13:36:33+09:00
541,2,yes,Trel8,primary,yes,25.625,25.375,0.25,False,True,13348,86468,729,"[14, 360]","[361, 707]",480,2026-08-11T13:36:33+09:00
843,2,yes,M,primary,no,24.625,25.875,-1.25,False,False,443240,465549,775,"[14, 406]","[407, 753]",524,2026-08-11T13:36:34+09:00
843,2,yes,T4,primary,no,25.25,25.875,-0.625,False,False,443240,465549,775,"[14, 406]","[407, 753]",524,2026-08-11T13:36:34+09:00
843,2,yes,T8,primary,no,25.125,25.75,-0.625,False,False,443240,465549,775,"[14, 406]","[407, 753]",528,2026-08-11T13:36:35+09:00
843,2,yes,T12,primary,no,25.125,25.75,-0.625,False,False,443240,465549,775,"[14, 406]","[407, 753]",524,2026-08-11T13:36:36+09:00
843,2,yes,T16,primary,no,24.625,25.75,-1.125,False,False,443240,465549,775,"[14, 406]","[407, 753]",523,2026-08-11T13:36:36+09:00
843,2,yes,T20,primary,no,24.75,26.125,-1.375,False,False,443240,465549,775,"[14, 406]","[407, 753]",527,2026-08-11T13:36:37+09:00
843,2,yes,T24,primary,no,24.75,26.0,-1.25,False,False,443240,465549,775,"[14, 406]","[407, 753]",529,2026-08-11T13:36:37+09:00
843,2,yes,T0,primary,no,25.125,26.125,-1.0,False,False,443240,465549,775,"[14, 406]","[407, 753]",526,2026-08-11T13:36:38+09:00
843,2,yes,Trel8,primary,no,24.625,26.75,-2.125,False,False,443240,465549,775,"[14, 406]","[407, 753]",527,2026-08-11T13:36:38+09:00
763,2,yes,M,primary,no,24.5,25.375,-0.875,False,False,518177,19036,752,"[14, 383]","[384, 730]",492,2026-08-11T13:36:39+09:00
763,2,yes,T4,primary,yes,25.0,24.875,0.125,False,True,518177,19036,752,"[14, 383]","[384, 730]",493,2026-08-11T13:36:39+09:00
763,2,yes,T8,primary,no,24.875,25.0,-0.125,False,False,518177,19036,752,"[14, 383]","[384, 730]",493,2026-08-11T13:36:40+09:00
763,2,yes,T12,primary,no,24.875,25.0,-0.125,False,False,518177,19036,752,"[14, 383]","[384, 730]",492,2026-08-11T13:36:40+09:00
763,2,yes,T16,primary,no,24.375,25.0,-0.625,False,False,518177,19036,752,"[14, 383]","[384, 730]",493,2026-08-11T13:36:41+09:00
763,2,yes,T20,primary,no,24.375,25.125,-0.75,False,False,518177,19036,752,"[14, 383]","[384, 730]",494,2026-08-11T13:36:41+09:00
763,2,yes,T24,primary,no,24.625,25.375,-0.75,False,False,518177,19036,752,"[14, 383]","[384, 730]",493,2026-08-11T13:36:42+09:00
763,2,yes,T0,primary,yes,25.25,25.0,0.25,False,True,518177,19036,752,"[14, 383]","[384, 730]",492,2026-08-11T13:36:42+09:00
763,2,yes,Trel8,primary,no,24.5,25.875,-1.375,False,False,518177,19036,752,"[14, 383]","[384, 730]",492,2026-08-11T13:36:43+09:00
2323,2,yes,M,primary,yes,25.375,23.875,1.5,False,True,243158,392228,821,"[14, 406]","[407, 799]",573,2026-08-11T13:36:43+09:00
2323,2,yes,T4,primary,yes,26.0,24.75,1.25,False,True,243158,392228,821,"[14, 406]","[407, 799]",573,2026-08-11T13:36:44+09:00
2323,2,yes,T8,primary,yes,25.625,24.375,1.25,False,True,243158,392228,821,"[14, 406]","[407, 799]",578,2026-08-11T13:36:44+09:00
2323,2,yes,T12,primary,yes,25.75,24.625,1.125,False,True,243158,392228,821,"[14, 406]","[407, 799]",577,2026-08-11T13:36:45+09:00
2323,2,yes,T16,primary,yes,25.0,24.5,0.5,False,True,243158,392228,821,"[14, 406]","[407, 799]",578,2026-08-11T13:36:46+09:00
2323,2,yes,T20,primary,yes,25.375,24.25,1.125,False,True,243158,392228,821,"[14, 406]","[407, 799]",579,2026-08-11T13:36:46+09:00
2323,2,yes,T24,primary,yes,25.375,24.125,1.25,False,True,243158,392228,821,"[14, 406]","[407, 799]",576,2026-08-11T13:36:47+09:00
2323,2,yes,T0,primary,yes,25.875,24.25,1.625,False,True,243158,392228,821,"[14, 406]","[407, 799]",574,2026-08-11T13:36:47+09:00
2323,2,yes,Trel8,primary,no,25.125,28.25,-3.125,False,False,243158,392228,821,"[14, 406]","[407, 799]",576,2026-08-11T13:36:48+09:00
385,2,yes,M,primary,no,24.75,27.0,-2.25,False,False,350898,204471,821,"[14, 406]","[407, 799]",573,2026-08-11T13:36:49+09:00
385,2,yes,T4,primary,yes,25.75,25.375,0.375,False,True,350898,204471,821,"[14, 406]","[407, 799]",574,2026-08-11T13:36:49+09:00
385,2,yes,T8,primary,yes,25.625,25.25,0.375,False,True,350898,204471,821,"[14, 406]","[407, 799]",578,2026-08-11T13:36:50+09:00
385,2,yes,T12,primary,yes,25.5,25.25,0.25,False,True,350898,204471,821,"[14, 406]","[407, 799]",580,2026-08-11T13:36:50+09:00
385,2,yes,T16,primary,no,24.625,25.875,-1.25,False,False,350898,204471,821,"[14, 406]","[407, 799]",580,2026-08-11T13:36:51+09:00
385,2,yes,T20,primary,no,24.625,26.625,-2.0,False,False,350898,204471,821,"[14, 406]","[407, 799]",577,2026-08-11T13:36:51+09:00
385,2,yes,T24,primary,no,25.0,27.125,-2.125,False,False,350898,204471,821,"[14, 406]","[407, 799]",577,2026-08-11T13:36:52+09:00
385,2,yes,T0,primary,yes,25.75,25.125,0.625,False,True,350898,204471,821,"[14, 406]","[407, 799]",580,2026-08-11T13:36:53+09:00
385,2,yes,Trel8,primary,no,24.875,28.25,-3.375,False,False,350898,204471,821,"[14, 406]","[407, 799]",579,2026-08-11T13:36:53+09:00
827,2,yes,M,primary,yes,25.875,25.25,0.625,False,True,327532,363343,914,"[14, 360]","[361, 891]",659,2026-08-11T13:36:54+09:00
827,2,yes,T4,primary,yes,25.5,25.375,0.125,False,True,327532,363343,914,"[14, 360]","[361, 891]",660,2026-08-11T13:36:55+09:00
827,2,yes,T8,primary,yes,25.25,25.125,0.125,False,True,327532,363343,914,"[14, 360]","[361, 891]",662,2026-08-11T13:36:55+09:00
827,2,yes,T12,primary,yes,25.25,25.125,0.125,False,True,327532,363343,914,"[14, 360]","[361, 891]",665,2026-08-11T13:36:56+09:00
827,2,yes,T16,primary,yes,25.125,25.0,0.125,False,True,327532,363343,914,"[14, 360]","[361, 891]",664,2026-08-11T13:36:57+09:00
827,2,yes,T20,primary,yes,25.625,25.125,0.5,False,True,327532,363343,914,"[14, 360]","[361, 891]",663,2026-08-11T13:36:57+09:00
827,2,yes,T24,primary,yes,25.875,25.25,0.625,False,True,327532,363343,914,"[14, 360]","[361, 891]",664,2026-08-11T13:36:58+09:00
827,2,yes,T0,primary,yes,25.375,25.125,0.25,False,True,327532,363343,914,"[14, 360]","[361, 891]",664,2026-08-11T13:36:58+09:00
827,2,yes,Trel8,primary,no,25.25,26.0,-0.75,False,False,327532,363343,914,"[14, 360]","[361, 891]",663,2026-08-11T13:36:59+09:00
2597,2,yes,M,primary,yes,26.0,24.625,1.375,False,True,299986,466229,665,"[14, 406]","[407, 642]",432,2026-08-11T13:37:00+09:00
2597,2,yes,T4,primary,yes,26.375,24.875,1.5,False,True,299986,466229,665,"[14, 406]","[407, 642]",433,2026-08-11T13:37:00+09:00
2597,2,yes,T8,primary,yes,26.25,24.75,1.5,False,True,299986,466229,665,"[14, 406]","[407, 642]",431,2026-08-11T13:37:00+09:00
2597,2,yes,T12,primary,yes,26.125,24.75,1.375,False,True,299986,466229,665,"[14, 406]","[407, 642]",433,2026-08-11T13:37:01+09:00
2597,2,yes,T16,primary,yes,25.625,24.375,1.25,False,True,299986,466229,665,"[14, 406]","[407, 642]",434,2026-08-11T13:37:01+09:00
2597,2,yes,T20,primary,yes,26.125,24.5,1.625,False,True,299986,466229,665,"[14, 406]","[407, 642]",434,2026-08-11T13:37:02+09:00
2597,2,yes,T24,primary,yes,26.125,24.625,1.5,False,True,299986,466229,665,"[14, 406]","[407, 642]",435,2026-08-11T13:37:02+09:00
2597,2,yes,T0,primary,yes,26.25,24.625,1.625,False,True,299986,466229,665,"[14, 406]","[407, 642]",433,2026-08-11T13:37:03+09:00
2597,2,yes,Trel8,primary,no,24.75,26.625,-1.875,False,False,299986,466229,665,"[14, 406]","[407, 642]",433,2026-08-11T13:37:03+09:00
401,2,yes,S,primary,yes,28.125,25.0,3.125,False,True,21645,514914,270,,,134,2026-08-11T13:37:03+09:00
401,2,yes,M,primary,yes,27.75,24.875,2.875,False,True,21645,514914,572,"[14, 249]","[250, 550]",349,2026-08-11T13:37:04+09:00
401,2,yes,T4,primary,yes,27.25,25.375,1.875,False,True,21645,514914,572,"[14, 249]","[250, 550]",348,2026-08-11T13:37:04+09:00
401,2,yes,T8,primary,yes,27.25,25.125,2.125,False,True,21645,514914,572,"[14, 249]","[250, 550]",350,2026-08-11T13:37:04+09:00
401,2,yes,T12,primary,yes,27.25,25.0,2.25,False,True,21645,514914,572,"[14, 249]","[250, 550]",350,2026-08-11T13:37:05+09:00
401,2,yes,T16,primary,yes,26.625,24.5,2.125,False,True,21645,514914,572,"[14, 249]","[250, 550]",348,2026-08-11T13:37:05+09:00
401,2,yes,T20,primary,yes,27.25,24.75,2.5,False,True,21645,514914,572,"[14, 249]","[250, 550]",349,2026-08-11T13:37:05+09:00
401,2,yes,T24,primary,yes,28.125,25.125,3.0,False,True,21645,514914,572,"[14, 249]","[250, 550]",351,2026-08-11T13:37:06+09:00
401,2,yes,T0,primary,yes,27.375,25.25,2.125,False,True,21645,514914,572,"[14, 249]","[250, 550]",351,2026-08-11T13:37:06+09:00
401,2,yes,Trel8,primary,no,24.625,30.75,-6.125,False,False,21645,514914,572,"[14, 249]","[250, 550]",351,2026-08-11T13:37:06+09:00
533,2,yes,M,primary,no,24.75,26.875,-2.125,False,False,427113,328805,821,"[14, 406]","[407, 799]",576,2026-08-11T13:37:07+09:00
533,2,yes,T4,primary,yes,25.25,25.125,0.125,False,True,427113,328805,821,"[14, 406]","[407, 799]",574,2026-08-11T13:37:08+09:00
533,2,yes,T8,primary,no,25.125,25.25,-0.125,False,False,427113,328805,821,"[14, 406]","[407, 799]",577,2026-08-11T13:37:08+09:00
533,2,yes,T12,primary,no,25.125,25.25,-0.125,False,False,427113,328805,821,"[14, 406]","[407, 799]",577,2026-08-11T13:37:09+09:00
533,2,yes,T16,primary,no,24.5,26.0,-1.5,False,False,427113,328805,821,"[14, 406]","[407, 799]",577,2026-08-11T13:37:09+09:00
533,2,yes,T20,primary,no,24.5,26.125,-1.625,False,False,427113,328805,821,"[14, 406]","[407, 799]",575,2026-08-11T13:37:10+09:00
533,2,yes,T24,primary,no,24.75,26.5,-1.75,False,False,427113,328805,821,"[14, 406]","[407, 799]",577,2026-08-11T13:37:11+09:00
533,2,yes,T0,primary,yes,25.375,25.0,0.375,False,True,427113,328805,821,"[14, 406]","[407, 799]",579,2026-08-11T13:37:11+09:00
533,2,yes,Trel8,primary,no,24.625,29.0,-4.375,False,False,427113,328805,821,"[14, 406]","[407, 799]",576,2026-08-11T13:37:12+09:00
2507,2,yes,S,primary,no,24.875,27.25,-2.375,False,False,73182,154816,381,,,205,2026-08-11T13:37:12+09:00
2507,2,yes,M,primary,no,24.75,27.375,-2.625,False,False,73182,154816,752,"[14, 360]","[361, 730]",491,2026-08-11T13:37:12+09:00
2507,2,yes,T4,primary,no,24.875,26.5,-1.625,False,False,73182,154816,752,"[14, 360]","[361, 730]",492,2026-08-11T13:37:13+09:00
2507,2,yes,T8,primary,no,24.625,26.625,-2.0,False,False,73182,154816,752,"[14, 360]","[361, 730]",495,2026-08-11T13:37:13+09:00
2507,2,yes,T12,primary,no,24.625,26.5,-1.875,False,False,73182,154816,752,"[14, 360]","[361, 730]",493,2026-08-11T13:37:14+09:00
2507,2,yes,T16,primary,no,24.625,27.125,-2.5,False,False,73182,154816,752,"[14, 360]","[361, 730]",492,2026-08-11T13:37:14+09:00
2507,2,yes,T20,primary,no,24.5,27.0,-2.5,False,False,73182,154816,752,"[14, 360]","[361, 730]",493,2026-08-11T13:37:15+09:00
2507,2,yes,T24,primary,no,24.875,27.5,-2.625,False,False,73182,154816,752,"[14, 360]","[361, 730]",493,2026-08-11T13:37:15+09:00
2507,2,yes,T0,primary,no,24.625,26.5,-1.875,False,False,73182,154816,752,"[14, 360]","[361, 730]",492,2026-08-11T13:37:16+09:00
2507,2,yes,Trel8,primary,no,24.625,28.75,-4.125,False,False,73182,154816,752,"[14, 360]","[361, 730]",493,2026-08-11T13:37:16+09:00
2865,2,yes,S,primary,yes,27.875,25.0,2.875,False,True,45685,275863,271,,,134,2026-08-11T13:37:17+09:00
2865,2,yes,M,primary,yes,26.75,25.25,1.5,False,True,45685,275863,619,"[14, 249]","[250, 596]",380,2026-08-11T13:37:17+09:00
2865,2,yes,T4,primary,yes,26.75,25.125,1.625,False,True,45685,275863,619,"[14, 249]","[250, 596]",381,2026-08-11T13:37:17+09:00
2865,2,yes,T8,primary,yes,26.625,25.0,1.625,False,True,45685,275863,619,"[14, 249]","[250, 596]",380,2026-08-11T13:37:18+09:00
2865,2,yes,T12,primary,yes,26.875,25.0,1.875,False,True,45685,275863,619,"[14, 249]","[250, 596]",381,2026-08-11T13:37:18+09:00
2865,2,yes,T16,primary,yes,26.875,25.0,1.875,False,True,45685,275863,619,"[14, 249]","[250, 596]",381,2026-08-11T13:37:18+09:00
2865,2,yes,T20,primary,yes,26.75,25.0,1.75,False,True,45685,275863,619,"[14, 249]","[250, 596]",380,2026-08-11T13:37:19+09:00
2865,2,yes,T24,primary,yes,27.0,25.25,1.75,False,True,45685,275863,619,"[14, 249]","[250, 596]",382,2026-08-11T13:37:19+09:00
2865,2,yes,T0,primary,yes,27.0,25.125,1.875,False,True,45685,275863,619,"[14, 249]","[250, 596]",381,2026-08-11T13:37:20+09:00
2865,2,yes,Trel8,primary,no,24.625,26.75,-2.125,False,False,45685,275863,619,"[14, 249]","[250, 596]",382,2026-08-11T13:37:20+09:00
2301,2,yes,S,primary,yes,29.0,24.875,4.125,False,True,298633,283947,382,,,206,2026-08-11T13:37:20+09:00
2301,2,yes,M,primary,yes,27.875,25.125,2.75,False,True,298633,283947,730,"[14, 360]","[361, 707]",478,2026-08-11T13:37:21+09:00
2301,2,yes,T4,primary,yes,26.25,25.0,1.25,False,True,298633,283947,730,"[14, 360]","[361, 707]",480,2026-08-11T13:37:21+09:00
2301,2,yes,T8,primary,yes,26.125,24.75,1.375,False,True,298633,283947,730,"[14, 360]","[361, 707]",483,2026-08-11T13:37:22+09:00
2301,2,yes,T12,primary,yes,26.25,24.75,1.5,False,True,298633,283947,730,"[14, 360]","[361, 707]",481,2026-08-11T13:37:22+09:00
2301,2,yes,T16,primary,yes,26.125,24.625,1.5,False,True,298633,283947,730,"[14, 360]","[361, 707]",479,2026-08-11T13:37:23+09:00
2301,2,yes,T20,primary,yes,27.375,24.75,2.625,False,True,298633,283947,730,"[14, 360]","[361, 707]",480,2026-08-11T13:37:23+09:00
2301,2,yes,T24,primary,yes,28.375,25.5,2.875,False,True,298633,283947,730,"[14, 360]","[361, 707]",482,2026-08-11T13:37:24+09:00
2301,2,yes,T0,primary,yes,27.0,24.625,2.375,False,True,298633,283947,730,"[14, 360]","[361, 707]",482,2026-08-11T13:37:24+09:00
2301,2,yes,Trel8,primary,no,25.25,26.625,-1.375,False,False,298633,283947,730,"[14, 360]","[361, 707]",480,2026-08-11T13:37:25+09:00
1519,2,yes,M,primary,yes,25.375,24.5,0.875,False,True,365822,20781,777,"[14, 406]","[407, 753]",525,2026-08-11T13:37:25+09:00
1519,2,yes,T4,primary,yes,25.625,24.875,0.75,False,True,365822,20781,777,"[14, 406]","[407, 753]",525,2026-08-11T13:37:26+09:00
1519,2,yes,T8,primary,yes,25.375,24.625,0.75,False,True,365822,20781,777,"[14, 406]","[407, 753]",526,2026-08-11T13:37:26+09:00
1519,2,yes,T12,primary,yes,25.25,24.625,0.625,False,True,365822,20781,777,"[14, 406]","[407, 753]",526,2026-08-11T13:37:27+09:00
1519,2,yes,T16,primary,yes,24.75,24.625,0.125,False,True,365822,20781,777,"[14, 406]","[407, 753]",525,2026-08-11T13:37:27+09:00
1519,2,yes,T20,primary,yes,25.125,24.375,0.75,False,True,365822,20781,777,"[14, 406]","[407, 753]",524,2026-08-11T13:37:28+09:00
1519,2,yes,T24,primary,yes,25.5,24.5,1.0,False,True,365822,20781,777,"[14, 406]","[407, 753]",525,2026-08-11T13:37:28+09:00
1519,2,yes,T0,primary,yes,25.5,24.75,0.75,False,True,365822,20781,777,"[14, 406]","[407, 753]",530,2026-08-11T13:37:29+09:00
1519,2,yes,Trel8,primary,no,24.75,26.875,-2.125,False,False,365822,20781,777,"[14, 406]","[407, 753]",526,2026-08-11T13:37:29+09:00
1259,2,yes,S,primary,yes,27.5,24.75,2.75,False,True,295377,256702,428,,,248,2026-08-11T13:37:30+09:00
1259,2,yes,M,primary,yes,26.0,24.375,1.625,False,True,295377,256702,822,"[14, 406]","[407, 799]",576,2026-08-11T13:37:30+09:00
1259,2,yes,T4,primary,yes,26.25,24.625,1.625,False,True,295377,256702,822,"[14, 406]","[407, 799]",577,2026-08-11T13:37:31+09:00
1259,2,yes,T8,primary,yes,26.0,24.5,1.5,False,True,295377,256702,822,"[14, 406]","[407, 799]",579,2026-08-11T13:37:31+09:00
1259,2,yes,T12,primary,yes,26.25,24.625,1.625,False,True,295377,256702,822,"[14, 406]","[407, 799]",578,2026-08-11T13:37:32+09:00
1259,2,yes,T16,primary,yes,25.875,24.5,1.375,False,True,295377,256702,822,"[14, 406]","[407, 799]",578,2026-08-11T13:37:33+09:00
1259,2,yes,T20,primary,yes,25.625,24.0,1.625,False,True,295377,256702,822,"[14, 406]","[407, 799]",575,2026-08-11T13:37:33+09:00
1259,2,yes,T24,primary,yes,26.25,24.5,1.75,False,True,295377,256702,822,"[14, 406]","[407, 799]",576,2026-08-11T13:37:34+09:00
1259,2,yes,T0,primary,yes,26.5,24.5,2.0,False,True,295377,256702,822,"[14, 406]","[407, 799]",579,2026-08-11T13:37:34+09:00
1259,2,yes,Trel8,primary,no,25.0,28.875,-3.875,False,False,295377,256702,822,"[14, 406]","[407, 799]",577,2026-08-11T13:37:35+09:00
2481,2,yes,S,primary,yes,25.75,25.625,0.125,False,True,38645,141673,427,,,248,2026-08-11T13:37:35+09:00
2481,2,yes,M,primary,no,24.875,25.5,-0.625,False,False,38645,141673,775,"[14, 406]","[407, 753]",524,2026-08-11T13:37:36+09:00
2481,2,yes,T4,primary,no,25.0,26.0,-1.0,False,False,38645,141673,775,"[14, 406]","[407, 753]",526,2026-08-11T13:37:36+09:00
2481,2,yes,T8,primary,no,24.875,26.125,-1.25,False,False,38645,141673,775,"[14, 406]","[407, 753]",528,2026-08-11T13:37:37+09:00
2481,2,yes,T12,primary,no,25.125,25.75,-0.625,False,False,38645,141673,775,"[14, 406]","[407, 753]",527,2026-08-11T13:37:37+09:00
2481,2,yes,T16,primary,no,24.5,25.125,-0.625,False,False,38645,141673,775,"[14, 406]","[407, 753]",526,2026-08-11T13:37:38+09:00
2481,2,yes,T20,primary,no,24.75,25.25,-0.5,False,False,38645,141673,775,"[14, 406]","[407, 753]",527,2026-08-11T13:37:38+09:00
2481,2,yes,T24,primary,no,25.0,25.375,-0.375,False,False,38645,141673,775,"[14, 406]","[407, 753]",524,2026-08-11T13:37:39+09:00
2481,2,yes,T0,primary,no,24.75,25.625,-0.875,False,False,38645,141673,775,"[14, 406]","[407, 753]",527,2026-08-11T13:37:39+09:00
2481,2,yes,Trel8,primary,no,24.5,26.5,-2.0,False,False,38645,141673,775,"[14, 406]","[407, 753]",526,2026-08-11T13:37:40+09:00
65,2,yes,S,primary,yes,26.25,25.0,1.25,False,True,574692,115866,381,,,204,2026-08-11T13:37:40+09:00
65,2,yes,M,primary,no,25.0,25.875,-0.875,False,False,574692,115866,775,"[14, 360]","[361, 753]",523,2026-08-11T13:37:41+09:00
65,2,yes,T4,primary,no,25.25,25.25,0.0,True,False,574692,115866,775,"[14, 360]","[361, 753]",525,2026-08-11T13:37:41+09:00
65,2,yes,T8,primary,no,25.0,25.125,-0.125,False,False,574692,115866,775,"[14, 360]","[361, 753]",529,2026-08-11T13:37:42+09:00
65,2,yes,T12,primary,no,25.125,25.25,-0.125,False,False,574692,115866,775,"[14, 360]","[361, 753]",529,2026-08-11T13:37:42+09:00
65,2,yes,T16,primary,no,24.625,25.5,-0.875,False,False,574692,115866,775,"[14, 360]","[361, 753]",528,2026-08-11T13:37:43+09:00
65,2,yes,T20,primary,no,24.875,25.75,-0.875,False,False,574692,115866,775,"[14, 360]","[361, 753]",529,2026-08-11T13:37:43+09:00
65,2,yes,T24,primary,no,25.0,25.75,-0.75,False,False,574692,115866,775,"[14, 360]","[361, 753]",529,2026-08-11T13:37:44+09:00
65,2,yes,T0,primary,yes,25.25,25.125,0.125,False,True,574692,115866,775,"[14, 360]","[361, 753]",529,2026-08-11T13:37:44+09:00
65,2,yes,Trel8,primary,no,24.75,29.125,-4.375,False,False,574692,115866,775,"[14, 360]","[361, 753]",529,2026-08-11T13:37:45+09:00
1503,2,yes,S,primary,yes,27.125,24.875,2.25,False,True,384040,385962,405,,,227,2026-08-11T13:37:45+09:00
1503,2,yes,M,primary,yes,26.25,25.375,0.875,False,True,384040,385962,642,"[14, 383]","[384, 619]",412,2026-08-11T13:37:46+09:00
1503,2,yes,T4,primary,yes,26.25,25.0,1.25,False,True,384040,385962,642,"[14, 383]","[384, 619]",411,2026-08-11T13:37:46+09:00
1503,2,yes,T8,primary,yes,26.0,24.875,1.125,False,True,384040,385962,642,"[14, 383]","[384, 619]",414,2026-08-11T13:37:46+09:00
1503,2,yes,T12,primary,yes,26.125,24.875,1.25,False,True,384040,385962,642,"[14, 383]","[384, 619]",414,2026-08-11T13:37:47+09:00
1503,2,yes,T16,primary,yes,25.5,24.75,0.75,False,True,384040,385962,642,"[14, 383]","[384, 619]",413,2026-08-11T13:37:47+09:00
1503,2,yes,T20,primary,yes,25.75,24.625,1.125,False,True,384040,385962,642,"[14, 383]","[384, 619]",411,2026-08-11T13:37:48+09:00
1503,2,yes,T24,primary,yes,26.375,25.125,1.25,False,True,384040,385962,642,"[14, 383]","[384, 619]",410,2026-08-11T13:37:48+09:00
1503,2,yes,T0,primary,yes,26.25,25.0,1.25,False,True,384040,385962,642,"[14, 383]","[384, 619]",414,2026-08-11T13:37:49+09:00
1503,2,yes,Trel8,primary,no,24.875,30.5,-5.625,False,False,384040,385962,642,"[14, 383]","[384, 619]",414,2026-08-11T13:37:49+09:00
2057,2,yes,S,primary,no,25.25,26.25,-1.0,False,False,167724,95620,427,,,248,2026-08-11T13:37:49+09:00
2057,2,yes,M,primary,no,24.875,26.0,-1.125,False,False,167724,95620,775,"[14, 406]","[407, 753]",526,2026-08-11T13:37:50+09:00
2057,2,yes,T4,primary,no,24.875,25.75,-0.875,False,False,167724,95620,775,"[14, 406]","[407, 753]",525,2026-08-11T13:37:50+09:00
2057,2,yes,T8,primary,no,24.75,25.75,-1.0,False,False,167724,95620,775,"[14, 406]","[407, 753]",528,2026-08-11T13:37:51+09:00
2057,2,yes,T12,primary,no,25.0,26.0,-1.0,False,False,167724,95620,775,"[14, 406]","[407, 753]",528,2026-08-11T13:37:51+09:00
2057,2,yes,T16,primary,no,24.625,26.0,-1.375,False,False,167724,95620,775,"[14, 406]","[407, 753]",526,2026-08-11T13:37:52+09:00
2057,2,yes,T20,primary,no,24.75,26.0,-1.25,False,False,167724,95620,775,"[14, 406]","[407, 753]",524,2026-08-11T13:37:52+09:00
2057,2,yes,T24,primary,no,25.0,26.125,-1.125,False,False,167724,95620,775,"[14, 406]","[407, 753]",526,2026-08-11T13:37:53+09:00
2057,2,yes,T0,primary,no,24.625,25.5,-0.875,False,False,167724,95620,775,"[14, 406]","[407, 753]",525,2026-08-11T13:37:53+09:00
2057,2,yes,Trel8,primary,no,25.125,29.375,-4.25,False,False,167724,95620,775,"[14, 406]","[407, 753]",526,2026-08-11T13:37:54+09:00
2043,2,yes,S,primary,yes,28.625,24.75,3.875,False,True,560064,126046,381,,,204,2026-08-11T13:37:54+09:00
2043,2,yes,M,primary,yes,26.625,24.625,2.0,False,True,560064,126046,729,"[14, 360]","[361, 707]",480,2026-08-11T13:37:55+09:00
2043,2,yes,T4,primary,yes,26.0,24.75,1.25,False,True,560064,126046,729,"[14, 360]","[361, 707]",479,2026-08-11T13:37:55+09:00
2043,2,yes,T8,primary,yes,25.75,24.625,1.125,False,True,560064,126046,729,"[14, 360]","[361, 707]",482,2026-08-11T13:37:56+09:00
2043,2,yes,T12,primary,yes,25.625,24.5,1.125,False,True,560064,126046,729,"[14, 360]","[361, 707]",481,2026-08-11T13:37:56+09:00
2043,2,yes,T16,primary,yes,25.25,24.5,0.75,False,True,560064,126046,729,"[14, 360]","[361, 707]",478,2026-08-11T13:37:57+09:00
2043,2,yes,T20,primary,yes,26.375,24.625,1.75,False,True,560064,126046,729,"[14, 360]","[361, 707]",478,2026-08-11T13:37:57+09:00
2043,2,yes,T24,primary,yes,27.0,24.875,2.125,False,True,560064,126046,729,"[14, 360]","[361, 707]",482,2026-08-11T13:37:58+09:00
2043,2,yes,T0,primary,yes,26.25,24.625,1.625,False,True,560064,126046,729,"[14, 360]","[361, 707]",481,2026-08-11T13:37:58+09:00
2043,2,yes,Trel8,primary,no,25.0,28.125,-3.125,False,False,560064,126046,729,"[14, 360]","[361, 707]",481,2026-08-11T13:37:59+09:00
2293,2,yes,S,primary,yes,26.75,24.625,2.125,False,True,390157,85674,428,,,248,2026-08-11T13:37:59+09:00
2293,2,yes,M,primary,yes,26.0,24.75,1.25,False,True,390157,85674,753,"[14, 406]","[407, 730]",500,2026-08-11T13:37:59+09:00
2293,2,yes,T4,primary,yes,26.25,24.75,1.5,False,True,390157,85674,753,"[14, 406]","[407, 730]",500,2026-08-11T13:38:00+09:00
2293,2,yes,T8,primary,yes,25.875,24.625,1.25,False,True,390157,85674,753,"[14, 406]","[407, 730]",503,2026-08-11T13:38:00+09:00
2293,2,yes,T12,primary,yes,25.75,24.375,1.375,False,True,390157,85674,753,"[14, 406]","[407, 730]",502,2026-08-11T13:38:01+09:00
2293,2,yes,T16,primary,yes,25.0,24.625,0.375,False,True,390157,85674,753,"[14, 406]","[407, 730]",502,2026-08-11T13:38:01+09:00
2293,2,yes,T20,primary,yes,25.375,24.875,0.5,False,True,390157,85674,753,"[14, 406]","[407, 730]",502,2026-08-11T13:38:02+09:00
2293,2,yes,T24,primary,yes,26.0,24.75,1.25,False,True,390157,85674,753,"[14, 406]","[407, 730]",504,2026-08-11T13:38:02+09:00
2293,2,yes,T0,primary,yes,26.25,24.5,1.75,False,True,390157,85674,753,"[14, 406]","[407, 730]",504,2026-08-11T13:38:03+09:00
2293,2,yes,Trel8,primary,no,24.5,28.125,-3.625,False,False,390157,85674,753,"[14, 406]","[407, 730]",501,2026-08-11T13:38:03+09:00
1111,2,yes,S,primary,yes,26.0,25.5,0.5,False,True,378873,419281,381,,,206,2026-08-11T13:38:04+09:00
1111,2,yes,M,primary,no,24.875,25.75,-0.875,False,False,378873,419281,775,"[14, 360]","[361, 753]",523,2026-08-11T13:38:04+09:00
1111,2,yes,T4,primary,no,25.375,25.75,-0.375,False,False,378873,419281,775,"[14, 360]","[361, 753]",526,2026-08-11T13:38:05+09:00
1111,2,yes,T8,primary,no,25.25,25.5,-0.25,False,False,378873,419281,775,"[14, 360]","[361, 753]",527,2026-08-11T13:38:05+09:00
1111,2,yes,T12,primary,no,25.25,25.625,-0.375,False,False,378873,419281,775,"[14, 360]","[361, 753]",524,2026-08-11T13:38:06+09:00
1111,2,yes,T16,primary,no,24.875,25.625,-0.75,False,False,378873,419281,775,"[14, 360]","[361, 753]",525,2026-08-11T13:38:06+09:00
1111,2,yes,T20,primary,no,24.75,25.625,-0.875,False,False,378873,419281,775,"[14, 360]","[361, 753]",527,2026-08-11T13:38:07+09:00
1111,2,yes,T24,primary,no,24.875,25.75,-0.875,False,False,378873,419281,775,"[14, 360]","[361, 753]",528,2026-08-11T13:38:07+09:00
1111,2,yes,T0,primary,no,25.25,25.5,-0.25,False,False,378873,419281,775,"[14, 360]","[361, 753]",523,2026-08-11T13:38:08+09:00
1111,2,yes,Trel8,primary,no,24.75,27.625,-2.875,False,False,378873,419281,775,"[14, 360]","[361, 753]",524,2026-08-11T13:38:08+09:00
1253,2,yes,S,primary,no,25.375,25.875,-0.5,False,False,388983,260230,270,,,134,2026-08-11T13:38:09+09:00
1253,2,yes,M,primary,yes,26.125,25.5,0.625,False,True,388983,260230,618,"[14, 249]","[250, 596]",376,2026-08-11T13:38:09+09:00
1253,2,yes,T4,primary,yes,25.875,25.75,0.125,False,True,388983,260230,618,"[14, 249]","[250, 596]",378,2026-08-11T13:38:09+09:00
1253,2,yes,T8,primary,no,25.625,25.875,-0.25,False,False,388983,260230,618,"[14, 249]","[250, 596]",380,2026-08-11T13:38:10+09:00
1253,2,yes,T12,primary,no,25.375,25.5,-0.125,False,False,388983,260230,618,"[14, 249]","[250, 596]",379,2026-08-11T13:38:10+09:00
1253,2,yes,T16,primary,no,25.0,25.125,-0.125,False,False,388983,260230,618,"[14, 249]","[250, 596]",380,2026-08-11T13:38:11+09:00
1253,2,yes,T20,primary,yes,25.375,25.125,0.25,False,True,388983,260230,618,"[14, 249]","[250, 596]",380,2026-08-11T13:38:11+09:00
1253,2,yes,T24,primary,yes,26.25,25.5,0.75,False,True,388983,260230,618,"[14, 249]","[250, 596]",382,2026-08-11T13:38:11+09:00
1253,2,yes,T0,primary,no,25.75,25.75,0.0,True,False,388983,260230,618,"[14, 249]","[250, 596]",380,2026-08-11T13:38:12+09:00
1253,2,yes,Trel8,primary,no,24.625,28.75,-4.125,False,False,388983,260230,618,"[14, 249]","[250, 596]",380,2026-08-11T13:38:12+09:00
2599,2,yes,S,primary,yes,27.25,25.125,2.125,False,True,521643,65520,450,,,258,2026-08-11T13:38:12+09:00
2599,2,yes,M,primary,yes,26.875,24.75,2.125,False,True,521643,65520,798,"[14, 429]","[430, 776]",537,2026-08-11T13:38:13+09:00
2599,2,yes,T4,primary,yes,26.25,25.0,1.25,False,True,521643,65520,798,"[14, 429]","[430, 776]",539,2026-08-11T13:38:13+09:00
2599,2,yes,T8,primary,yes,26.125,25.0,1.125,False,True,521643,65520,798,"[14, 429]","[430, 776]",541,2026-08-11T13:38:14+09:00
2599,2,yes,T12,primary,yes,26.125,25.125,1.0,False,True,521643,65520,798,"[14, 429]","[430, 776]",540,2026-08-11T13:38:15+09:00
2599,2,yes,T16,primary,yes,26.125,25.0,1.125,False,True,521643,65520,798,"[14, 429]","[430, 776]",538,2026-08-11T13:38:15+09:00
2599,2,yes,T20,primary,yes,26.75,24.75,2.0,False,True,521643,65520,798,"[14, 429]","[430, 776]",541,2026-08-11T13:38:16+09:00
2599,2,yes,T24,primary,yes,27.125,24.875,2.25,False,True,521643,65520,798,"[14, 429]","[430, 776]",539,2026-08-11T13:38:16+09:00
2599,2,yes,T0,primary,yes,26.125,24.75,1.375,False,True,521643,65520,798,"[14, 429]","[430, 776]",538,2026-08-11T13:38:17+09:00
2599,2,yes,Trel8,primary,no,24.875,28.375,-3.5,False,False,521643,65520,798,"[14, 429]","[430, 776]",536,2026-08-11T13:38:17+09:00
2975,2,yes,M,primary,yes,28.375,24.875,3.5,False,True,15738,537710,619,"[14, 360]","[361, 596]",377,2026-08-11T13:38:18+09:00
2975,2,yes,T4,primary,yes,28.0,25.125,2.875,False,True,15738,537710,619,"[14, 360]","[361, 596]",378,2026-08-11T13:38:18+09:00
2975,2,yes,T8,primary,yes,28.0,25.0,3.0,False,True,15738,537710,619,"[14, 360]","[361, 596]",380,2026-08-11T13:38:18+09:00
2975,2,yes,T12,primary,yes,28.0,25.0,3.0,False,True,15738,537710,619,"[14, 360]","[361, 596]",380,2026-08-11T13:38:19+09:00
2975,2,yes,T16,primary,yes,28.0,24.875,3.125,False,True,15738,537710,619,"[14, 360]","[361, 596]",377,2026-08-11T13:38:19+09:00
2975,2,yes,T20,primary,yes,28.25,24.875,3.375,False,True,15738,537710,619,"[14, 360]","[361, 596]",379,2026-08-11T13:38:20+09:00
2975,2,yes,T24,primary,yes,28.75,25.0,3.75,False,True,15738,537710,619,"[14, 360]","[361, 596]",381,2026-08-11T13:38:20+09:00
2975,2,yes,T0,primary,yes,28.125,25.0,3.125,False,True,15738,537710,619,"[14, 360]","[361, 596]",381,2026-08-11T13:38:20+09:00
2975,2,yes,Trel8,primary,no,24.625,28.25,-3.625,False,False,15738,537710,619,"[14, 360]","[361, 596]",381,2026-08-11T13:38:21+09:00
1179,2,yes,S,primary,no,25.75,25.75,0.0,True,False,184338,65124,381,,,206,2026-08-11T13:38:21+09:00
1179,2,yes,M,primary,no,25.0,27.0,-2.0,False,False,184338,65124,775,"[14, 360]","[361, 753]",525,2026-08-11T13:38:21+09:00
1179,2,yes,T4,primary,no,25.125,25.125,0.0,True,False,184338,65124,775,"[14, 360]","[361, 753]",525,2026-08-11T13:38:22+09:00
1179,2,yes,T8,primary,no,25.125,25.25,-0.125,False,False,184338,65124,775,"[14, 360]","[361, 753]",528,2026-08-11T13:38:23+09:00
1179,2,yes,T12,primary,no,25.125,25.875,-0.75,False,False,184338,65124,775,"[14, 360]","[361, 753]",529,2026-08-11T13:38:23+09:00
1179,2,yes,T16,primary,no,25.0,26.875,-1.875,False,False,184338,65124,775,"[14, 360]","[361, 753]",525,2026-08-11T13:38:24+09:00
1179,2,yes,T20,primary,no,25.125,27.0,-1.875,False,False,184338,65124,775,"[14, 360]","[361, 753]",524,2026-08-11T13:38:24+09:00
1179,2,yes,T24,primary,no,24.875,26.875,-2.0,False,False,184338,65124,775,"[14, 360]","[361, 753]",528,2026-08-11T13:38:25+09:00
1179,2,yes,T0,primary,no,25.125,25.25,-0.125,False,False,184338,65124,775,"[14, 360]","[361, 753]",528,2026-08-11T13:38:25+09:00
1179,2,yes,Trel8,primary,no,25.625,30.5,-4.875,False,False,184338,65124,775,"[14, 360]","[361, 753]",529,2026-08-11T13:38:26+09:00
913,2,yes,M,primary,yes,26.5,24.625,1.875,False,True,539251,575356,752,"[14, 337]","[338, 730]",497,2026-08-11T13:38:26+09:00
913,2,yes,T4,primary,yes,26.5,25.0,1.5,False,True,539251,575356,752,"[14, 337]","[338, 730]",498,2026-08-11T13:38:27+09:00
913,2,yes,T8,primary,yes,26.625,25.0,1.625,False,True,539251,575356,752,"[14, 337]","[338, 730]",499,2026-08-11T13:38:27+09:00
913,2,yes,T12,primary,yes,26.625,24.875,1.75,False,True,539251,575356,752,"[14, 337]","[338, 730]",502,2026-08-11T13:38:28+09:00
913,2,yes,T16,primary,yes,26.125,24.75,1.375,False,True,539251,575356,752,"[14, 337]","[338, 730]",501,2026-08-11T13:38:28+09:00
913,2,yes,T20,primary,yes,26.5,24.75,1.75,False,True,539251,575356,752,"[14, 337]","[338, 730]",501,2026-08-11T13:38:29+09:00
913,2,yes,T24,primary,yes,26.625,24.5,2.125,False,True,539251,575356,752,"[14, 337]","[338, 730]",504,2026-08-11T13:38:29+09:00
913,2,yes,T0,primary,yes,26.75,25.0,1.75,False,True,539251,575356,752,"[14, 337]","[338, 730]",503,2026-08-11T13:38:30+09:00
913,2,yes,Trel8,primary,no,25.25,29.875,-4.625,False,False,539251,575356,752,"[14, 337]","[338, 730]",501,2026-08-11T13:38:30+09:00
1123,2,yes,S,primary,yes,27.75,24.75,3.0,False,True,11241,76525,381,,,206,2026-08-11T13:38:31+09:00
1123,2,yes,M,primary,yes,25.0,24.375,0.625,False,True,11241,76525,775,"[14, 360]","[361, 753]",526,2026-08-11T13:38:31+09:00
1123,2,yes,T4,primary,yes,25.0,24.25,0.75,False,True,11241,76525,775,"[14, 360]","[361, 753]",527,2026-08-11T13:38:32+09:00
1123,2,yes,T8,primary,yes,24.875,24.125,0.75,False,True,11241,76525,775,"[14, 360]","[361, 753]",526,2026-08-11T13:38:32+09:00
1123,2,yes,T12,primary,yes,25.0,24.125,0.875,False,True,11241,76525,775,"[14, 360]","[361, 753]",525,2026-08-11T13:38:33+09:00
1123,2,yes,T16,primary,yes,24.75,24.125,0.625,False,True,11241,76525,775,"[14, 360]","[361, 753]",525,2026-08-11T13:38:33+09:00
1123,2,yes,T20,primary,yes,24.75,24.0,0.75,False,True,11241,76525,775,"[14, 360]","[361, 753]",526,2026-08-11T13:38:34+09:00
1123,2,yes,T24,primary,yes,25.0,24.375,0.625,False,True,11241,76525,775,"[14, 360]","[361, 753]",528,2026-08-11T13:38:34+09:00
1123,2,yes,T0,primary,yes,25.5,24.125,1.375,False,True,11241,76525,775,"[14, 360]","[361, 753]",527,2026-08-11T13:38:35+09:00
1123,2,yes,Trel8,primary,no,24.875,26.25,-1.375,False,False,11241,76525,775,"[14, 360]","[361, 753]",526,2026-08-11T13:38:35+09:00
83,2,yes,S,primary,yes,26.25,25.125,1.125,False,True,569839,76518,253,,,121,2026-08-11T13:38:35+09:00
83,2,yes,M,primary,no,24.625,25.75,-1.125,False,False,569839,76518,647,"[14, 231]","[232, 624]",413,2026-08-11T13:38:36+09:00
83,2,yes,T4,primary,yes,25.75,25.375,0.375,False,True,569839,76518,647,"[14, 231]","[232, 624]",414,2026-08-11T13:38:36+09:00
83,2,yes,T8,primary,yes,25.375,25.25,0.125,False,True,569839,76518,647,"[14, 231]","[232, 624]",416,2026-08-11T13:38:37+09:00
83,2,yes,T12,primary,yes,25.375,25.0,0.375,False,True,569839,76518,647,"[14, 231]","[232, 624]",415,2026-08-11T13:38:37+09:00
83,2,yes,T16,primary,no,24.625,24.75,-0.125,False,False,569839,76518,647,"[14, 231]","[232, 624]",415,2026-08-11T13:38:37+09:00
83,2,yes,T20,primary,no,24.625,25.125,-0.5,False,False,569839,76518,647,"[14, 231]","[232, 624]",417,2026-08-11T13:38:38+09:00
83,2,yes,T24,primary,no,24.75,25.875,-1.125,False,False,569839,76518,647,"[14, 231]","[232, 624]",417,2026-08-11T13:38:38+09:00
83,2,yes,T0,primary,yes,25.75,25.125,0.625,False,True,569839,76518,647,"[14, 231]","[232, 624]",416,2026-08-11T13:38:39+09:00
83,2,yes,Trel8,primary,no,23.875,29.375,-5.5,False,False,569839,76518,647,"[14, 231]","[232, 624]",416,2026-08-11T13:38:39+09:00
2291,2,yes,M,primary,yes,26.375,25.25,1.125,False,True,21327,73738,619,"[14, 360]","[361, 596]",378,2026-08-11T13:38:40+09:00
2291,2,yes,T4,primary,yes,26.75,25.25,1.5,False,True,21327,73738,619,"[14, 360]","[361, 596]",378,2026-08-11T13:38:40+09:00
2291,2,yes,T8,primary,yes,26.5,25.125,1.375,False,True,21327,73738,619,"[14, 360]","[361, 596]",377,2026-08-11T13:38:40+09:00
2291,2,yes,T12,primary,yes,26.375,25.0,1.375,False,True,21327,73738,619,"[14, 360]","[361, 596]",381,2026-08-11T13:38:41+09:00
2291,2,yes,T16,primary,yes,26.125,25.125,1.0,False,True,21327,73738,619,"[14, 360]","[361, 596]",381,2026-08-11T13:38:41+09:00
2291,2,yes,T20,primary,yes,26.0,25.0,1.0,False,True,21327,73738,619,"[14, 360]","[361, 596]",380,2026-08-11T13:38:41+09:00
2291,2,yes,T24,primary,yes,26.5,25.25,1.25,False,True,21327,73738,619,"[14, 360]","[361, 596]",381,2026-08-11T13:38:42+09:00
2291,2,yes,T0,primary,yes,26.75,25.0,1.75,False,True,21327,73738,619,"[14, 360]","[361, 596]",381,2026-08-11T13:38:42+09:00
2291,2,yes,Trel8,primary,no,25.0,29.625,-4.625,False,False,21327,73738,619,"[14, 360]","[361, 596]",382,2026-08-11T13:38:43+09:00
1715,2,yes,S,primary,yes,27.875,24.5,3.375,False,True,239773,145208,253,,,122,2026-08-11T13:38:43+09:00
1715,2,yes,M,primary,yes,28.75,25.375,3.375,False,True,239773,145208,785,"[14, 231]","[232, 762]",528,2026-08-11T13:38:43+09:00
1715,2,yes,T4,primary,yes,27.625,25.25,2.375,False,True,239773,145208,785,"[14, 231]","[232, 762]",529,2026-08-11T13:38:44+09:00
1715,2,yes,T8,primary,yes,27.625,25.125,2.5,False,True,239773,145208,785,"[14, 231]","[232, 762]",529,2026-08-11T13:38:44+09:00
1715,2,yes,T12,primary,yes,27.5,24.875,2.625,False,True,239773,145208,785,"[14, 231]","[232, 762]",530,2026-08-11T13:38:45+09:00
1715,2,yes,T16,primary,yes,27.5,25.0,2.5,False,True,239773,145208,785,"[14, 231]","[232, 762]",530,2026-08-11T13:38:45+09:00
1715,2,yes,T20,primary,yes,28.375,25.375,3.0,False,True,239773,145208,785,"[14, 231]","[232, 762]",527,2026-08-11T13:38:46+09:00
1715,2,yes,T24,primary,yes,29.0,25.5,3.5,False,True,239773,145208,785,"[14, 231]","[232, 762]",527,2026-08-11T13:38:47+09:00
1715,2,yes,T0,primary,yes,27.25,25.0,2.25,False,True,239773,145208,785,"[14, 231]","[232, 762]",529,2026-08-11T13:38:47+09:00
1715,2,yes,Trel8,primary,no,25.0,28.5,-3.5,False,False,239773,145208,785,"[14, 231]","[232, 762]",529,2026-08-11T13:38:48+09:00
2377,2,yes,S,primary,no,25.25,26.0,-0.75,False,False,256906,504977,382,,,205,2026-08-11T13:38:48+09:00
2377,2,yes,M,primary,no,24.75,26.125,-1.375,False,False,256906,504977,730,"[14, 360]","[361, 707]",479,2026-08-11T13:38:48+09:00
2377,2,yes,T4,primary,no,25.125,26.25,-1.125,False,False,256906,504977,730,"[14, 360]","[361, 707]",479,2026-08-11T13:38:49+09:00
2377,2,yes,T8,primary,no,24.875,26.125,-1.25,False,False,256906,504977,730,"[14, 360]","[361, 707]",480,2026-08-11T13:38:49+09:00
2377,2,yes,T12,primary,no,24.875,26.25,-1.375,False,False,256906,504977,730,"[14, 360]","[361, 707]",482,2026-08-11T13:38:50+09:00
2377,2,yes,T16,primary,no,24.75,26.375,-1.625,False,False,256906,504977,730,"[14, 360]","[361, 707]",480,2026-08-11T13:38:50+09:00
2377,2,yes,T20,primary,no,24.875,26.375,-1.5,False,False,256906,504977,730,"[14, 360]","[361, 707]",477,2026-08-11T13:38:51+09:00
2377,2,yes,T24,primary,no,24.875,26.25,-1.375,False,False,256906,504977,730,"[14, 360]","[361, 707]",478,2026-08-11T13:38:51+09:00
2377,2,yes,T0,primary,no,24.875,26.0,-1.125,False,False,256906,504977,730,"[14, 360]","[361, 707]",480,2026-08-11T13:38:52+09:00
2377,2,yes,Trel8,primary,no,25.5,29.125,-3.625,False,False,256906,504977,730,"[14, 360]","[361, 707]",481,2026-08-11T13:38:52+09:00
2565,2,yes,S,primary,yes,28.5,24.625,3.875,False,True,156282,384723,270,,,135,2026-08-11T13:38:52+09:00
2565,2,yes,M,primary,yes,30.0,25.375,4.625,False,True,156282,384723,618,"[14, 249]","[250, 596]",376,2026-08-11T13:38:53+09:00
2565,2,yes,T4,primary,yes,27.625,25.25,2.375,False,True,156282,384723,618,"[14, 249]","[250, 596]",377,2026-08-11T13:38:53+09:00
2565,2,yes,T8,primary,yes,27.625,25.125,2.5,False,True,156282,384723,618,"[14, 249]","[250, 596]",378,2026-08-11T13:38:53+09:00
2565,2,yes,T12,primary,yes,27.625,25.0,2.625,False,True,156282,384723,618,"[14, 249]","[250, 596]",380,2026-08-11T13:38:54+09:00
2565,2,yes,T16,primary,yes,28.0,24.875,3.125,False,True,156282,384723,618,"[14, 249]","[250, 596]",381,2026-08-11T13:38:54+09:00
2565,2,yes,T20,primary,yes,29.25,25.25,4.0,False,True,156282,384723,618,"[14, 249]","[250, 596]",381,2026-08-11T13:38:55+09:00
2565,2,yes,T24,primary,yes,30.5,25.75,4.75,False,True,156282,384723,618,"[14, 249]","[250, 596]",379,2026-08-11T13:38:55+09:00
2565,2,yes,T0,primary,yes,28.0,25.125,2.875,False,True,156282,384723,618,"[14, 249]","[250, 596]",380,2026-08-11T13:38:55+09:00
2565,2,yes,Trel8,primary,no,25.125,28.875,-3.75,False,False,156282,384723,618,"[14, 249]","[250, 596]",380,2026-08-11T13:38:56+09:00
2997,2,yes,S,primary,no,24.625,26.125,-1.5,False,False,277289,112298,427,,,250,2026-08-11T13:38:56+09:00
2997,2,yes,M,primary,no,24.125,26.25,-2.125,False,False,277289,112298,821,"[14, 406]","[407, 799]",577,2026-08-11T13:38:57+09:00
2997,2,yes,T4,primary,no,24.5,26.0,-1.5,False,False,277289,112298,821,"[14, 406]","[407, 799]",579,2026-08-11T13:38:57+09:00
2997,2,yes,T8,primary,no,24.25,25.875,-1.625,False,False,277289,112298,821,"[14, 406]","[407, 799]",579,2026-08-11T13:38:58+09:00
2997,2,yes,T12,primary,no,24.375,26.0,-1.625,False,False,277289,112298,821,"[14, 406]","[407, 799]",578,2026-08-11T13:38:58+09:00
2997,2,yes,T16,primary,no,24.25,26.0,-1.75,False,False,277289,112298,821,"[14, 406]","[407, 799]",578,2026-08-11T13:38:59+09:00
2997,2,yes,T20,primary,no,24.25,26.125,-1.875,False,False,277289,112298,821,"[14, 406]","[407, 799]",579,2026-08-11T13:39:00+09:00
2997,2,yes,T24,primary,no,24.25,26.375,-2.125,False,False,277289,112298,821,"[14, 406]","[407, 799]",578,2026-08-11T13:39:00+09:00
2997,2,yes,T0,primary,no,24.375,25.875,-1.5,False,False,277289,112298,821,"[14, 406]","[407, 799]",579,2026-08-11T13:39:01+09:00
2997,2,yes,Trel8,primary,no,24.625,25.875,-1.25,False,False,277289,112298,821,"[14, 406]","[407, 799]",579,2026-08-11T13:39:01+09:00
1595,2,yes,S,primary,yes,28.625,24.75,3.875,False,True,485485,427034,427,,,249,2026-08-11T13:39:02+09:00
1595,2,yes,M,primary,yes,30.125,25.5,4.625,False,True,485485,427034,821,"[14, 406]","[407, 799]",574,2026-08-11T13:39:02+09:00
1595,2,yes,T4,primary,yes,27.5,25.25,2.25,False,True,485485,427034,821,"[14, 406]","[407, 799]",575,2026-08-11T13:39:03+09:00
1595,2,yes,T8,primary,yes,27.125,25.0,2.125,False,True,485485,427034,821,"[14, 406]","[407, 799]",576,2026-08-11T13:39:03+09:00
1595,2,yes,T12,primary,yes,27.375,25.0,2.375,False,True,485485,427034,821,"[14, 406]","[407, 799]",577,2026-08-11T13:39:04+09:00
1595,2,yes,T16,primary,yes,27.875,25.25,2.625,False,True,485485,427034,821,"[14, 406]","[407, 799]",574,2026-08-11T13:39:04+09:00
1595,2,yes,T20,primary,yes,29.0,25.375,3.625,False,True,485485,427034,821,"[14, 406]","[407, 799]",575,2026-08-11T13:39:05+09:00
1595,2,yes,T24,primary,yes,30.375,25.625,4.75,False,True,485485,427034,821,"[14, 406]","[407, 799]",576,2026-08-11T13:39:06+09:00
1595,2,yes,T0,primary,yes,27.75,25.0,2.75,False,True,485485,427034,821,"[14, 406]","[407, 799]",575,2026-08-11T13:39:06+09:00
1595,2,yes,Trel8,primary,no,25.5,29.625,-4.125,False,False,485485,427034,821,"[14, 406]","[407, 799]",574,2026-08-11T13:39:07+09:00
2837,2,yes,S,primary,yes,27.0,24.875,2.125,False,True,399702,532126,404,,,225,2026-08-11T13:39:07+09:00
2837,2,yes,M,primary,yes,24.875,23.75,1.125,False,True,399702,532126,798,"[14, 383]","[384, 776]",538,2026-08-11T13:39:08+09:00
2837,2,yes,T4,primary,yes,26.25,24.75,1.5,False,True,399702,532126,798,"[14, 383]","[384, 776]",541,2026-08-11T13:39:08+09:00
2837,2,yes,T8,primary,yes,26.0,24.5,1.5,False,True,399702,532126,798,"[14, 383]","[384, 776]",539,2026-08-11T13:39:09+09:00
2837,2,yes,T12,primary,yes,26.0,24.5,1.5,False,True,399702,532126,798,"[14, 383]","[384, 776]",541,2026-08-11T13:39:09+09:00
2837,2,yes,T16,primary,yes,25.125,24.0,1.125,False,True,399702,532126,798,"[14, 383]","[384, 776]",543,2026-08-11T13:39:10+09:00
2837,2,yes,T20,primary,yes,24.875,23.625,1.25,False,True,399702,532126,798,"[14, 383]","[384, 776]",543,2026-08-11T13:39:10+09:00
2837,2,yes,T24,primary,yes,24.75,23.5,1.25,False,True,399702,532126,798,"[14, 383]","[384, 776]",538,2026-08-11T13:39:11+09:00
2837,2,yes,T0,primary,yes,26.0,24.25,1.75,False,True,399702,532126,798,"[14, 383]","[384, 776]",541,2026-08-11T13:39:11+09:00
2837,2,yes,Trel8,primary,no,24.75,26.875,-2.125,False,False,399702,532126,798,"[14, 383]","[384, 776]",540,2026-08-11T13:39:12+09:00
1885,2,yes,M,primary,yes,27.25,23.875,3.375,False,True,312406,168175,664,"[14, 406]","[407, 642]",430,2026-08-11T13:39:12+09:00
1885,2,yes,T4,primary,yes,28.625,25.0,3.625,False,True,312406,168175,664,"[14, 406]","[407, 642]",432,2026-08-11T13:39:13+09:00
1885,2,yes,T8,primary,yes,28.5,24.875,3.625,False,True,312406,168175,664,"[14, 406]","[407, 642]",432,2026-08-11T13:39:13+09:00
1885,2,yes,T12,primary,yes,28.0,24.5,3.5,False,True,312406,168175,664,"[14, 406]","[407, 642]",434,2026-08-11T13:39:14+09:00
1885,2,yes,T16,primary,yes,27.5,23.875,3.625,False,True,312406,168175,664,"[14, 406]","[407, 642]",433,2026-08-11T13:39:14+09:00
1885,2,yes,T20,primary,yes,26.5,23.5,3.0,False,True,312406,168175,664,"[14, 406]","[407, 642]",432,2026-08-11T13:39:15+09:00
1885,2,yes,T24,primary,yes,27.25,23.75,3.5,False,True,312406,168175,664,"[14, 406]","[407, 642]",433,2026-08-11T13:39:15+09:00
1885,2,yes,T0,primary,yes,28.25,24.5,3.75,False,True,312406,168175,664,"[14, 406]","[407, 642]",430,2026-08-11T13:39:15+09:00
1885,2,yes,Trel8,primary,no,24.625,27.375,-2.75,False,False,312406,168175,664,"[14, 406]","[407, 642]",431,2026-08-11T13:39:16+09:00
365,2,yes,S,primary,no,24.625,27.125,-2.5,False,False,575755,330237,381,,,205,2026-08-11T13:39:16+09:00
365,2,yes,M,primary,no,24.125,27.125,-3.0,False,False,575755,330237,618,"[14, 360]","[361, 596]",378,2026-08-11T13:39:17+09:00
365,2,yes,T4,primary,no,24.75,26.75,-2.0,False,False,575755,330237,618,"[14, 360]","[361, 596]",378,2026-08-11T13:39:17+09:00
365,2,yes,T8,primary,no,24.625,26.625,-2.0,False,False,575755,330237,618,"[14, 360]","[361, 596]",378,2026-08-11T13:39:17+09:00
365,2,yes,T12,primary,no,24.375,26.625,-2.25,False,False,575755,330237,618,"[14, 360]","[361, 596]",377,2026-08-11T13:39:18+09:00
365,2,yes,T16,primary,no,24.125,26.75,-2.625,False,False,575755,330237,618,"[14, 360]","[361, 596]",377,2026-08-11T13:39:18+09:00
365,2,yes,T20,primary,no,24.25,27.0,-2.75,False,False,575755,330237,618,"[14, 360]","[361, 596]",379,2026-08-11T13:39:18+09:00
365,2,yes,T24,primary,no,24.25,27.25,-3.0,False,False,575755,330237,618,"[14, 360]","[361, 596]",379,2026-08-11T13:39:19+09:00
365,2,yes,T0,primary,no,24.5,26.75,-2.25,False,False,575755,330237,618,"[14, 360]","[361, 596]",380,2026-08-11T13:39:19+09:00
365,2,yes,Trel8,primary,no,23.75,28.75,-5.0,False,False,575755,330237,618,"[14, 360]","[361, 596]",379,2026-08-11T13:39:20+09:00
1453,2,yes,S,primary,yes,26.0,25.625,0.375,False,True,18918,493843,427,,,250,2026-08-11T13:39:20+09:00
1453,2,yes,M,primary,yes,25.25,24.625,0.625,False,True,18918,493843,821,"[14, 406]","[407, 799]",576,2026-08-11T13:39:20+09:00
1453,2,yes,T4,primary,yes,26.0,25.75,0.25,False,True,18918,493843,821,"[14, 406]","[407, 799]",577,2026-08-11T13:39:21+09:00
1453,2,yes,T8,primary,yes,25.625,25.5,0.125,False,True,18918,493843,821,"[14, 406]","[407, 799]",579,2026-08-11T13:39:22+09:00
1453,2,yes,T12,primary,yes,25.625,25.375,0.25,False,True,18918,493843,821,"[14, 406]","[407, 799]",575,2026-08-11T13:39:22+09:00
1453,2,yes,T16,primary,yes,25.25,25.125,0.125,False,True,18918,493843,821,"[14, 406]","[407, 799]",578,2026-08-11T13:39:23+09:00
1453,2,yes,T20,primary,yes,25.375,25.0,0.375,False,True,18918,493843,821,"[14, 406]","[407, 799]",579,2026-08-11T13:39:23+09:00
1453,2,yes,T24,primary,yes,25.5,24.75,0.75,False,True,18918,493843,821,"[14, 406]","[407, 799]",578,2026-08-11T13:39:24+09:00
1453,2,yes,T0,primary,yes,25.875,25.625,0.25,False,True,18918,493843,821,"[14, 406]","[407, 799]",579,2026-08-11T13:39:24+09:00
1453,2,yes,Trel8,primary,no,25.25,28.5,-3.25,False,False,18918,493843,821,"[14, 406]","[407, 799]",578,2026-08-11T13:39:25+09:00
2595,2,yes,M,primary,yes,28.875,25.375,3.5,False,True,299986,405135,775,"[14, 406]","[407, 753]",524,2026-08-11T13:39:26+09:00
2595,2,yes,T4,primary,yes,27.625,25.0,2.625,False,True,299986,405135,775,"[14, 406]","[407, 753]",525,2026-08-11T13:39:26+09:00
2595,2,yes,T8,primary,yes,27.5,24.875,2.625,False,True,299986,405135,775,"[14, 406]","[407, 753]",527,2026-08-11T13:39:27+09:00
2595,2,yes,T12,primary,yes,27.25,24.875,2.375,False,True,299986,405135,775,"[14, 406]","[407, 753]",527,2026-08-11T13:39:27+09:00
2595,2,yes,T16,primary,yes,27.0,24.75,2.25,False,True,299986,405135,775,"[14, 406]","[407, 753]",526,2026-08-11T13:39:28+09:00
2595,2,yes,T20,primary,yes,27.875,25.0,2.875,False,True,299986,405135,775,"[14, 406]","[407, 753]",527,2026-08-11T13:39:28+09:00
2595,2,yes,T24,primary,yes,29.125,25.5,3.625,False,True,299986,405135,775,"[14, 406]","[407, 753]",526,2026-08-11T13:39:29+09:00
2595,2,yes,T0,primary,yes,28.25,25.0,3.25,False,True,299986,405135,775,"[14, 406]","[407, 753]",523,2026-08-11T13:39:29+09:00
2595,2,yes,Trel8,primary,no,24.875,27.375,-2.5,False,False,299986,405135,775,"[14, 406]","[407, 753]",528,2026-08-11T13:39:30+09:00
1431,2,yes,S,primary,yes,27.75,24.875,2.875,False,True,17379,260330,427,,,248,2026-08-11T13:39:30+09:00
1431,2,yes,M,primary,no,25.5,25.75,-0.25,False,False,17379,260330,821,"[14, 406]","[407, 799]",573,2026-08-11T13:39:31+09:00
1431,2,yes,T4,primary,yes,26.25,25.125,1.125,False,True,17379,260330,821,"[14, 406]","[407, 799]",575,2026-08-11T13:39:31+09:00
1431,2,yes,T8,primary,yes,26.125,24.875,1.25,False,True,17379,260330,821,"[14, 406]","[407, 799]",576,2026-08-11T13:39:32+09:00
1431,2,yes,T12,primary,yes,26.25,24.75,1.5,False,True,17379,260330,821,"[14, 406]","[407, 799]",577,2026-08-11T13:39:32+09:00
1431,2,yes,T16,primary,yes,25.75,24.75,1.0,False,True,17379,260330,821,"[14, 406]","[407, 799]",579,2026-08-11T13:39:33+09:00
1431,2,yes,T20,primary,yes,25.375,25.125,0.25,False,True,17379,260330,821,"[14, 406]","[407, 799]",576,2026-08-11T13:39:34+09:00
1431,2,yes,T24,primary,no,25.5,25.875,-0.375,False,False,17379,260330,821,"[14, 406]","[407, 799]",578,2026-08-11T13:39:34+09:00
1431,2,yes,T0,primary,yes,26.25,24.75,1.5,False,True,17379,260330,821,"[14, 406]","[407, 799]",581,2026-08-11T13:39:35+09:00
1431,2,yes,Trel8,primary,no,25.375,29.0,-3.625,False,False,17379,260330,821,"[14, 406]","[407, 799]",578,2026-08-11T13:39:35+09:00
609,2,yes,S,primary,yes,29.0,24.875,4.125,False,True,520524,558558,427,,,249,2026-08-11T13:39:36+09:00
609,2,yes,M,primary,yes,29.375,25.125,4.25,False,True,520524,558558,821,"[14, 406]","[407, 799]",574,2026-08-11T13:39:36+09:00
609,2,yes,T4,primary,yes,28.0,24.75,3.25,False,True,520524,558558,821,"[14, 406]","[407, 799]",574,2026-08-11T13:39:37+09:00
609,2,yes,T8,primary,yes,27.875,24.875,3.0,False,True,520524,558558,821,"[14, 406]","[407, 799]",577,2026-08-11T13:39:37+09:00
609,2,yes,T12,primary,yes,27.875,24.875,3.0,False,True,520524,558558,821,"[14, 406]","[407, 799]",575,2026-08-11T13:39:38+09:00
609,2,yes,T16,primary,yes,27.875,24.875,3.0,False,True,520524,558558,821,"[14, 406]","[407, 799]",573,2026-08-11T13:39:39+09:00
609,2,yes,T20,primary,yes,28.875,25.125,3.75,False,True,520524,558558,821,"[14, 406]","[407, 799]",577,2026-08-11T13:39:39+09:00
609,2,yes,T24,primary,yes,29.625,25.375,4.25,False,True,520524,558558,821,"[14, 406]","[407, 799]",578,2026-08-11T13:39:40+09:00
609,2,yes,T0,primary,yes,28.125,24.75,3.375,False,True,520524,558558,821,"[14, 406]","[407, 799]",578,2026-08-11T13:39:40+09:00
609,2,yes,Trel8,primary,no,25.125,27.25,-2.125,False,False,520524,558558,821,"[14, 406]","[407, 799]",577,2026-08-11T13:39:41+09:00
2007,2,yes,M,primary,yes,25.125,24.875,0.25,False,True,263594,390298,636,"[14, 267]","[268, 614]",388,2026-08-11T13:39:41+09:00
2007,2,yes,T4,primary,no,25.625,25.625,0.0,True,False,263594,390298,636,"[14, 267]","[268, 614]",388,2026-08-11T13:39:42+09:00
2007,2,yes,T8,primary,no,25.25,25.375,-0.125,False,False,263594,390298,636,"[14, 267]","[268, 614]",388,2026-08-11T13:39:42+09:00
2007,2,yes,T12,primary,no,25.375,25.375,0.0,True,False,263594,390298,636,"[14, 267]","[268, 614]",391,2026-08-11T13:39:42+09:00
2007,2,yes,T16,primary,no,24.75,25.0,-0.25,False,False,263594,390298,636,"[14, 267]","[268, 614]",389,2026-08-11T13:39:43+09:00
2007,2,yes,T20,primary,no,25.125,25.125,0.0,True,False,263594,390298,636,"[14, 267]","[268, 614]",389,2026-08-11T13:39:43+09:00
2007,2,yes,T24,primary,yes,25.25,25.0,0.25,False,True,263594,390298,636,"[14, 267]","[268, 614]",389,2026-08-11T13:39:44+09:00
2007,2,yes,T0,primary,no,25.5,25.5,0.0,True,False,263594,390298,636,"[14, 267]","[268, 614]",390,2026-08-11T13:39:44+09:00
2007,2,yes,Trel8,primary,no,24.875,28.625,-3.75,False,False,263594,390298,636,"[14, 267]","[268, 614]",388,2026-08-11T13:39:44+09:00
1387,2,yes,M,primary,no,24.75,27.125,-2.375,False,False,123017,535952,775,"[14, 406]","[407, 753]",522,2026-08-11T13:39:45+09:00
1387,2,yes,T4,primary,no,24.75,25.25,-0.5,False,False,123017,535952,775,"[14, 406]","[407, 753]",525,2026-08-11T13:39:45+09:00
1387,2,yes,T8,primary,no,24.625,25.375,-0.75,False,False,123017,535952,775,"[14, 406]","[407, 753]",530,2026-08-11T13:39:46+09:00
1387,2,yes,T12,primary,no,24.625,25.5,-0.875,False,False,123017,535952,775,"[14, 406]","[407, 753]",527,2026-08-11T13:39:47+09:00
1387,2,yes,T16,primary,no,24.75,26.0,-1.25,False,False,123017,535952,775,"[14, 406]","[407, 753]",530,2026-08-11T13:39:47+09:00
1387,2,yes,T20,primary,no,24.875,26.75,-1.875,False,False,123017,535952,775,"[14, 406]","[407, 753]",528,2026-08-11T13:39:48+09:00
1387,2,yes,T24,primary,no,24.875,27.125,-2.25,False,False,123017,535952,775,"[14, 406]","[407, 753]",529,2026-08-11T13:39:48+09:00
1387,2,yes,T0,primary,no,24.625,25.0,-0.375,False,False,123017,535952,775,"[14, 406]","[407, 753]",528,2026-08-11T13:39:49+09:00
1387,2,yes,Trel8,primary,no,25.625,26.875,-1.25,False,False,123017,535952,775,"[14, 406]","[407, 753]",528,2026-08-11T13:39:49+09:00
1525,2,yes,S,primary,yes,29.375,25.0,4.375,False,True,524979,207003,359,,,193,2026-08-11T13:39:49+09:00
1525,2,yes,M,primary,yes,27.125,25.25,1.875,False,True,524979,207003,707,"[14, 337]","[338, 684]",456,2026-08-11T13:39:50+09:00
1525,2,yes,T4,primary,yes,26.5,24.875,1.625,False,True,524979,207003,707,"[14, 337]","[338, 684]",457,2026-08-11T13:39:50+09:00
1525,2,yes,T8,primary,yes,26.625,25.0,1.625,False,True,524979,207003,707,"[14, 337]","[338, 684]",461,2026-08-11T13:39:51+09:00
1525,2,yes,T12,primary,yes,26.375,25.0,1.375,False,True,524979,207003,707,"[14, 337]","[338, 684]",459,2026-08-11T13:39:51+09:00
1525,2,yes,T16,primary,yes,26.25,25.0,1.25,False,True,524979,207003,707,"[14, 337]","[338, 684]",458,2026-08-11T13:39:52+09:00
1525,2,yes,T20,primary,yes,26.875,24.875,2.0,False,True,524979,207003,707,"[14, 337]","[338, 684]",459,2026-08-11T13:39:52+09:00
1525,2,yes,T24,primary,yes,27.375,25.5,1.875,False,True,524979,207003,707,"[14, 337]","[338, 684]",460,2026-08-11T13:39:53+09:00
1525,2,yes,T0,primary,yes,27.25,25.0,2.25,False,True,524979,207003,707,"[14, 337]","[338, 684]",460,2026-08-11T13:39:53+09:00
1525,2,yes,Trel8,primary,no,25.125,27.25,-2.125,False,False,524979,207003,707,"[14, 337]","[338, 684]",458,2026-08-11T13:39:54+09:00
1271,2,yes,M,primary,no,25.125,29.625,-4.5,False,False,244455,572980,821,"[14, 406]","[407, 799]",575,2026-08-11T13:39:54+09:00
1271,2,yes,T4,primary,no,25.25,27.375,-2.125,False,False,244455,572980,821,"[14, 406]","[407, 799]",572,2026-08-11T13:39:55+09:00
1271,2,yes,T8,primary,no,25.125,27.5,-2.375,False,False,244455,572980,821,"[14, 406]","[407, 799]",576,2026-08-11T13:39:55+09:00
1271,2,yes,T12,primary,no,25.0,27.875,-2.875,False,False,244455,572980,821,"[14, 406]","[407, 799]",574,2026-08-11T13:39:56+09:00
1271,2,yes,T16,primary,no,25.0,28.625,-3.625,False,False,244455,572980,821,"[14, 406]","[407, 799]",571,2026-08-11T13:39:56+09:00
1271,2,yes,T20,primary,no,25.125,29.0,-3.875,False,False,244455,572980,821,"[14, 406]","[407, 799]",575,2026-08-11T13:39:57+09:00
1271,2,yes,T24,primary,no,25.375,29.875,-4.5,False,False,244455,572980,821,"[14, 406]","[407, 799]",576,2026-08-11T13:39:58+09:00
1271,2,yes,T0,primary,no,25.0,27.375,-2.375,False,False,244455,572980,821,"[14, 406]","[407, 799]",576,2026-08-11T13:39:58+09:00
1271,2,yes,Trel8,primary,no,25.125,29.0,-3.875,False,False,244455,572980,821,"[14, 406]","[407, 799]",579,2026-08-11T13:39:59+09:00
1603,2,yes,M,primary,no,23.5,28.5,-5.0,False,False,472143,516396,959,"[14, 544]","[545, 937]",706,2026-08-11T13:40:00+09:00
1603,2,yes,T4,primary,no,24.125,27.375,-3.25,False,False,472143,516396,959,"[14, 544]","[545, 937]",707,2026-08-11T13:40:00+09:00
1603,2,yes,T8,primary,no,24.125,27.5,-3.375,False,False,472143,516396,959,"[14, 544]","[545, 937]",708,2026-08-11T13:40:01+09:00
1603,2,yes,T12,primary,no,24.25,27.5,-3.25,False,False,472143,516396,959,"[14, 544]","[545, 937]",709,2026-08-11T13:40:02+09:00
1603,2,yes,T16,primary,no,23.875,27.375,-3.5,False,False,472143,516396,959,"[14, 544]","[545, 937]",706,2026-08-11T13:40:02+09:00
1603,2,yes,T20,primary,no,23.875,28.125,-4.25,False,False,472143,516396,959,"[14, 544]","[545, 937]",705,2026-08-11T13:40:03+09:00
1603,2,yes,T24,primary,no,23.625,28.5,-4.875,False,False,472143,516396,959,"[14, 544]","[545, 937]",707,2026-08-11T13:40:04+09:00
1603,2,yes,T0,primary,no,23.875,27.125,-3.25,False,False,472143,516396,959,"[14, 544]","[545, 937]",707,2026-08-11T13:40:05+09:00
1603,2,yes,Trel8,primary,no,24.875,27.0,-2.125,False,False,472143,516396,959,"[14, 544]","[545, 937]",706,2026-08-11T13:40:05+09:00
149,2,yes,M,primary,no,25.0,27.375,-2.375,False,False,218224,256195,683,"[14, 314]","[315, 661]",444,2026-08-11T13:40:06+09:00
149,2,yes,T4,primary,no,25.125,25.875,-0.75,False,False,218224,256195,683,"[14, 314]","[315, 661]",444,2026-08-11T13:40:06+09:00
149,2,yes,T8,primary,no,25.0,25.875,-0.875,False,False,218224,256195,683,"[14, 314]","[315, 661]",446,2026-08-11T13:40:07+09:00
149,2,yes,T12,primary,no,24.875,26.125,-1.25,False,False,218224,256195,683,"[14, 314]","[315, 661]",444,2026-08-11T13:40:07+09:00
149,2,yes,T16,primary,no,25.0,25.625,-0.625,False,False,218224,256195,683,"[14, 314]","[315, 661]",444,2026-08-11T13:40:07+09:00
149,2,yes,T20,primary,no,24.875,26.375,-1.5,False,False,218224,256195,683,"[14, 314]","[315, 661]",447,2026-08-11T13:40:08+09:00
149,2,yes,T24,primary,no,25.0,27.375,-2.375,False,False,218224,256195,683,"[14, 314]","[315, 661]",446,2026-08-11T13:40:08+09:00
149,2,yes,T0,primary,no,24.75,25.625,-0.875,False,False,218224,256195,683,"[14, 314]","[315, 661]",445,2026-08-11T13:40:09+09:00
149,2,yes,Trel8,primary,no,25.25,26.375,-1.125,False,False,218224,256195,683,"[14, 314]","[315, 661]",445,2026-08-11T13:40:09+09:00
1741,2,yes,S,primary,no,25.125,27.0,-1.875,False,False,343401,92335,270,,,133,2026-08-11T13:40:09+09:00
1741,2,yes,M,primary,no,24.375,25.625,-1.25,False,False,343401,92335,549,"[14, 249]","[250, 527]",319,2026-08-11T13:40:10+09:00
1741,2,yes,T4,primary,no,25.625,26.5,-0.875,False,False,343401,92335,549,"[14, 249]","[250, 527]",319,2026-08-11T13:40:10+09:00
1741,2,yes,T8,primary,no,25.25,26.375,-1.125,False,False,343401,92335,549,"[14, 249]","[250, 527]",319,2026-08-11T13:40:10+09:00
1741,2,yes,T12,primary,no,25.25,26.375,-1.125,False,False,343401,92335,549,"[14, 249]","[250, 527]",320,2026-08-11T13:40:11+09:00
1741,2,yes,T16,primary,no,24.75,25.75,-1.0,False,False,343401,92335,549,"[14, 249]","[250, 527]",323,2026-08-11T13:40:11+09:00
1741,2,yes,T20,primary,no,24.5,25.625,-1.125,False,False,343401,92335,549,"[14, 249]","[250, 527]",321,2026-08-11T13:40:11+09:00
1741,2,yes,T24,primary,no,24.5,25.625,-1.125,False,False,343401,92335,549,"[14, 249]","[250, 527]",322,2026-08-11T13:40:12+09:00
1741,2,yes,T0,primary,no,25.375,26.5,-1.125,False,False,343401,92335,549,"[14, 249]","[250, 527]",321,2026-08-11T13:40:12+09:00
1741,2,yes,Trel8,primary,no,25.0,29.375,-4.375,False,False,343401,92335,549,"[14, 249]","[250, 527]",325,2026-08-11T13:40:12+09:00
1613,2,yes,S,primary,yes,27.25,24.375,2.875,False,True,236023,208050,270,,,135,2026-08-11T13:40:13+09:00
1613,2,yes,M,primary,yes,26.875,24.25,2.625,False,True,236023,208050,687,"[14, 249]","[250, 665]",450,2026-08-11T13:40:13+09:00
1613,2,yes,T4,primary,yes,26.5,24.875,1.625,False,True,236023,208050,687,"[14, 249]","[250, 665]",450,2026-08-11T13:40:13+09:00
1613,2,yes,T8,primary,yes,26.25,24.75,1.5,False,True,236023,208050,687,"[14, 249]","[250, 665]",452,2026-08-11T13:40:14+09:00
1613,2,yes,T12,primary,yes,26.5,24.875,1.625,False,True,236023,208050,687,"[14, 249]","[250, 665]",453,2026-08-11T13:40:14+09:00
1613,2,yes,T16,primary,yes,26.25,24.5,1.75,False,True,236023,208050,687,"[14, 249]","[250, 665]",453,2026-08-11T13:40:15+09:00
1613,2,yes,T20,primary,yes,26.625,24.375,2.25,False,True,236023,208050,687,"[14, 249]","[250, 665]",450,2026-08-11T13:40:15+09:00
1613,2,yes,T24,primary,yes,27.125,24.5,2.625,False,True,236023,208050,687,"[14, 249]","[250, 665]",451,2026-08-11T13:40:16+09:00
1613,2,yes,T0,primary,yes,26.5,24.75,1.75,False,True,236023,208050,687,"[14, 249]","[250, 665]",449,2026-08-11T13:40:16+09:00
1613,2,yes,Trel8,primary,no,24.375,25.875,-1.5,False,False,236023,208050,687,"[14, 249]","[250, 665]",448,2026-08-11T13:40:17+09:00
2991,2,yes,S,primary,yes,27.75,24.25,3.5,False,True,361430,568630,427,,,249,2026-08-11T13:40:17+09:00
2991,2,yes,M,primary,yes,27.25,24.125,3.125,False,True,361430,568630,844,"[14, 406]","[407, 822]",590,2026-08-11T13:40:17+09:00
2991,2,yes,T4,primary,yes,27.25,24.5,2.75,False,True,361430,568630,844,"[14, 406]","[407, 822]",591,2026-08-11T13:40:18+09:00
2991,2,yes,T8,primary,yes,27.0,24.5,2.5,False,True,361430,568630,844,"[14, 406]","[407, 822]",590,2026-08-11T13:40:19+09:00
2991,2,yes,T12,primary,yes,27.125,24.5,2.625,False,True,361430,568630,844,"[14, 406]","[407, 822]",591,2026-08-11T13:40:19+09:00
2991,2,yes,T16,primary,yes,26.5,24.0,2.5,False,True,361430,568630,844,"[14, 406]","[407, 822]",591,2026-08-11T13:40:20+09:00
2991,2,yes,T20,primary,yes,27.125,24.25,2.875,False,True,361430,568630,844,"[14, 406]","[407, 822]",593,2026-08-11T13:40:20+09:00
2991,2,yes,T24,primary,yes,27.25,24.125,3.125,False,True,361430,568630,844,"[14, 406]","[407, 822]",594,2026-08-11T13:40:21+09:00
2991,2,yes,T0,primary,yes,27.125,24.25,2.875,False,True,361430,568630,844,"[14, 406]","[407, 822]",590,2026-08-11T13:40:22+09:00
2991,2,yes,Trel8,primary,no,24.875,29.125,-4.25,False,False,361430,568630,844,"[14, 406]","[407, 822]",592,2026-08-11T13:40:22+09:00
35,2,yes,M,primary,no,24.75,25.625,-0.875,False,False,283412,252629,729,"[14, 360]","[361, 707]",481,2026-08-11T13:40:23+09:00
35,2,yes,T4,primary,no,25.125,26.0,-0.875,False,False,283412,252629,729,"[14, 360]","[361, 707]",481,2026-08-11T13:40:23+09:00
35,2,yes,T8,primary,no,24.875,26.125,-1.25,False,False,283412,252629,729,"[14, 360]","[361, 707]",480,2026-08-11T13:40:24+09:00
35,2,yes,T12,primary,no,25.125,26.125,-1.0,False,False,283412,252629,729,"[14, 360]","[361, 707]",482,2026-08-11T13:40:24+09:00
35,2,yes,T16,primary,no,24.75,26.125,-1.375,False,False,283412,252629,729,"[14, 360]","[361, 707]",482,2026-08-11T13:40:25+09:00
35,2,yes,T20,primary,no,24.75,25.875,-1.125,False,False,283412,252629,729,"[14, 360]","[361, 707]",481,2026-08-11T13:40:25+09:00
35,2,yes,T24,primary,no,25.0,25.75,-0.75,False,False,283412,252629,729,"[14, 360]","[361, 707]",481,2026-08-11T13:40:26+09:00
35,2,yes,T0,primary,no,24.875,26.125,-1.25,False,False,283412,252629,729,"[14, 360]","[361, 707]",483,2026-08-11T13:40:26+09:00
35,2,yes,Trel8,primary,no,24.5,27.5,-3.0,False,False,283412,252629,729,"[14, 360]","[361, 707]",483,2026-08-11T13:40:27+09:00
2483,2,yes,S,primary,yes,28.0,24.875,3.125,False,True,38645,443952,429,,,249,2026-08-11T13:40:27+09:00
2483,2,yes,M,primary,yes,26.875,24.75,2.125,False,True,38645,443952,666,"[14, 406]","[407, 642]",433,2026-08-11T13:40:27+09:00
2483,2,yes,T4,primary,yes,27.625,25.125,2.5,False,True,38645,443952,666,"[14, 406]","[407, 642]",432,2026-08-11T13:40:28+09:00
2483,2,yes,T8,primary,yes,27.5,24.875,2.625,False,True,38645,443952,666,"[14, 406]","[407, 642]",434,2026-08-11T13:40:28+09:00
2483,2,yes,T12,primary,yes,27.25,25.0,2.25,False,True,38645,443952,666,"[14, 406]","[407, 642]",434,2026-08-11T13:40:29+09:00
2483,2,yes,T16,primary,yes,26.75,24.75,2.0,False,True,38645,443952,666,"[14, 406]","[407, 642]",434,2026-08-11T13:40:29+09:00
2483,2,yes,T20,primary,yes,26.375,24.5,1.875,False,True,38645,443952,666,"[14, 406]","[407, 642]",431,2026-08-11T13:40:30+09:00
2483,2,yes,T24,primary,yes,26.875,24.625,2.25,False,True,38645,443952,666,"[14, 406]","[407, 642]",430,2026-08-11T13:40:30+09:00
2483,2,yes,T0,primary,yes,27.625,24.875,2.75,False,True,38645,443952,666,"[14, 406]","[407, 642]",433,2026-08-11T13:40:30+09:00
2483,2,yes,Trel8,primary,no,24.5,27.875,-3.375,False,False,38645,443952,666,"[14, 406]","[407, 642]",433,2026-08-11T13:40:31+09:00
2667,2,yes,M,primary,no,25.375,26.625,-1.25,False,False,123570,298699,683,"[14, 360]","[361, 661]",445,2026-08-11T13:40:31+09:00
2667,2,yes,T4,primary,no,25.5,26.0,-0.5,False,False,123570,298699,683,"[14, 360]","[361, 661]",445,2026-08-11T13:40:32+09:00
2667,2,yes,T8,primary,no,25.375,26.0,-0.625,False,False,123570,298699,683,"[14, 360]","[361, 661]",445,2026-08-11T13:40:32+09:00
2667,2,yes,T12,primary,no,25.375,26.125,-0.75,False,False,123570,298699,683,"[14, 360]","[361, 661]",448,2026-08-11T13:40:33+09:00
2667,2,yes,T16,primary,no,24.875,26.0,-1.125,False,False,123570,298699,683,"[14, 360]","[361, 661]",447,2026-08-11T13:40:33+09:00
2667,2,yes,T20,primary,no,25.25,26.25,-1.0,False,False,123570,298699,683,"[14, 360]","[361, 661]",446,2026-08-11T13:40:34+09:00
2667,2,yes,T24,primary,no,25.5,26.75,-1.25,False,False,123570,298699,683,"[14, 360]","[361, 661]",445,2026-08-11T13:40:34+09:00
2667,2,yes,T0,primary,no,25.5,25.875,-0.375,False,False,123570,298699,683,"[14, 360]","[361, 661]",443,2026-08-11T13:40:34+09:00
2667,2,yes,Trel8,primary,no,24.875,26.375,-1.5,False,False,123570,298699,683,"[14, 360]","[361, 661]",444,2026-08-11T13:40:35+09:00
509,2,yes,M,primary,yes,25.5,23.75,1.75,False,True,148766,100711,646,"[14, 406]","[407, 624]",413,2026-08-11T13:40:35+09:00
509,2,yes,T4,primary,yes,26.5,25.5,1.0,False,True,148766,100711,646,"[14, 406]","[407, 624]",412,2026-08-11T13:40:36+09:00
509,2,yes,T8,primary,yes,26.25,25.375,0.875,False,True,148766,100711,646,"[14, 406]","[407, 624]",415,2026-08-11T13:40:36+09:00
509,2,yes,T12,primary,yes,26.375,25.125,1.25,False,True,148766,100711,646,"[14, 406]","[407, 624]",415,2026-08-11T13:40:37+09:00
509,2,yes,T16,primary,yes,26.0,24.625,1.375,False,True,148766,100711,646,"[14, 406]","[407, 624]",418,2026-08-11T13:40:37+09:00
509,2,yes,T20,primary,yes,25.375,24.0,1.375,False,True,148766,100711,646,"[14, 406]","[407, 624]",418,2026-08-11T13:40:37+09:00
509,2,yes,T24,primary,yes,25.625,23.625,2.0,False,True,148766,100711,646,"[14, 406]","[407, 624]",418,2026-08-11T13:40:38+09:00
509,2,yes,T0,primary,yes,26.25,25.5,0.75,False,True,148766,100711,646,"[14, 406]","[407, 624]",417,2026-08-11T13:40:38+09:00
509,2,yes,Trel8,primary,no,24.5,28.875,-4.375,False,False,148766,100711,646,"[14, 406]","[407, 624]",414,2026-08-11T13:40:39+09:00
1897,2,yes,S,primary,no,25.625,26.5,-0.875,False,False,31971,551849,520,,,303,2026-08-11T13:40:39+09:00
1897,2,yes,M,primary,no,24.75,27.0,-2.25,False,False,31971,551849,914,"[14, 499]","[500, 892]",666,2026-08-11T13:40:40+09:00
1897,2,yes,T4,primary,no,25.625,26.0,-0.375,False,False,31971,551849,914,"[14, 499]","[500, 892]",671,2026-08-11T13:40:40+09:00
1897,2,yes,T8,primary,no,25.625,26.125,-0.5,False,False,31971,551849,914,"[14, 499]","[500, 892]",663,2026-08-11T13:40:41+09:00
1897,2,yes,T12,primary,no,25.375,26.75,-1.375,False,False,31971,551849,914,"[14, 499]","[500, 892]",667,2026-08-11T13:40:42+09:00
1897,2,yes,T16,primary,no,25.0,26.5,-1.5,False,False,31971,551849,914,"[14, 499]","[500, 892]",668,2026-08-11T13:40:42+09:00
1897,2,yes,T20,primary,no,25.0,26.625,-1.625,False,False,31971,551849,914,"[14, 499]","[500, 892]",666,2026-08-11T13:40:43+09:00
1897,2,yes,T24,primary,no,24.875,27.125,-2.25,False,False,31971,551849,914,"[14, 499]","[500, 892]",663,2026-08-11T13:40:44+09:00
1897,2,yes,T0,primary,no,25.875,25.875,0.0,True,False,31971,551849,914,"[14, 499]","[500, 892]",668,2026-08-11T13:40:44+09:00
1897,2,yes,Trel8,primary,no,24.75,29.25,-4.5,False,False,31971,551849,914,"[14, 499]","[500, 892]",668,2026-08-11T13:40:45+09:00
2639,2,yes,S,primary,yes,27.375,25.0,2.375,False,True,16451,495546,521,,,303,2026-08-11T13:40:45+09:00
2639,2,yes,M,primary,yes,26.625,24.875,1.75,False,True,16451,495546,869,"[14, 499]","[500, 846]",607,2026-08-11T13:40:46+09:00
2639,2,yes,T4,primary,yes,26.0,25.0,1.0,False,True,16451,495546,869,"[14, 499]","[500, 846]",609,2026-08-11T13:40:47+09:00
2639,2,yes,T8,primary,yes,25.875,24.875,1.0,False,True,16451,495546,869,"[14, 499]","[500, 846]",607,2026-08-11T13:40:47+09:00
2639,2,yes,T12,primary,yes,25.875,24.875,1.0,False,True,16451,495546,869,"[14, 499]","[500, 846]",605,2026-08-11T13:40:48+09:00
2639,2,yes,T16,primary,yes,26.0,24.75,1.25,False,True,16451,495546,869,"[14, 499]","[500, 846]",605,2026-08-11T13:40:48+09:00
2639,2,yes,T20,primary,yes,26.375,24.75,1.625,False,True,16451,495546,869,"[14, 499]","[500, 846]",608,2026-08-11T13:40:49+09:00
2639,2,yes,T24,primary,yes,26.875,25.0,1.875,False,True,16451,495546,869,"[14, 499]","[500, 846]",608,2026-08-11T13:40:50+09:00
2639,2,yes,T0,primary,yes,26.25,24.875,1.375,False,True,16451,495546,869,"[14, 499]","[500, 846]",608,2026-08-11T13:40:50+09:00
2639,2,yes,Trel8,primary,no,25.25,26.75,-1.5,False,False,16451,495546,869,"[14, 499]","[500, 846]",611,2026-08-11T13:40:51+09:00
2567,2,yes,S,primary,yes,27.0,25.0,2.0,False,True,156282,357354,270,,,135,2026-08-11T13:40:51+09:00
2567,2,yes,M,primary,no,24.5,25.0,-0.5,False,False,156282,357354,618,"[14, 249]","[250, 596]",379,2026-08-11T13:40:51+09:00
2567,2,yes,T4,primary,yes,26.25,25.375,0.875,False,True,156282,357354,618,"[14, 249]","[250, 596]",379,2026-08-11T13:40:52+09:00
2567,2,yes,T8,primary,yes,25.875,25.125,0.75,False,True,156282,357354,618,"[14, 249]","[250, 596]",379,2026-08-11T13:40:52+09:00
2567,2,yes,T12,primary,yes,25.875,24.875,1.0,False,True,156282,357354,618,"[14, 249]","[250, 596]",382,2026-08-11T13:40:53+09:00
2567,2,yes,T16,primary,yes,25.625,24.75,0.875,False,True,156282,357354,618,"[14, 249]","[250, 596]",381,2026-08-11T13:40:53+09:00
2567,2,yes,T20,primary,yes,25.25,25.0,0.25,False,True,156282,357354,618,"[14, 249]","[250, 596]",378,2026-08-11T13:40:53+09:00
2567,2,yes,T24,primary,no,24.75,25.25,-0.5,False,False,156282,357354,618,"[14, 249]","[250, 596]",381,2026-08-11T13:40:54+09:00
2567,2,yes,T0,primary,yes,26.375,25.125,1.25,False,True,156282,357354,618,"[14, 249]","[250, 596]",379,2026-08-11T13:40:54+09:00
2567,2,yes,Trel8,primary,no,24.625,25.25,-0.625,False,False,156282,357354,618,"[14, 249]","[250, 596]",378,2026-08-11T13:40:54+09:00
2717,2,yes,S,primary,yes,27.75,25.25,2.5,False,True,318550,249158,427,,,248,2026-08-11T13:40:55+09:00
2717,2,yes,M,primary,yes,27.25,25.125,2.125,False,True,318550,249158,821,"[14, 406]","[407, 799]",574,2026-08-11T13:40:55+09:00
2717,2,yes,T4,primary,yes,26.75,24.75,2.0,False,True,318550,249158,821,"[14, 406]","[407, 799]",574,2026-08-11T13:40:56+09:00
2717,2,yes,T8,primary,yes,26.625,24.75,1.875,False,True,318550,249158,821,"[14, 406]","[407, 799]",576,2026-08-11T13:40:57+09:00
2717,2,yes,T12,primary,yes,27.0,24.875,2.125,False,True,318550,249158,821,"[14, 406]","[407, 799]",573,2026-08-11T13:40:57+09:00
2717,2,yes,T16,primary,yes,26.625,24.75,1.875,False,True,318550,249158,821,"[14, 406]","[407, 799]",578,2026-08-11T13:40:58+09:00
2717,2,yes,T20,primary,yes,26.75,24.875,1.875,False,True,318550,249158,821,"[14, 406]","[407, 799]",578,2026-08-11T13:40:58+09:00
2717,2,yes,T24,primary,yes,27.25,25.125,2.125,False,True,318550,249158,821,"[14, 406]","[407, 799]",576,2026-08-11T13:40:59+09:00
2717,2,yes,T0,primary,yes,26.875,24.75,2.125,False,True,318550,249158,821,"[14, 406]","[407, 799]",573,2026-08-11T13:40:59+09:00
2717,2,yes,Trel8,primary,no,25.125,28.375,-3.25,False,False,318550,249158,821,"[14, 406]","[407, 799]",576,2026-08-11T13:41:00+09:00
2719,2,yes,M,primary,yes,25.75,24.25,1.5,False,True,367528,12669,600,"[14, 360]","[361, 578]",354,2026-08-11T13:41:00+09:00
2719,2,yes,T4,primary,yes,26.0,25.125,0.875,False,True,367528,12669,600,"[14, 360]","[361, 578]",356,2026-08-11T13:41:01+09:00
2719,2,yes,T8,primary,yes,25.75,25.125,0.625,False,True,367528,12669,600,"[14, 360]","[361, 578]",356,2026-08-11T13:41:01+09:00
2719,2,yes,T12,primary,yes,25.625,24.75,0.875,False,True,367528,12669,600,"[14, 360]","[361, 578]",357,2026-08-11T13:41:01+09:00
2719,2,yes,T16,primary,yes,25.375,24.75,0.625,False,True,367528,12669,600,"[14, 360]","[361, 578]",356,2026-08-11T13:41:02+09:00
2719,2,yes,T20,primary,yes,25.25,24.25,1.0,False,True,367528,12669,600,"[14, 360]","[361, 578]",357,2026-08-11T13:41:02+09:00
2719,2,yes,T24,primary,yes,25.625,24.125,1.5,False,True,367528,12669,600,"[14, 360]","[361, 578]",360,2026-08-11T13:41:03+09:00
2719,2,yes,T0,primary,yes,26.0,25.125,0.875,False,True,367528,12669,600,"[14, 360]","[361, 578]",360,2026-08-11T13:41:03+09:00
2719,2,yes,Trel8,primary,no,25.375,25.75,-0.375,False,False,367528,12669,600,"[14, 360]","[361, 578]",356,2026-08-11T13:41:03+09:00
839,2,yes,S,primary,no,24.75,25.0,-0.25,False,False,300876,313627,519,,,303,2026-08-11T13:41:04+09:00
839,2,yes,M,primary,no,23.375,23.625,-0.25,False,False,300876,313627,720,"[14, 498]","[499, 698]",475,2026-08-11T13:41:04+09:00
839,2,yes,T4,primary,no,24.5,25.0,-0.5,False,False,300876,313627,720,"[14, 498]","[499, 698]",476,2026-08-11T13:41:05+09:00
839,2,yes,T8,primary,no,24.5,25.0,-0.5,False,False,300876,313627,720,"[14, 498]","[499, 698]",477,2026-08-11T13:41:05+09:00
839,2,yes,T12,primary,no,24.375,24.875,-0.5,False,False,300876,313627,720,"[14, 498]","[499, 698]",478,2026-08-11T13:41:06+09:00
839,2,yes,T16,primary,no,23.875,24.5,-0.625,False,False,300876,313627,720,"[14, 498]","[499, 698]",476,2026-08-11T13:41:06+09:00
839,2,yes,T20,primary,yes,23.75,23.625,0.125,False,True,300876,313627,720,"[14, 498]","[499, 698]",477,2026-08-11T13:41:06+09:00
839,2,yes,T24,primary,no,23.375,23.75,-0.375,False,False,300876,313627,720,"[14, 498]","[499, 698]",478,2026-08-11T13:41:07+09:00
839,2,yes,T0,primary,no,24.25,24.5,-0.25,False,False,300876,313627,720,"[14, 498]","[499, 698]",477,2026-08-11T13:41:07+09:00
839,2,yes,Trel8,primary,no,24.875,27.25,-2.375,False,False,300876,313627,720,"[14, 498]","[499, 698]",475,2026-08-11T13:41:08+09:00
2619,2,yes,M,primary,no,25.0,25.875,-0.875,False,False,222118,201526,913,"[14, 360]","[361, 891]",660,2026-08-11T13:41:09+09:00
2619,2,yes,T4,primary,yes,25.125,25.0,0.125,False,True,222118,201526,913,"[14, 360]","[361, 891]",662,2026-08-11T13:41:09+09:00
2619,2,yes,T8,primary,yes,25.0,24.75,0.25,False,True,222118,201526,913,"[14, 360]","[361, 891]",665,2026-08-11T13:41:10+09:00
2619,2,yes,T12,primary,yes,25.0,24.75,0.25,False,True,222118,201526,913,"[14, 360]","[361, 891]",663,2026-08-11T13:41:11+09:00
2619,2,yes,T16,primary,no,24.625,24.75,-0.125,False,False,222118,201526,913,"[14, 360]","[361, 891]",665,2026-08-11T13:41:11+09:00
2619,2,yes,T20,primary,no,24.625,24.875,-0.25,False,False,222118,201526,913,"[14, 360]","[361, 891]",666,2026-08-11T13:41:12+09:00
2619,2,yes,T24,primary,no,25.0,25.875,-0.875,False,False,222118,201526,913,"[14, 360]","[361, 891]",660,2026-08-11T13:41:13+09:00
2619,2,yes,T0,primary,yes,25.25,24.75,0.5,False,True,222118,201526,913,"[14, 360]","[361, 891]",664,2026-08-11T13:41:13+09:00
2619,2,yes,Trel8,primary,no,24.75,28.25,-3.5,False,False,222118,201526,913,"[14, 360]","[361, 891]",663,2026-08-11T13:41:14+09:00
1671,2,yes,M,primary,yes,28.5,24.625,3.875,False,True,97994,36660,600,"[14, 360]","[361, 578]",356,2026-08-11T13:41:14+09:00
1671,2,yes,T4,primary,yes,29.0,25.25,3.75,False,True,97994,36660,600,"[14, 360]","[361, 578]",357,2026-08-11T13:41:15+09:00
1671,2,yes,T8,primary,yes,28.625,25.125,3.5,False,True,97994,36660,600,"[14, 360]","[361, 578]",358,2026-08-11T13:41:15+09:00
1671,2,yes,T12,primary,yes,28.5,25.0,3.5,False,True,97994,36660,600,"[14, 360]","[361, 578]",359,2026-08-11T13:41:15+09:00
1671,2,yes,T16,primary,yes,28.25,24.75,3.5,False,True,97994,36660,600,"[14, 360]","[361, 578]",358,2026-08-11T13:41:16+09:00
1671,2,yes,T20,primary,yes,28.125,24.5,3.625,False,True,97994,36660,600,"[14, 360]","[361, 578]",358,2026-08-11T13:41:16+09:00
1671,2,yes,T24,primary,yes,28.75,24.75,4.0,False,True,97994,36660,600,"[14, 360]","[361, 578]",358,2026-08-11T13:41:16+09:00
1671,2,yes,T0,primary,yes,28.5,24.875,3.625,False,True,97994,36660,600,"[14, 360]","[361, 578]",359,2026-08-11T13:41:17+09:00
1671,2,yes,Trel8,primary,no,25.25,28.375,-3.125,False,False,97994,36660,600,"[14, 360]","[361, 578]",358,2026-08-11T13:41:17+09:00
1935,2,yes,S,primary,no,25.0,25.25,-0.25,False,False,505335,332916,381,,,205,2026-08-11T13:41:17+09:00
1935,2,yes,M,primary,no,23.875,25.625,-1.75,False,False,505335,332916,913,"[14, 360]","[361, 891]",659,2026-08-11T13:41:18+09:00
1935,2,yes,T4,primary,no,24.5,25.5,-1.0,False,False,505335,332916,913,"[14, 360]","[361, 891]",662,2026-08-11T13:41:19+09:00
1935,2,yes,T8,primary,no,24.125,25.25,-1.125,False,False,505335,332916,913,"[14, 360]","[361, 891]",664,2026-08-11T13:41:19+09:00
1935,2,yes,T12,primary,no,24.25,25.375,-1.125,False,False,505335,332916,913,"[14, 360]","[361, 891]",664,2026-08-11T13:41:20+09:00
1935,2,yes,T16,primary,no,23.75,25.125,-1.375,False,False,505335,332916,913,"[14, 360]","[361, 891]",663,2026-08-11T13:41:21+09:00
1935,2,yes,T20,primary,no,23.75,25.375,-1.625,False,False,505335,332916,913,"[14, 360]","[361, 891]",665,2026-08-11T13:41:21+09:00
1935,2,yes,T24,primary,no,23.625,25.375,-1.75,False,False,505335,332916,913,"[14, 360]","[361, 891]",663,2026-08-11T13:41:22+09:00
1935,2,yes,T0,primary,no,24.25,25.25,-1.0,False,False,505335,332916,913,"[14, 360]","[361, 891]",666,2026-08-11T13:41:23+09:00
1935,2,yes,Trel8,primary,no,24.5,26.75,-2.25,False,False,505335,332916,913,"[14, 360]","[361, 891]",664,2026-08-11T13:41:23+09:00
237,2,yes,S,primary,no,25.125,25.375,-0.25,False,False,500257,151742,288,,,141,2026-08-11T13:41:24+09:00
237,2,yes,M,primary,no,24.125,24.75,-0.625,False,False,500257,151742,682,"[14, 267]","[268, 660]",446,2026-08-11T13:41:24+09:00
237,2,yes,T4,primary,no,25.375,25.5,-0.125,False,False,500257,151742,682,"[14, 267]","[268, 660]",446,2026-08-11T13:41:25+09:00
237,2,yes,T8,primary,no,25.0,25.25,-0.25,False,False,500257,151742,682,"[14, 267]","[268, 660]",448,2026-08-11T13:41:25+09:00
237,2,yes,T12,primary,no,25.125,25.25,-0.125,False,False,500257,151742,682,"[14, 267]","[268, 660]",449,2026-08-11T13:41:25+09:00
237,2,yes,T16,primary,no,24.375,24.75,-0.375,False,False,500257,151742,682,"[14, 267]","[268, 660]",447,2026-08-11T13:41:26+09:00
237,2,yes,T20,primary,no,24.375,24.875,-0.5,False,False,500257,151742,682,"[14, 267]","[268, 660]",446,2026-08-11T13:41:26+09:00
237,2,yes,T24,primary,no,24.25,24.75,-0.5,False,False,500257,151742,682,"[14, 267]","[268, 660]",449,2026-08-11T13:41:27+09:00
237,2,yes,T0,primary,no,25.25,25.375,-0.125,False,False,500257,151742,682,"[14, 267]","[268, 660]",449,2026-08-11T13:41:27+09:00
237,2,yes,Trel8,primary,no,24.5,27.75,-3.25,False,False,500257,151742,682,"[14, 267]","[268, 660]",446,2026-08-11T13:41:28+09:00
561,2,yes,S,primary,yes,25.875,25.375,0.5,False,True,209755,52700,381,,,206,2026-08-11T13:41:28+09:00
561,2,yes,M,primary,yes,25.25,23.75,1.5,False,True,209755,52700,729,"[14, 360]","[361, 707]",480,2026-08-11T13:41:28+09:00
561,2,yes,T4,primary,yes,25.5,25.0,0.5,False,True,209755,52700,729,"[14, 360]","[361, 707]",480,2026-08-11T13:41:29+09:00
561,2,yes,T8,primary,yes,25.375,25.125,0.25,False,True,209755,52700,729,"[14, 360]","[361, 707]",482,2026-08-11T13:41:29+09:00
561,2,yes,T12,primary,yes,25.25,24.625,0.625,False,True,209755,52700,729,"[14, 360]","[361, 707]",482,2026-08-11T13:41:30+09:00
561,2,yes,T16,primary,yes,24.875,24.5,0.375,False,True,209755,52700,729,"[14, 360]","[361, 707]",481,2026-08-11T13:41:30+09:00
561,2,yes,T20,primary,yes,25.25,24.625,0.625,False,True,209755,52700,729,"[14, 360]","[361, 707]",480,2026-08-11T13:41:31+09:00
561,2,yes,T24,primary,yes,25.375,23.75,1.625,False,True,209755,52700,729,"[14, 360]","[361, 707]",481,2026-08-11T13:41:31+09:00
561,2,yes,T0,primary,yes,25.75,25.0,0.75,False,True,209755,52700,729,"[14, 360]","[361, 707]",483,2026-08-11T13:41:32+09:00
561,2,yes,Trel8,primary,no,24.5,28.625,-4.125,False,False,209755,52700,729,"[14, 360]","[361, 707]",482,2026-08-11T13:41:32+09:00
715,2,yes,S,primary,no,25.0,25.125,-0.125,False,False,226097,72656,381,,,206,2026-08-11T13:41:33+09:00
715,2,yes,M,primary,no,24.125,25.25,-1.125,False,False,226097,72656,636,"[14, 360]","[361, 614]",389,2026-08-11T13:41:33+09:00
715,2,yes,T4,primary,no,24.75,24.875,-0.125,False,False,226097,72656,636,"[14, 360]","[361, 614]",390,2026-08-11T13:41:33+09:00
715,2,yes,T8,primary,no,24.625,24.75,-0.125,False,False,226097,72656,636,"[14, 360]","[361, 614]",391,2026-08-11T13:41:34+09:00
715,2,yes,T12,primary,no,24.25,24.625,-0.375,False,False,226097,72656,636,"[14, 360]","[361, 614]",391,2026-08-11T13:41:34+09:00
715,2,yes,T16,primary,no,24.0,24.625,-0.625,False,False,226097,72656,636,"[14, 360]","[361, 614]",391,2026-08-11T13:41:34+09:00
715,2,yes,T20,primary,no,24.125,24.75,-0.625,False,False,226097,72656,636,"[14, 360]","[361, 614]",391,2026-08-11T13:41:35+09:00
715,2,yes,T24,primary,no,24.25,25.25,-1.0,False,False,226097,72656,636,"[14, 360]","[361, 614]",390,2026-08-11T13:41:35+09:00
715,2,yes,T0,primary,no,24.75,24.875,-0.125,False,False,226097,72656,636,"[14, 360]","[361, 614]",392,2026-08-11T13:41:36+09:00
715,2,yes,Trel8,primary,no,24.875,25.625,-0.75,False,False,226097,72656,636,"[14, 360]","[361, 614]",392,2026-08-11T13:41:36+09:00
485,2,yes,S,primary,yes,26.125,25.125,1.0,False,True,318204,476109,427,,,249,2026-08-11T13:41:36+09:00
485,2,yes,M,primary,no,24.875,26.0,-1.125,False,False,318204,476109,775,"[14, 406]","[407, 753]",526,2026-08-11T13:41:37+09:00
485,2,yes,T4,primary,yes,25.25,25.0,0.25,False,True,318204,476109,775,"[14, 406]","[407, 753]",526,2026-08-11T13:41:37+09:00
485,2,yes,T8,primary,no,25.0,25.0,0.0,True,False,318204,476109,775,"[14, 406]","[407, 753]",530,2026-08-11T13:41:38+09:00
485,2,yes,T12,primary,no,25.0,25.0,0.0,True,False,318204,476109,775,"[14, 406]","[407, 753]",528,2026-08-11T13:41:38+09:00
485,2,yes,T16,primary,no,24.75,25.375,-0.625,False,False,318204,476109,775,"[14, 406]","[407, 753]",529,2026-08-11T13:41:39+09:00
485,2,yes,T20,primary,no,24.75,25.375,-0.625,False,False,318204,476109,775,"[14, 406]","[407, 753]",525,2026-08-11T13:41:40+09:00
485,2,yes,T24,primary,no,25.0,26.0,-1.0,False,False,318204,476109,775,"[14, 406]","[407, 753]",525,2026-08-11T13:41:40+09:00
485,2,yes,T0,primary,yes,25.25,24.875,0.375,False,True,318204,476109,775,"[14, 406]","[407, 753]",529,2026-08-11T13:41:41+09:00
485,2,yes,Trel8,primary,no,25.0,28.625,-3.625,False,False,318204,476109,775,"[14, 406]","[407, 753]",529,2026-08-11T13:41:41+09:00
1585,2,yes,M,primary,no,24.5,25.75,-1.25,False,False,198312,142879,821,"[14, 406]","[407, 799]",575,2026-08-11T13:41:42+09:00
1585,2,yes,T4,primary,no,25.125,25.125,0.0,True,False,198312,142879,821,"[14, 406]","[407, 799]",575,2026-08-11T13:41:42+09:00
1585,2,yes,T8,primary,no,24.75,25.0,-0.25,False,False,198312,142879,821,"[14, 406]","[407, 799]",577,2026-08-11T13:41:43+09:00
1585,2,yes,T12,primary,no,24.875,25.125,-0.25,False,False,198312,142879,821,"[14, 406]","[407, 799]",578,2026-08-11T13:41:43+09:00
1585,2,yes,T16,primary,no,24.125,25.75,-1.625,False,False,198312,142879,821,"[14, 406]","[407, 799]",577,2026-08-11T13:41:44+09:00
1585,2,yes,T20,primary,no,24.625,26.25,-1.625,False,False,198312,142879,821,"[14, 406]","[407, 799]",578,2026-08-11T13:41:45+09:00
1585,2,yes,T24,primary,no,24.625,25.875,-1.25,False,False,198312,142879,821,"[14, 406]","[407, 799]",579,2026-08-11T13:41:45+09:00
1585,2,yes,T0,primary,no,24.875,24.875,0.0,True,False,198312,142879,821,"[14, 406]","[407, 799]",579,2026-08-11T13:41:46+09:00
1585,2,yes,Trel8,primary,no,24.875,24.875,0.0,True,False,198312,142879,821,"[14, 406]","[407, 799]",578,2026-08-11T13:41:46+09:00
275,2,yes,S,primary,yes,27.0,24.75,2.25,False,True,205729,343524,428,,,249,2026-08-11T13:41:47+09:00
275,2,yes,M,primary,yes,26.375,24.625,1.75,False,True,205729,343524,799,"[14, 406]","[407, 776]",540,2026-08-11T13:41:47+09:00
275,2,yes,T4,primary,yes,26.625,24.625,2.0,False,True,205729,343524,799,"[14, 406]","[407, 776]",543,2026-08-11T13:41:48+09:00
275,2,yes,T8,primary,yes,26.375,24.625,1.75,False,True,205729,343524,799,"[14, 406]","[407, 776]",543,2026-08-11T13:41:48+09:00
275,2,yes,T12,primary,yes,26.5,24.75,1.75,False,True,205729,343524,799,"[14, 406]","[407, 776]",540,2026-08-11T13:41:49+09:00
275,2,yes,T16,primary,yes,26.125,24.625,1.5,False,True,205729,343524,799,"[14, 406]","[407, 776]",540,2026-08-11T13:41:49+09:00
275,2,yes,T20,primary,yes,26.0,24.375,1.625,False,True,205729,343524,799,"[14, 406]","[407, 776]",542,2026-08-11T13:41:50+09:00
275,2,yes,T24,primary,yes,26.625,24.625,2.0,False,True,205729,343524,799,"[14, 406]","[407, 776]",544,2026-08-11T13:41:50+09:00
275,2,yes,T0,primary,yes,26.5,24.625,1.875,False,True,205729,343524,799,"[14, 406]","[407, 776]",541,2026-08-11T13:41:51+09:00
275,2,yes,Trel8,primary,no,24.875,30.0,-5.125,False,False,205729,343524,799,"[14, 406]","[407, 776]",540,2026-08-11T13:41:52+09:00
2123,2,yes,M,primary,yes,29.125,25.25,3.875,False,True,467887,214919,821,"[14, 406]","[407, 799]",575,2026-08-11T13:41:52+09:00
2123,2,yes,T4,primary,yes,27.75,25.125,2.625,False,True,467887,214919,821,"[14, 406]","[407, 799]",576,2026-08-11T13:41:53+09:00
2123,2,yes,T8,primary,yes,27.625,25.0,2.625,False,True,467887,214919,821,"[14, 406]","[407, 799]",578,2026-08-11T13:41:53+09:00
2123,2,yes,T12,primary,yes,27.5,25.0,2.5,False,True,467887,214919,821,"[14, 406]","[407, 799]",580,2026-08-11T13:41:54+09:00
2123,2,yes,T16,primary,yes,27.375,25.0,2.375,False,True,467887,214919,821,"[14, 406]","[407, 799]",579,2026-08-11T13:41:54+09:00
2123,2,yes,T20,primary,yes,28.625,25.25,3.375,False,True,467887,214919,821,"[14, 406]","[407, 799]",579,2026-08-11T13:41:55+09:00
2123,2,yes,T24,primary,yes,29.5,25.375,4.125,False,True,467887,214919,821,"[14, 406]","[407, 799]",579,2026-08-11T13:41:56+09:00
2123,2,yes,T0,primary,yes,27.75,25.0,2.75,False,True,467887,214919,821,"[14, 406]","[407, 799]",579,2026-08-11T13:41:56+09:00
2123,2,yes,Trel8,primary,no,25.5,29.0,-3.5,False,False,467887,214919,821,"[14, 406]","[407, 799]",580,2026-08-11T13:41:57+09:00
1853,2,yes,S,primary,no,25.0,30.125,-5.125,False,False,286342,451234,381,,,206,2026-08-11T13:41:57+09:00
1853,2,yes,M,primary,no,25.0,30.875,-5.875,False,False,286342,451234,775,"[14, 360]","[361, 753]",526,2026-08-11T13:41:58+09:00
1853,2,yes,T4,primary,no,25.375,28.625,-3.25,False,False,286342,451234,775,"[14, 360]","[361, 753]",527,2026-08-11T13:41:58+09:00
1853,2,yes,T8,primary,no,25.25,29.0,-3.75,False,False,286342,451234,775,"[14, 360]","[361, 753]",528,2026-08-11T13:41:59+09:00
1853,2,yes,T12,primary,no,25.125,29.0,-3.875,False,False,286342,451234,775,"[14, 360]","[361, 753]",529,2026-08-11T13:41:59+09:00
1853,2,yes,T16,primary,no,25.125,29.875,-4.75,False,False,286342,451234,775,"[14, 360]","[361, 753]",527,2026-08-11T13:42:00+09:00
1853,2,yes,T20,primary,no,25.375,30.25,-4.875,False,False,286342,451234,775,"[14, 360]","[361, 753]",525,2026-08-11T13:42:00+09:00
1853,2,yes,T24,primary,no,25.375,31.25,-5.875,False,False,286342,451234,775,"[14, 360]","[361, 753]",528,2026-08-11T13:42:01+09:00
1853,2,yes,T0,primary,no,25.25,28.75,-3.5,False,False,286342,451234,775,"[14, 360]","[361, 753]",527,2026-08-11T13:42:01+09:00
1853,2,yes,Trel8,primary,no,24.75,28.75,-4.0,False,False,286342,451234,775,"[14, 360]","[361, 753]",529,2026-08-11T13:42:02+09:00
2371,2,yes,M,primary,no,24.875,25.25,-0.375,False,False,325347,279138,683,"[14, 314]","[315, 661]",445,2026-08-11T13:42:02+09:00
2371,2,yes,T4,primary,yes,25.375,24.75,0.625,False,True,325347,279138,683,"[14, 314]","[315, 661]",446,2026-08-11T13:42:03+09:00
2371,2,yes,T8,primary,yes,25.125,24.625,0.5,False,True,325347,279138,683,"[14, 314]","[315, 661]",447,2026-08-11T13:42:03+09:00
2371,2,yes,T12,primary,yes,25.25,24.75,0.5,False,True,325347,279138,683,"[14, 314]","[315, 661]",448,2026-08-11T13:42:04+09:00
2371,2,yes,T16,primary,no,24.5,24.5,0.0,True,False,325347,279138,683,"[14, 314]","[315, 661]",448,2026-08-11T13:42:04+09:00
2371,2,yes,T20,primary,no,24.625,24.625,0.0,True,False,325347,279138,683,"[14, 314]","[315, 661]",446,2026-08-11T13:42:05+09:00
2371,2,yes,T24,primary,no,25.0,25.375,-0.375,False,False,325347,279138,683,"[14, 314]","[315, 661]",446,2026-08-11T13:42:05+09:00
2371,2,yes,T0,primary,yes,25.25,24.625,0.625,False,True,325347,279138,683,"[14, 314]","[315, 661]",447,2026-08-11T13:42:05+09:00
2371,2,yes,Trel8,primary,no,24.5,26.75,-2.25,False,False,325347,279138,683,"[14, 314]","[315, 661]",448,2026-08-11T13:42:06+09:00
1877,2,yes,M,primary,yes,24.5,23.625,0.875,False,True,147165,215244,664,"[14, 249]","[250, 642]",431,2026-08-11T13:42:06+09:00
1877,2,yes,T4,primary,yes,25.375,24.75,0.625,False,True,147165,215244,664,"[14, 249]","[250, 642]",432,2026-08-11T13:42:07+09:00
1877,2,yes,T8,primary,yes,25.125,24.5,0.625,False,True,147165,215244,664,"[14, 249]","[250, 642]",433,2026-08-11T13:42:07+09:00
1877,2,yes,T12,primary,yes,25.375,24.375,1.0,False,True,147165,215244,664,"[14, 249]","[250, 642]",435,2026-08-11T13:42:08+09:00
1877,2,yes,T16,primary,yes,24.75,23.875,0.875,False,True,147165,215244,664,"[14, 249]","[250, 642]",435,2026-08-11T13:42:08+09:00
1877,2,yes,T20,primary,yes,24.625,23.625,1.0,False,True,147165,215244,664,"[14, 249]","[250, 642]",435,2026-08-11T13:42:09+09:00
1877,2,yes,T24,primary,yes,24.5,23.625,0.875,False,True,147165,215244,664,"[14, 249]","[250, 642]",433,2026-08-11T13:42:09+09:00
1877,2,yes,T0,primary,yes,25.375,24.75,0.625,False,True,147165,215244,664,"[14, 249]","[250, 642]",432,2026-08-11T13:42:09+09:00
1877,2,yes,Trel8,primary,no,24.75,25.5,-0.75,False,False,147165,215244,664,"[14, 249]","[250, 642]",434,2026-08-11T13:42:10+09:00
2803,2,yes,S,primary,yes,27.125,24.75,2.375,False,True,575355,479011,427,,,249,2026-08-11T13:42:10+09:00
2803,2,yes,M,primary,yes,26.625,24.875,1.75,False,True,575355,479011,821,"[14, 406]","[407, 799]",575,2026-08-11T13:42:11+09:00
2803,2,yes,T4,primary,yes,26.625,24.875,1.75,False,True,575355,479011,821,"[14, 406]","[407, 799]",576,2026-08-11T13:42:11+09:00
2803,2,yes,T8,primary,yes,26.375,24.75,1.625,False,True,575355,479011,821,"[14, 406]","[407, 799]",578,2026-08-11T13:42:12+09:00
2803,2,yes,T12,primary,yes,26.5,24.875,1.625,False,True,575355,479011,821,"[14, 406]","[407, 799]",579,2026-08-11T13:42:12+09:00
2803,2,yes,T16,primary,yes,25.875,24.625,1.25,False,True,575355,479011,821,"[14, 406]","[407, 799]",578,2026-08-11T13:42:13+09:00
2803,2,yes,T20,primary,yes,26.25,24.875,1.375,False,True,575355,479011,821,"[14, 406]","[407, 799]",576,2026-08-11T13:42:14+09:00
2803,2,yes,T24,primary,yes,26.875,25.0,1.875,False,True,575355,479011,821,"[14, 406]","[407, 799]",576,2026-08-11T13:42:14+09:00
2803,2,yes,T0,primary,yes,26.375,24.625,1.75,False,True,575355,479011,821,"[14, 406]","[407, 799]",581,2026-08-11T13:42:15+09:00
2803,2,yes,Trel8,primary,no,25.25,26.375,-1.125,False,False,575355,479011,821,"[14, 406]","[407, 799]",579,2026-08-11T13:42:15+09:00
505,2,yes,S,primary,yes,26.125,25.25,0.875,False,True,148766,207306,427,,,249,2026-08-11T13:42:16+09:00
505,2,yes,M,primary,yes,25.5,24.75,0.75,False,True,148766,207306,664,"[14, 406]","[407, 642]",432,2026-08-11T13:42:16+09:00
505,2,yes,T4,primary,yes,26.0,25.125,0.875,False,True,148766,207306,664,"[14, 406]","[407, 642]",433,2026-08-11T13:42:17+09:00
505,2,yes,T8,primary,yes,25.75,25.125,0.625,False,True,148766,207306,664,"[14, 406]","[407, 642]",435,2026-08-11T13:42:17+09:00
505,2,yes,T12,primary,yes,25.625,24.875,0.75,False,True,148766,207306,664,"[14, 406]","[407, 642]",434,2026-08-11T13:42:17+09:00
505,2,yes,T16,primary,yes,25.25,24.875,0.375,False,True,148766,207306,664,"[14, 406]","[407, 642]",433,2026-08-11T13:42:18+09:00
505,2,yes,T20,primary,yes,25.25,25.125,0.125,False,True,148766,207306,664,"[14, 406]","[407, 642]",432,2026-08-11T13:42:18+09:00
505,2,yes,T24,primary,yes,25.625,24.875,0.75,False,True,148766,207306,664,"[14, 406]","[407, 642]",433,2026-08-11T13:42:19+09:00
505,2,yes,T0,primary,yes,25.75,25.125,0.625,False,True,148766,207306,664,"[14, 406]","[407, 642]",435,2026-08-11T13:42:19+09:00
505,2,yes,Trel8,primary,no,24.625,27.5,-2.875,False,False,148766,207306,664,"[14, 406]","[407, 642]",435,2026-08-11T13:42:20+09:00
1335,2,yes,S,primary,no,24.375,27.5,-3.125,False,False,299074,506178,428,,,249,2026-08-11T13:42:20+09:00
1335,2,yes,M,primary,no,23.125,27.5,-4.375,False,False,299074,506178,665,"[14, 406]","[407, 642]",432,2026-08-11T13:42:20+09:00
1335,2,yes,T4,primary,no,24.75,27.125,-2.375,False,False,299074,506178,665,"[14, 406]","[407, 642]",434,2026-08-11T13:42:21+09:00
1335,2,yes,T8,primary,no,24.5,27.25,-2.75,False,False,299074,506178,665,"[14, 406]","[407, 642]",436,2026-08-11T13:42:21+09:00
1335,2,yes,T12,primary,no,24.25,27.25,-3.0,False,False,299074,506178,665,"[14, 406]","[407, 642]",435,2026-08-11T13:42:22+09:00
1335,2,yes,T16,primary,no,23.875,27.25,-3.375,False,False,299074,506178,665,"[14, 406]","[407, 642]",436,2026-08-11T13:42:22+09:00
1335,2,yes,T20,primary,no,23.75,27.625,-3.875,False,False,299074,506178,665,"[14, 406]","[407, 642]",433,2026-08-11T13:42:22+09:00
1335,2,yes,T24,primary,no,23.25,27.875,-4.625,False,False,299074,506178,665,"[14, 406]","[407, 642]",433,2026-08-11T13:42:23+09:00
1335,2,yes,T0,primary,no,24.375,27.125,-2.75,False,False,299074,506178,665,"[14, 406]","[407, 642]",435,2026-08-11T13:42:23+09:00
1335,2,yes,Trel8,primary,no,24.125,26.875,-2.75,False,False,299074,506178,665,"[14, 406]","[407, 642]",436,2026-08-11T13:42:24+09:00
1709,2,yes,S,primary,yes,25.75,25.5,0.25,False,True,301575,484842,473,,,268,2026-08-11T13:42:24+09:00
1709,2,yes,M,primary,yes,25.625,25.375,0.25,False,True,301575,484842,821,"[14, 452]","[453, 799]",567,2026-08-11T13:42:25+09:00
1709,2,yes,T4,primary,yes,25.625,25.25,0.375,False,True,301575,484842,821,"[14, 452]","[453, 799]",568,2026-08-11T13:42:25+09:00
1709,2,yes,T8,primary,yes,25.625,25.375,0.25,False,True,301575,484842,821,"[14, 452]","[453, 799]",570,2026-08-11T13:42:26+09:00
1709,2,yes,T12,primary,yes,25.625,25.375,0.25,False,True,301575,484842,821,"[14, 452]","[453, 799]",570,2026-08-11T13:42:26+09:00
1709,2,yes,T16,primary,no,25.0,25.25,-0.25,False,False,301575,484842,821,"[14, 452]","[453, 799]",570,2026-08-11T13:42:27+09:00
1709,2,yes,T20,primary,yes,25.5,25.25,0.25,False,True,301575,484842,821,"[14, 452]","[453, 799]",570,2026-08-11T13:42:28+09:00
1709,2,yes,T24,primary,yes,25.625,25.375,0.25,False,True,301575,484842,821,"[14, 452]","[453, 799]",570,2026-08-11T13:42:28+09:00
1709,2,yes,T0,primary,yes,25.75,25.5,0.25,False,True,301575,484842,821,"[14, 452]","[453, 799]",571,2026-08-11T13:42:29+09:00
1709,2,yes,Trel8,primary,no,25.0,27.25,-2.25,False,False,301575,484842,821,"[14, 452]","[453, 799]",567,2026-08-11T13:42:29+09:00
189,2,yes,M,primary,yes,26.5,24.25,2.25,False,True,63953,255482,600,"[14, 231]","[232, 578]",357,2026-08-11T13:42:30+09:00
189,2,yes,T4,primary,yes,26.625,25.0,1.625,False,True,63953,255482,600,"[14, 231]","[232, 578]",357,2026-08-11T13:42:30+09:00
189,2,yes,T8,primary,yes,26.375,25.0,1.375,False,True,63953,255482,600,"[14, 231]","[232, 578]",357,2026-08-11T13:42:30+09:00
189,2,yes,T12,primary,yes,26.25,24.875,1.375,False,True,63953,255482,600,"[14, 231]","[232, 578]",359,2026-08-11T13:42:31+09:00
189,2,yes,T16,primary,yes,26.0,24.5,1.5,False,True,63953,255482,600,"[14, 231]","[232, 578]",359,2026-08-11T13:42:31+09:00
189,2,yes,T20,primary,yes,26.25,24.375,1.875,False,True,63953,255482,600,"[14, 231]","[232, 578]",357,2026-08-11T13:42:31+09:00
189,2,yes,T24,primary,yes,26.625,24.375,2.25,False,True,63953,255482,600,"[14, 231]","[232, 578]",357,2026-08-11T13:42:32+09:00
189,2,yes,T0,primary,yes,27.0,25.125,1.875,False,True,63953,255482,600,"[14, 231]","[232, 578]",358,2026-08-11T13:42:32+09:00
189,2,yes,Trel8,primary,no,24.875,29.375,-4.5,False,False,63953,255482,600,"[14, 231]","[232, 578]",360,2026-08-11T13:42:33+09:00
1999,2,yes,S,primary,yes,27.375,25.125,2.25,False,True,308907,180830,253,,,122,2026-08-11T13:42:33+09:00
1999,2,yes,M,primary,yes,28.125,25.375,2.75,False,True,308907,180830,785,"[14, 231]","[232, 762]",528,2026-08-11T13:42:33+09:00
1999,2,yes,T4,primary,yes,27.5,25.625,1.875,False,True,308907,180830,785,"[14, 231]","[232, 762]",527,2026-08-11T13:42:34+09:00
1999,2,yes,T8,primary,yes,27.125,25.375,1.75,False,True,308907,180830,785,"[14, 231]","[232, 762]",532,2026-08-11T13:42:34+09:00
1999,2,yes,T12,primary,yes,27.0,25.25,1.75,False,True,308907,180830,785,"[14, 231]","[232, 762]",532,2026-08-11T13:42:35+09:00
1999,2,yes,T16,primary,yes,27.125,25.125,2.0,False,True,308907,180830,785,"[14, 231]","[232, 762]",530,2026-08-11T13:42:35+09:00
1999,2,yes,T20,primary,yes,27.75,25.375,2.375,False,True,308907,180830,785,"[14, 231]","[232, 762]",530,2026-08-11T13:42:36+09:00
1999,2,yes,T24,primary,yes,28.125,25.375,2.75,False,True,308907,180830,785,"[14, 231]","[232, 762]",527,2026-08-11T13:42:36+09:00
1999,2,yes,T0,primary,yes,27.25,25.5,1.75,False,True,308907,180830,785,"[14, 231]","[232, 762]",531,2026-08-11T13:42:37+09:00
1999,2,yes,Trel8,primary,no,25.5,28.25,-2.75,False,False,308907,180830,785,"[14, 231]","[232, 762]",530,2026-08-11T13:42:37+09:00
2403,2,yes,M,primary,no,24.75,26.0,-1.25,False,False,328301,182785,729,"[14, 360]","[361, 707]",480,2026-08-11T13:42:38+09:00
2403,2,yes,T4,primary,no,25.25,26.125,-0.875,False,False,328301,182785,729,"[14, 360]","[361, 707]",480,2026-08-11T13:42:38+09:00
2403,2,yes,T8,primary,no,25.125,26.125,-1.0,False,False,328301,182785,729,"[14, 360]","[361, 707]",482,2026-08-11T13:42:39+09:00
2403,2,yes,T12,primary,no,25.125,26.125,-1.0,False,False,328301,182785,729,"[14, 360]","[361, 707]",483,2026-08-11T13:42:39+09:00
2403,2,yes,T16,primary,no,24.75,26.0,-1.25,False,False,328301,182785,729,"[14, 360]","[361, 707]",483,2026-08-11T13:42:40+09:00
2403,2,yes,T20,primary,no,24.75,26.0,-1.25,False,False,328301,182785,729,"[14, 360]","[361, 707]",482,2026-08-11T13:42:40+09:00
2403,2,yes,T24,primary,no,24.875,26.125,-1.25,False,False,328301,182785,729,"[14, 360]","[361, 707]",481,2026-08-11T13:42:41+09:00
2403,2,yes,T0,primary,no,25.125,26.0,-0.875,False,False,328301,182785,729,"[14, 360]","[361, 707]",482,2026-08-11T13:42:41+09:00
2403,2,yes,Trel8,primary,no,24.375,28.25,-3.875,False,False,328301,182785,729,"[14, 360]","[361, 707]",483,2026-08-11T13:42:42+09:00
2085,2,yes,S,primary,yes,29.125,25.25,3.875,False,True,433574,120356,427,,,250,2026-08-11T13:42:42+09:00
2085,2,yes,M,primary,yes,26.25,25.0,1.25,False,True,433574,120356,821,"[14, 406]","[407, 799]",575,2026-08-11T13:42:43+09:00
2085,2,yes,T4,primary,yes,26.5,25.25,1.25,False,True,433574,120356,821,"[14, 406]","[407, 799]",578,2026-08-11T13:42:43+09:00
2085,2,yes,T8,primary,yes,26.25,25.125,1.125,False,True,433574,120356,821,"[14, 406]","[407, 799]",580,2026-08-11T13:42:44+09:00
2085,2,yes,T12,primary,yes,26.125,25.0,1.125,False,True,433574,120356,821,"[14, 406]","[407, 799]",579,2026-08-11T13:42:44+09:00
2085,2,yes,T16,primary,yes,26.0,25.0,1.0,False,True,433574,120356,821,"[14, 406]","[407, 799]",575,2026-08-11T13:42:45+09:00
2085,2,yes,T20,primary,yes,26.125,24.875,1.25,False,True,433574,120356,821,"[14, 406]","[407, 799]",575,2026-08-11T13:42:46+09:00
2085,2,yes,T24,primary,yes,26.625,25.375,1.25,False,True,433574,120356,821,"[14, 406]","[407, 799]",578,2026-08-11T13:42:46+09:00
2085,2,yes,T0,primary,yes,27.0,25.125,1.875,False,True,433574,120356,821,"[14, 406]","[407, 799]",578,2026-08-11T13:42:47+09:00
2085,2,yes,Trel8,primary,no,25.25,27.875,-2.625,False,False,433574,120356,821,"[14, 406]","[407, 799]",578,2026-08-11T13:42:47+09:00
1505,2,yes,S,primary,yes,25.875,25.0,0.875,False,True,384040,206147,404,,,226,2026-08-11T13:42:48+09:00
1505,2,yes,M,primary,yes,24.625,24.375,0.25,False,True,384040,206147,641,"[14, 383]","[384, 619]",413,2026-08-11T13:42:48+09:00
1505,2,yes,T4,primary,yes,25.75,24.875,0.875,False,True,384040,206147,641,"[14, 383]","[384, 619]",414,2026-08-11T13:42:48+09:00
1505,2,yes,T8,primary,yes,25.625,24.75,0.875,False,True,384040,206147,641,"[14, 383]","[384, 619]",415,2026-08-11T13:42:49+09:00
1505,2,yes,T12,primary,yes,25.5,24.75,0.75,False,True,384040,206147,641,"[14, 383]","[384, 619]",413,2026-08-11T13:42:49+09:00
1505,2,yes,T16,primary,yes,25.0,24.5,0.5,False,True,384040,206147,641,"[14, 383]","[384, 619]",413,2026-08-11T13:42:50+09:00
1505,2,yes,T20,primary,yes,24.625,24.375,0.25,False,True,384040,206147,641,"[14, 383]","[384, 619]",412,2026-08-11T13:42:50+09:00
1505,2,yes,T24,primary,yes,24.5,24.25,0.25,False,True,384040,206147,641,"[14, 383]","[384, 619]",415,2026-08-11T13:42:51+09:00
1505,2,yes,T0,primary,yes,25.75,24.75,1.0,False,True,384040,206147,641,"[14, 383]","[384, 619]",414,2026-08-11T13:42:51+09:00
1505,2,yes,Trel8,primary,no,25.0,28.75,-3.75,False,False,384040,206147,641,"[14, 383]","[384, 619]",415,2026-08-11T13:42:51+09:00
335,2,yes,S,primary,yes,28.5,25.0,3.5,False,True,217397,261185,427,,,249,2026-08-11T13:42:52+09:00
335,2,yes,M,primary,yes,25.625,23.75,1.875,False,True,217397,261185,664,"[14, 406]","[407, 642]",432,2026-08-11T13:42:52+09:00
335,2,yes,T4,primary,yes,27.75,24.875,2.875,False,True,217397,261185,664,"[14, 406]","[407, 642]",433,2026-08-11T13:42:53+09:00
335,2,yes,T8,primary,yes,27.375,24.625,2.75,False,True,217397,261185,664,"[14, 406]","[407, 642]",434,2026-08-11T13:42:53+09:00
335,2,yes,T12,primary,yes,27.125,24.5,2.625,False,True,217397,261185,664,"[14, 406]","[407, 642]",434,2026-08-11T13:42:53+09:00
335,2,yes,T16,primary,yes,26.625,24.0,2.625,False,True,217397,261185,664,"[14, 406]","[407, 642]",433,2026-08-11T13:42:54+09:00
335,2,yes,T20,primary,yes,26.25,23.625,2.625,False,True,217397,261185,664,"[14, 406]","[407, 642]",432,2026-08-11T13:42:54+09:00
335,2,yes,T24,primary,yes,25.625,23.875,1.75,False,True,217397,261185,664,"[14, 406]","[407, 642]",432,2026-08-11T13:42:55+09:00
335,2,yes,T0,primary,yes,27.5,24.5,3.0,False,True,217397,261185,664,"[14, 406]","[407, 642]",435,2026-08-11T13:42:55+09:00
335,2,yes,Trel8,primary,no,24.625,26.375,-1.75,False,False,217397,261185,664,"[14, 406]","[407, 642]",435,2026-08-11T13:42:56+09:00
2573,2,yes,S,primary,yes,25.875,25.125,0.75,False,True,52689,149005,382,,,207,2026-08-11T13:42:56+09:00
2573,2,yes,M,primary,yes,26.125,24.875,1.25,False,True,52689,149005,730,"[14, 360]","[361, 707]",481,2026-08-11T13:42:56+09:00
2573,2,yes,T4,primary,yes,25.625,25.25,0.375,False,True,52689,149005,730,"[14, 360]","[361, 707]",481,2026-08-11T13:42:57+09:00
2573,2,yes,T8,primary,yes,25.375,25.25,0.125,False,True,52689,149005,730,"[14, 360]","[361, 707]",483,2026-08-11T13:42:57+09:00
2573,2,yes,T12,primary,yes,25.5,25.25,0.25,False,True,52689,149005,730,"[14, 360]","[361, 707]",482,2026-08-11T13:42:58+09:00
2573,2,yes,T16,primary,yes,25.0,24.75,0.25,False,True,52689,149005,730,"[14, 360]","[361, 707]",483,2026-08-11T13:42:58+09:00
2573,2,yes,T20,primary,yes,25.75,24.75,1.0,False,True,52689,149005,730,"[14, 360]","[361, 707]",480,2026-08-11T13:42:59+09:00
2573,2,yes,T24,primary,yes,26.25,25.0,1.25,False,True,52689,149005,730,"[14, 360]","[361, 707]",480,2026-08-11T13:42:59+09:00
2573,2,yes,T0,primary,yes,25.375,25.125,0.25,False,True,52689,149005,730,"[14, 360]","[361, 707]",482,2026-08-11T13:43:00+09:00
2573,2,yes,Trel8,primary,no,25.375,28.125,-2.75,False,False,52689,149005,730,"[14, 360]","[361, 707]",482,2026-08-11T13:43:00+09:00
137,2,yes,S,primary,yes,28.75,24.625,4.125,False,True,516916,147958,427,,,250,2026-08-11T13:43:01+09:00
137,2,yes,M,primary,yes,28.875,24.875,4.0,False,True,516916,147958,775,"[14, 406]","[407, 753]",525,2026-08-11T13:43:01+09:00
137,2,yes,T4,primary,yes,27.5,25.25,2.25,False,True,516916,147958,775,"[14, 406]","[407, 753]",526,2026-08-11T13:43:02+09:00
137,2,yes,T8,primary,yes,27.375,25.25,2.125,False,True,516916,147958,775,"[14, 406]","[407, 753]",531,2026-08-11T13:43:02+09:00
137,2,yes,T12,primary,yes,27.125,25.0,2.125,False,True,516916,147958,775,"[14, 406]","[407, 753]",528,2026-08-11T13:43:03+09:00
137,2,yes,T16,primary,yes,27.125,25.0,2.125,False,True,516916,147958,775,"[14, 406]","[407, 753]",526,2026-08-11T13:43:03+09:00
137,2,yes,T20,primary,yes,28.375,25.0,3.375,False,True,516916,147958,775,"[14, 406]","[407, 753]",526,2026-08-11T13:43:04+09:00
137,2,yes,T24,primary,yes,29.125,24.875,4.25,False,True,516916,147958,775,"[14, 406]","[407, 753]",527,2026-08-11T13:43:04+09:00
137,2,yes,T0,primary,yes,27.5,25.125,2.375,False,True,516916,147958,775,"[14, 406]","[407, 753]",530,2026-08-11T13:43:05+09:00
137,2,yes,Trel8,primary,no,25.0,28.25,-3.25,False,False,516916,147958,775,"[14, 406]","[407, 753]",528,2026-08-11T13:43:05+09:00
229,2,yes,S,primary,no,25.25,26.25,-1.0,False,False,31773,431746,427,,,249,2026-08-11T13:43:06+09:00
229,2,yes,M,primary,no,24.875,26.75,-1.875,False,False,31773,431746,821,"[14, 406]","[407, 799]",571,2026-08-11T13:43:06+09:00
229,2,yes,T4,primary,no,25.25,25.625,-0.375,False,False,31773,431746,821,"[14, 406]","[407, 799]",576,2026-08-11T13:43:07+09:00
229,2,yes,T8,primary,no,25.25,26.0,-0.75,False,False,31773,431746,821,"[14, 406]","[407, 799]",577,2026-08-11T13:43:07+09:00
229,2,yes,T12,primary,no,25.125,25.625,-0.5,False,False,31773,431746,821,"[14, 406]","[407, 799]",573,2026-08-11T13:43:08+09:00
229,2,yes,T16,primary,no,24.75,25.875,-1.125,False,False,31773,431746,821,"[14, 406]","[407, 799]",576,2026-08-11T13:43:08+09:00
229,2,yes,T20,primary,no,24.875,26.5,-1.625,False,False,31773,431746,821,"[14, 406]","[407, 799]",578,2026-08-11T13:43:09+09:00
229,2,yes,T24,primary,no,25.0,26.875,-1.875,False,False,31773,431746,821,"[14, 406]","[407, 799]",578,2026-08-11T13:43:10+09:00
229,2,yes,T0,primary,no,25.125,25.375,-0.25,False,False,31773,431746,821,"[14, 406]","[407, 799]",575,2026-08-11T13:43:10+09:00
229,2,yes,Trel8,primary,no,25.0,27.0,-2.0,False,False,31773,431746,821,"[14, 406]","[407, 799]",574,2026-08-11T13:43:11+09:00
1651,2,yes,S,primary,yes,28.0,25.0,3.0,False,True,199122,178807,382,,,205,2026-08-11T13:43:11+09:00
1651,2,yes,M,primary,yes,28.25,25.25,3.0,False,True,199122,178807,776,"[14, 360]","[361, 753]",523,2026-08-11T13:43:12+09:00
1651,2,yes,T4,primary,yes,27.375,25.0,2.375,False,True,199122,178807,776,"[14, 360]","[361, 753]",525,2026-08-11T13:43:12+09:00
1651,2,yes,T8,primary,yes,27.375,24.875,2.5,False,True,199122,178807,776,"[14, 360]","[361, 753]",525,2026-08-11T13:43:13+09:00
1651,2,yes,T12,primary,yes,27.25,24.875,2.375,False,True,199122,178807,776,"[14, 360]","[361, 753]",526,2026-08-11T13:43:13+09:00
1651,2,yes,T16,primary,yes,27.125,24.75,2.375,False,True,199122,178807,776,"[14, 360]","[361, 753]",525,2026-08-11T13:43:14+09:00
1651,2,yes,T20,primary,yes,28.0,25.125,2.875,False,True,199122,178807,776,"[14, 360]","[361, 753]",525,2026-08-11T13:43:14+09:00
1651,2,yes,T24,primary,yes,28.5,25.25,3.25,False,True,199122,178807,776,"[14, 360]","[361, 753]",525,2026-08-11T13:43:15+09:00
1651,2,yes,T0,primary,yes,27.25,24.75,2.5,False,True,199122,178807,776,"[14, 360]","[361, 753]",527,2026-08-11T13:43:15+09:00
1651,2,yes,Trel8,primary,no,25.125,29.625,-4.5,False,False,199122,178807,776,"[14, 360]","[361, 753]",527,2026-08-11T13:43:16+09:00
2681,2,yes,S,primary,yes,26.625,25.0,1.625,False,True,224155,116252,271,,,134,2026-08-11T13:43:16+09:00
2681,2,yes,M,primary,no,25.0,25.0,0.0,True,False,224155,116252,436,"[14, 249]","[250, 413]",260,2026-08-11T13:43:16+09:00
2681,2,yes,T4,primary,yes,26.125,25.25,0.875,False,True,224155,116252,436,"[14, 249]","[250, 413]",259,2026-08-11T13:43:16+09:00
2681,2,yes,T8,primary,yes,26.0,25.0,1.0,False,True,224155,116252,436,"[14, 249]","[250, 413]",259,2026-08-11T13:43:17+09:00
2681,2,yes,T12,primary,yes,26.0,24.875,1.125,False,True,224155,116252,436,"[14, 249]","[250, 413]",260,2026-08-11T13:43:17+09:00
2681,2,yes,T16,primary,yes,25.625,24.75,0.875,False,True,224155,116252,436,"[14, 249]","[250, 413]",261,2026-08-11T13:43:17+09:00
2681,2,yes,T20,primary,no,25.0,25.0,0.0,True,False,224155,116252,436,"[14, 249]","[250, 413]",261,2026-08-11T13:43:17+09:00
2681,2,yes,T24,primary,no,25.0,25.0,0.0,True,False,224155,116252,436,"[14, 249]","[250, 413]",261,2026-08-11T13:43:18+09:00
2681,2,yes,T0,primary,yes,26.25,25.125,1.125,False,True,224155,116252,436,"[14, 249]","[250, 413]",262,2026-08-11T13:43:18+09:00
2681,2,yes,Trel8,primary,no,24.75,25.125,-0.375,False,False,224155,116252,436,"[14, 249]","[250, 413]",261,2026-08-11T13:43:18+09:00
343,2,yes,M,primary,yes,25.75,25.625,0.125,False,True,54025,14880,776,"[14, 360]","[361, 753]",525,2026-08-11T13:43:19+09:00
343,2,yes,T4,primary,yes,25.75,25.625,0.125,False,True,54025,14880,776,"[14, 360]","[361, 753]",523,2026-08-11T13:43:19+09:00
343,2,yes,T8,primary,no,25.5,25.625,-0.125,False,False,54025,14880,776,"[14, 360]","[361, 753]",525,2026-08-11T13:43:20+09:00
343,2,yes,T12,primary,no,25.5,25.625,-0.125,False,False,54025,14880,776,"[14, 360]","[361, 753]",527,2026-08-11T13:43:20+09:00
343,2,yes,T16,primary,no,25.25,25.5,-0.25,False,False,54025,14880,776,"[14, 360]","[361, 753]",526,2026-08-11T13:43:21+09:00
343,2,yes,T20,primary,no,25.625,25.625,0.0,True,False,54025,14880,776,"[14, 360]","[361, 753]",524,2026-08-11T13:43:21+09:00
343,2,yes,T24,primary,yes,25.875,25.75,0.125,False,True,54025,14880,776,"[14, 360]","[361, 753]",524,2026-08-11T13:43:22+09:00
343,2,yes,T0,primary,yes,25.5,25.375,0.125,False,True,54025,14880,776,"[14, 360]","[361, 753]",527,2026-08-11T13:43:23+09:00
343,2,yes,Trel8,primary,no,25.125,27.375,-2.25,False,False,54025,14880,776,"[14, 360]","[361, 753]",527,2026-08-11T13:43:23+09:00
1839,2,yes,S,primary,yes,28.0,25.125,2.875,False,True,333756,31542,566,,,333,2026-08-11T13:43:23+09:00
1839,2,yes,M,primary,yes,28.25,25.5,2.75,False,True,333756,31542,845,"[14, 544]","[545, 822]",584,2026-08-11T13:43:24+09:00
1839,2,yes,T4,primary,yes,26.625,25.0,1.625,False,True,333756,31542,845,"[14, 544]","[545, 822]",585,2026-08-11T13:43:25+09:00
1839,2,yes,T8,primary,yes,26.625,24.875,1.75,False,True,333756,31542,845,"[14, 544]","[545, 822]",585,2026-08-11T13:43:25+09:00
1839,2,yes,T12,primary,yes,26.5,24.875,1.625,False,True,333756,31542,845,"[14, 544]","[545, 822]",587,2026-08-11T13:43:26+09:00
1839,2,yes,T16,primary,yes,25.875,24.75,1.125,False,True,333756,31542,845,"[14, 544]","[545, 822]",583,2026-08-11T13:43:26+09:00
1839,2,yes,T20,primary,yes,26.875,25.125,1.75,False,True,333756,31542,845,"[14, 544]","[545, 822]",585,2026-08-11T13:43:27+09:00
1839,2,yes,T24,primary,yes,28.625,25.75,2.875,False,True,333756,31542,845,"[14, 544]","[545, 822]",584,2026-08-11T13:43:28+09:00
1839,2,yes,T0,primary,yes,26.75,24.875,1.875,False,True,333756,31542,845,"[14, 544]","[545, 822]",587,2026-08-11T13:43:28+09:00
1839,2,yes,Trel8,primary,no,24.875,26.75,-1.875,False,False,333756,31542,845,"[14, 544]","[545, 822]",586,2026-08-11T13:43:29+09:00
917,2,yes,M,primary,yes,25.875,24.875,1.0,False,True,539251,312746,708,"[14, 337]","[338, 684]",458,2026-08-11T13:43:29+09:00
917,2,yes,T4,primary,yes,26.5,25.0,1.5,False,True,539251,312746,708,"[14, 337]","[338, 684]",458,2026-08-11T13:43:30+09:00
917,2,yes,T8,primary,yes,26.5,25.0,1.5,False,True,539251,312746,708,"[14, 337]","[338, 684]",458,2026-08-11T13:43:30+09:00
917,2,yes,T12,primary,yes,26.25,24.875,1.375,False,True,539251,312746,708,"[14, 337]","[338, 684]",458,2026-08-11T13:43:31+09:00
917,2,yes,T16,primary,yes,26.0,24.875,1.125,False,True,539251,312746,708,"[14, 337]","[338, 684]",458,2026-08-11T13:43:31+09:00
917,2,yes,T20,primary,yes,26.125,24.75,1.375,False,True,539251,312746,708,"[14, 337]","[338, 684]",461,2026-08-11T13:43:32+09:00
917,2,yes,T24,primary,yes,25.875,24.875,1.0,False,True,539251,312746,708,"[14, 337]","[338, 684]",459,2026-08-11T13:43:32+09:00
917,2,yes,T0,primary,yes,26.25,24.75,1.5,False,True,539251,312746,708,"[14, 337]","[338, 684]",460,2026-08-11T13:43:32+09:00
917,2,yes,Trel8,primary,no,24.875,27.625,-2.75,False,False,539251,312746,708,"[14, 337]","[338, 684]",458,2026-08-11T13:43:33+09:00
1993,2,yes,M,primary,yes,28.0,24.875,3.125,False,True,172648,403862,821,"[14, 406]","[407, 799]",573,2026-08-11T13:43:34+09:00
1993,2,yes,T4,primary,yes,25.75,24.625,1.125,False,True,172648,403862,821,"[14, 406]","[407, 799]",574,2026-08-11T13:43:34+09:00
1993,2,yes,T8,primary,yes,25.375,24.5,0.875,False,True,172648,403862,821,"[14, 406]","[407, 799]",577,2026-08-11T13:43:35+09:00
1993,2,yes,T12,primary,yes,25.5,24.5,1.0,False,True,172648,403862,821,"[14, 406]","[407, 799]",576,2026-08-11T13:43:35+09:00
1993,2,yes,T16,primary,yes,25.0,24.375,0.625,False,True,172648,403862,821,"[14, 406]","[407, 799]",576,2026-08-11T13:43:36+09:00
1993,2,yes,T20,primary,yes,26.125,24.5,1.625,False,True,172648,403862,821,"[14, 406]","[407, 799]",580,2026-08-11T13:43:36+09:00
1993,2,yes,T24,primary,yes,28.125,25.0,3.125,False,True,172648,403862,821,"[14, 406]","[407, 799]",579,2026-08-11T13:43:37+09:00
1993,2,yes,T0,primary,yes,26.25,24.625,1.625,False,True,172648,403862,821,"[14, 406]","[407, 799]",577,2026-08-11T13:43:38+09:00
1993,2,yes,Trel8,primary,no,24.75,26.0,-1.25,False,False,172648,403862,821,"[14, 406]","[407, 799]",574,2026-08-11T13:43:38+09:00
1375,2,yes,S,primary,yes,26.25,25.125,1.125,False,True,37900,73521,381,,,205,2026-08-11T13:43:38+09:00
1375,2,yes,M,primary,yes,24.125,23.875,0.25,False,True,37900,73521,618,"[14, 360]","[361, 596]",376,2026-08-11T13:43:39+09:00
1375,2,yes,T4,primary,yes,25.75,25.0,0.75,False,True,37900,73521,618,"[14, 360]","[361, 596]",378,2026-08-11T13:43:39+09:00
1375,2,yes,T8,primary,yes,25.75,24.75,1.0,False,True,37900,73521,618,"[14, 360]","[361, 596]",380,2026-08-11T13:43:40+09:00
1375,2,yes,T12,primary,yes,25.375,24.25,1.125,False,True,37900,73521,618,"[14, 360]","[361, 596]",380,2026-08-11T13:43:40+09:00
1375,2,yes,T16,primary,yes,24.75,23.625,1.125,False,True,37900,73521,618,"[14, 360]","[361, 596]",379,2026-08-11T13:43:40+09:00
1375,2,yes,T20,primary,yes,24.5,23.75,0.75,False,True,37900,73521,618,"[14, 360]","[361, 596]",381,2026-08-11T13:43:41+09:00
1375,2,yes,T24,primary,yes,24.125,23.75,0.375,False,True,37900,73521,618,"[14, 360]","[361, 596]",381,2026-08-11T13:43:41+09:00
1375,2,yes,T0,primary,yes,26.0,24.875,1.125,False,True,37900,73521,618,"[14, 360]","[361, 596]",381,2026-08-11T13:43:41+09:00
1375,2,yes,Trel8,primary,no,24.75,24.875,-0.125,False,False,37900,73521,618,"[14, 360]","[361, 596]",379,2026-08-11T13:43:42+09:00
1549,2,yes,S,primary,no,25.125,25.125,0.0,True,False,15338,193717,381,,,206,2026-08-11T13:43:42+09:00
1549,2,yes,M,primary,no,24.625,24.625,0.0,True,False,15338,193717,821,"[14, 360]","[361, 799]",567,2026-08-11T13:43:43+09:00
1549,2,yes,T4,primary,yes,25.125,24.875,0.25,False,True,15338,193717,821,"[14, 360]","[361, 799]",569,2026-08-11T13:43:43+09:00
1549,2,yes,T8,primary,yes,24.875,24.625,0.25,False,True,15338,193717,821,"[14, 360]","[361, 799]",570,2026-08-11T13:43:44+09:00
1549,2,yes,T12,primary,no,24.75,24.75,0.0,True,False,15338,193717,821,"[14, 360]","[361, 799]",568,2026-08-11T13:43:44+09:00
1549,2,yes,T16,primary,yes,24.625,24.5,0.125,False,True,15338,193717,821,"[14, 360]","[361, 799]",567,2026-08-11T13:43:45+09:00
1549,2,yes,T20,primary,no,24.5,24.5,0.0,True,False,15338,193717,821,"[14, 360]","[361, 799]",570,2026-08-11T13:43:46+09:00
1549,2,yes,T24,primary,no,24.375,24.375,0.0,True,False,15338,193717,821,"[14, 360]","[361, 799]",569,2026-08-11T13:43:46+09:00
1549,2,yes,T0,primary,yes,24.625,24.5,0.125,False,True,15338,193717,821,"[14, 360]","[361, 799]",567,2026-08-11T13:43:47+09:00
1549,2,yes,Trel8,primary,no,24.875,24.875,0.0,True,False,15338,193717,821,"[14, 360]","[361, 799]",567,2026-08-11T13:43:47+09:00
99,2,yes,M,primary,no,24.5,27.25,-2.75,False,False,482476,489207,729,"[14, 360]","[361, 707]",480,2026-08-11T13:43:48+09:00
99,2,yes,T4,primary,no,25.0,27.25,-2.25,False,False,482476,489207,729,"[14, 360]","[361, 707]",481,2026-08-11T13:43:48+09:00
99,2,yes,T8,primary,no,24.75,27.5,-2.75,False,False,482476,489207,729,"[14, 360]","[361, 707]",481,2026-08-11T13:43:49+09:00
99,2,yes,T12,primary,no,24.75,27.125,-2.375,False,False,482476,489207,729,"[14, 360]","[361, 707]",482,2026-08-11T13:43:49+09:00
99,2,yes,T16,primary,no,24.625,27.0,-2.375,False,False,482476,489207,729,"[14, 360]","[361, 707]",481,2026-08-11T13:43:50+09:00
99,2,yes,T20,primary,no,24.625,26.5,-1.875,False,False,482476,489207,729,"[14, 360]","[361, 707]",483,2026-08-11T13:43:50+09:00
99,2,yes,T24,primary,no,24.75,27.5,-2.75,False,False,482476,489207,729,"[14, 360]","[361, 707]",482,2026-08-11T13:43:51+09:00
99,2,yes,T0,primary,no,24.875,27.5,-2.625,False,False,482476,489207,729,"[14, 360]","[361, 707]",480,2026-08-11T13:43:51+09:00
99,2,yes,Trel8,primary,no,24.875,25.875,-1.0,False,False,482476,489207,729,"[14, 360]","[361, 707]",480,2026-08-11T13:43:52+09:00
2689,2,yes,M,primary,yes,26.625,24.625,2.0,False,True,265472,314125,664,"[14, 249]","[250, 642]",429,2026-08-11T13:43:52+09:00
2689,2,yes,T4,primary,yes,27.25,25.0,2.25,False,True,265472,314125,664,"[14, 249]","[250, 642]",430,2026-08-11T13:43:52+09:00
2689,2,yes,T8,primary,yes,27.0,24.875,2.125,False,True,265472,314125,664,"[14, 249]","[250, 642]",433,2026-08-11T13:43:53+09:00
2689,2,yes,T12,primary,yes,27.125,24.625,2.5,False,True,265472,314125,664,"[14, 249]","[250, 642]",433,2026-08-11T13:43:53+09:00
2689,2,yes,T16,primary,yes,26.5,24.5,2.0,False,True,265472,314125,664,"[14, 249]","[250, 642]",434,2026-08-11T13:43:54+09:00
2689,2,yes,T20,primary,yes,26.625,24.75,1.875,False,True,265472,314125,664,"[14, 249]","[250, 642]",435,2026-08-11T13:43:54+09:00
2689,2,yes,T24,primary,yes,26.875,24.75,2.125,False,True,265472,314125,664,"[14, 249]","[250, 642]",435,2026-08-11T13:43:55+09:00
2689,2,yes,T0,primary,yes,27.125,24.875,2.25,False,True,265472,314125,664,"[14, 249]","[250, 642]",435,2026-08-11T13:43:55+09:00
2689,2,yes,Trel8,primary,no,24.25,29.375,-5.125,False,False,265472,314125,664,"[14, 249]","[250, 642]",431,2026-08-11T13:43:56+09:00
1281,2,yes,S,primary,yes,29.125,25.25,3.875,False,True,98493,115846,381,,,207,2026-08-11T13:43:56+09:00
1281,2,yes,M,primary,yes,29.375,25.5,3.875,False,True,98493,115846,775,"[14, 360]","[361, 753]",527,2026-08-11T13:43:56+09:00
1281,2,yes,T4,primary,yes,27.75,25.25,2.5,False,True,98493,115846,775,"[14, 360]","[361, 753]",526,2026-08-11T13:43:57+09:00
1281,2,yes,T8,primary,yes,27.5,25.0,2.5,False,True,98493,115846,775,"[14, 360]","[361, 753]",530,2026-08-11T13:43:57+09:00
1281,2,yes,T12,primary,yes,27.5,25.0,2.5,False,True,98493,115846,775,"[14, 360]","[361, 753]",527,2026-08-11T13:43:58+09:00
1281,2,yes,T16,primary,yes,27.375,25.0,2.375,False,True,98493,115846,775,"[14, 360]","[361, 753]",530,2026-08-11T13:43:58+09:00
1281,2,yes,T20,primary,yes,29.0,25.25,3.75,False,True,98493,115846,775,"[14, 360]","[361, 753]",527,2026-08-11T13:43:59+09:00
1281,2,yes,T24,primary,yes,29.625,25.625,4.0,False,True,98493,115846,775,"[14, 360]","[361, 753]",529,2026-08-11T13:44:00+09:00
1281,2,yes,T0,primary,yes,27.75,25.0,2.75,False,True,98493,115846,775,"[14, 360]","[361, 753]",525,2026-08-11T13:44:00+09:00
1281,2,yes,Trel8,primary,no,25.0,28.5,-3.5,False,False,98493,115846,775,"[14, 360]","[361, 753]",523,2026-08-11T13:44:01+09:00
555,2,yes,S,primary,yes,27.5,24.875,2.625,False,True,190185,477195,427,,,249,2026-08-11T13:44:01+09:00
555,2,yes,M,primary,yes,24.75,24.0,0.75,False,True,190185,477195,821,"[14, 406]","[407, 799]",574,2026-08-11T13:44:01+09:00
555,2,yes,T4,primary,yes,26.75,24.625,2.125,False,True,190185,477195,821,"[14, 406]","[407, 799]",575,2026-08-11T13:44:02+09:00
555,2,yes,T8,primary,yes,26.375,24.375,2.0,False,True,190185,477195,821,"[14, 406]","[407, 799]",575,2026-08-11T13:44:03+09:00
555,2,yes,T12,primary,yes,26.25,24.25,2.0,False,True,190185,477195,821,"[14, 406]","[407, 799]",579,2026-08-11T13:44:03+09:00
555,2,yes,T16,primary,yes,25.5,23.625,1.875,False,True,190185,477195,821,"[14, 406]","[407, 799]",578,2026-08-11T13:44:04+09:00
555,2,yes,T20,primary,yes,25.5,23.875,1.625,False,True,190185,477195,821,"[14, 406]","[407, 799]",578,2026-08-11T13:44:04+09:00
555,2,yes,T24,primary,yes,24.875,24.0,0.875,False,True,190185,477195,821,"[14, 406]","[407, 799]",577,2026-08-11T13:44:05+09:00
555,2,yes,T0,primary,yes,27.0,24.625,2.375,False,True,190185,477195,821,"[14, 406]","[407, 799]",577,2026-08-11T13:44:05+09:00
555,2,yes,Trel8,primary,no,24.875,25.75,-0.875,False,False,190185,477195,821,"[14, 406]","[407, 799]",576,2026-08-11T13:44:06+09:00
2657,2,yes,S,primary,yes,27.125,24.375,2.75,False,True,283168,18461,252,,,122,2026-08-11T13:44:06+09:00
2657,2,yes,M,primary,yes,28.125,24.5,3.625,False,True,283168,18461,646,"[14, 231]","[232, 624]",415,2026-08-11T13:44:07+09:00
2657,2,yes,T4,primary,yes,27.0,25.0,2.0,False,True,283168,18461,646,"[14, 231]","[232, 624]",415,2026-08-11T13:44:07+09:00
2657,2,yes,T8,primary,yes,26.75,24.875,1.875,False,True,283168,18461,646,"[14, 231]","[232, 624]",416,2026-08-11T13:44:07+09:00
2657,2,yes,T12,primary,yes,27.0,24.625,2.375,False,True,283168,18461,646,"[14, 231]","[232, 624]",417,2026-08-11T13:44:08+09:00
2657,2,yes,T16,primary,yes,27.0,24.25,2.75,False,True,283168,18461,646,"[14, 231]","[232, 624]",417,2026-08-11T13:44:08+09:00
2657,2,yes,T20,primary,yes,27.875,24.25,3.625,False,True,283168,18461,646,"[14, 231]","[232, 624]",415,2026-08-11T13:44:09+09:00
2657,2,yes,T24,primary,yes,28.625,24.875,3.75,False,True,283168,18461,646,"[14, 231]","[232, 624]",415,2026-08-11T13:44:09+09:00
2657,2,yes,T0,primary,yes,27.125,24.75,2.375,False,True,283168,18461,646,"[14, 231]","[232, 624]",416,2026-08-11T13:44:10+09:00
2657,2,yes,Trel8,primary,no,24.5,28.375,-3.875,False,False,283168,18461,646,"[14, 231]","[232, 624]",417,2026-08-11T13:44:10+09:00
585,2,yes,S,primary,yes,28.25,25.125,3.125,False,True,257327,264161,270,,,135,2026-08-11T13:44:10+09:00
585,2,yes,M,primary,yes,26.875,25.625,1.25,False,True,257327,264161,471,"[14, 249]","[250, 449]",273,2026-08-11T13:44:10+09:00
585,2,yes,T4,primary,yes,26.125,25.75,0.375,False,True,257327,264161,471,"[14, 249]","[250, 449]",274,2026-08-11T13:44:11+09:00
585,2,yes,T8,primary,yes,26.0,25.625,0.375,False,True,257327,264161,471,"[14, 249]","[250, 449]",275,2026-08-11T13:44:11+09:00
585,2,yes,T12,primary,yes,26.0,25.5,0.5,False,True,257327,264161,471,"[14, 249]","[250, 449]",275,2026-08-11T13:44:11+09:00
585,2,yes,T16,primary,yes,26.125,25.375,0.75,False,True,257327,264161,471,"[14, 249]","[250, 449]",276,2026-08-11T13:44:12+09:00
585,2,yes,T20,primary,yes,26.375,25.5,0.875,False,True,257327,264161,471,"[14, 249]","[250, 449]",275,2026-08-11T13:44:12+09:00
585,2,yes,T24,primary,yes,27.0,25.625,1.375,False,True,257327,264161,471,"[14, 249]","[250, 449]",275,2026-08-11T13:44:12+09:00
585,2,yes,T0,primary,yes,26.125,25.5,0.625,False,True,257327,264161,471,"[14, 249]","[250, 449]",275,2026-08-11T13:44:12+09:00
585,2,yes,Trel8,primary,no,24.375,31.25,-6.875,False,False,257327,264161,471,"[14, 249]","[250, 449]",276,2026-08-11T13:44:13+09:00
1359,2,yes,M,primary,yes,29.375,25.25,4.125,False,True,505542,438185,798,"[14, 452]","[453, 776]",538,2026-08-11T13:44:13+09:00
1359,2,yes,T4,primary,yes,26.625,25.0,1.625,False,True,505542,438185,798,"[14, 452]","[453, 776]",539,2026-08-11T13:44:14+09:00
1359,2,yes,T8,primary,yes,26.625,24.875,1.75,False,True,505542,438185,798,"[14, 452]","[453, 776]",542,2026-08-11T13:44:14+09:00
1359,2,yes,T12,primary,yes,26.75,24.875,1.875,False,True,505542,438185,798,"[14, 452]","[453, 776]",543,2026-08-11T13:44:15+09:00
1359,2,yes,T16,primary,yes,27.0,24.75,2.25,False,True,505542,438185,798,"[14, 452]","[453, 776]",541,2026-08-11T13:44:15+09:00
1359,2,yes,T20,primary,yes,29.0,25.375,3.625,False,True,505542,438185,798,"[14, 452]","[453, 776]",540,2026-08-11T13:44:16+09:00
1359,2,yes,T24,primary,yes,29.75,25.625,4.125,False,True,505542,438185,798,"[14, 452]","[453, 776]",539,2026-08-11T13:44:16+09:00
1359,2,yes,T0,primary,yes,27.125,24.875,2.25,False,True,505542,438185,798,"[14, 452]","[453, 776]",541,2026-08-11T13:44:17+09:00
1359,2,yes,Trel8,primary,no,25.0,27.125,-2.125,False,False,505542,438185,798,"[14, 452]","[453, 776]",541,2026-08-11T13:44:18+09:00
2713,2,yes,S,primary,no,25.0,27.375,-2.375,False,False,318550,276413,428,,,248,2026-08-11T13:44:18+09:00
2713,2,yes,M,primary,no,25.125,28.25,-3.125,False,False,318550,276413,822,"[14, 406]","[407, 799]",572,2026-08-11T13:44:18+09:00
2713,2,yes,T4,primary,no,25.375,26.875,-1.5,False,False,318550,276413,822,"[14, 406]","[407, 799]",575,2026-08-11T13:44:19+09:00
2713,2,yes,T8,primary,no,25.25,27.125,-1.875,False,False,318550,276413,822,"[14, 406]","[407, 799]",575,2026-08-11T13:44:20+09:00
2713,2,yes,T12,primary,no,25.375,27.25,-1.875,False,False,318550,276413,822,"[14, 406]","[407, 799]",580,2026-08-11T13:44:20+09:00
2713,2,yes,T16,primary,no,25.0,27.75,-2.75,False,False,318550,276413,822,"[14, 406]","[407, 799]",577,2026-08-11T13:44:21+09:00
2713,2,yes,T20,primary,no,25.375,28.25,-2.875,False,False,318550,276413,822,"[14, 406]","[407, 799]",578,2026-08-11T13:44:21+09:00
2713,2,yes,T24,primary,no,25.125,28.25,-3.125,False,False,318550,276413,822,"[14, 406]","[407, 799]",579,2026-08-11T13:44:22+09:00
2713,2,yes,T0,primary,no,25.25,27.0,-1.75,False,False,318550,276413,822,"[14, 406]","[407, 799]",576,2026-08-11T13:44:22+09:00
2713,2,yes,Trel8,primary,no,25.375,29.5,-4.125,False,False,318550,276413,822,"[14, 406]","[407, 799]",575,2026-08-11T13:44:23+09:00
931,2,yes,S,primary,yes,27.125,25.875,1.25,False,True,327771,255827,436,,,246,2026-08-11T13:44:23+09:00
931,2,yes,M,primary,yes,25.5,25.0,0.5,False,True,327771,255827,830,"[14, 415]","[416, 808]",570,2026-08-11T13:44:24+09:00
931,2,yes,T4,primary,yes,26.75,25.5,1.25,False,True,327771,255827,830,"[14, 415]","[416, 808]",571,2026-08-11T13:44:25+09:00
931,2,yes,T8,primary,yes,26.5,25.25,1.25,False,True,327771,255827,830,"[14, 415]","[416, 808]",572,2026-08-11T13:44:25+09:00
931,2,yes,T12,primary,yes,26.5,25.125,1.375,False,True,327771,255827,830,"[14, 415]","[416, 808]",572,2026-08-11T13:44:26+09:00
931,2,yes,T16,primary,yes,25.75,24.625,1.125,False,True,327771,255827,830,"[14, 415]","[416, 808]",573,2026-08-11T13:44:26+09:00
931,2,yes,T20,primary,yes,25.625,24.5,1.125,False,True,327771,255827,830,"[14, 415]","[416, 808]",575,2026-08-11T13:44:27+09:00
931,2,yes,T24,primary,yes,25.75,25.125,0.625,False,True,327771,255827,830,"[14, 415]","[416, 808]",573,2026-08-11T13:44:27+09:00
931,2,yes,T0,primary,yes,26.625,25.375,1.25,False,True,327771,255827,830,"[14, 415]","[416, 808]",573,2026-08-11T13:44:28+09:00
931,2,yes,Trel8,primary,no,24.375,28.25,-3.875,False,False,327771,255827,830,"[14, 415]","[416, 808]",572,2026-08-11T13:44:29+09:00
1629,2,yes,S,primary,yes,25.875,25.125,0.75,False,True,183965,66360,427,,,249,2026-08-11T13:44:29+09:00
1629,2,yes,M,primary,yes,25.375,24.875,0.5,False,True,183965,66360,914,"[14, 406]","[407, 892]",665,2026-08-11T13:44:29+09:00
1629,2,yes,T4,primary,yes,26.125,25.0,1.125,False,True,183965,66360,914,"[14, 406]","[407, 892]",665,2026-08-11T13:44:30+09:00
1629,2,yes,T8,primary,yes,25.75,24.75,1.0,False,True,183965,66360,914,"[14, 406]","[407, 892]",668,2026-08-11T13:44:31+09:00
1629,2,yes,T12,primary,yes,25.75,24.75,1.0,False,True,183965,66360,914,"[14, 406]","[407, 892]",667,2026-08-11T13:44:32+09:00
1629,2,yes,T16,primary,yes,25.625,24.5,1.125,False,True,183965,66360,914,"[14, 406]","[407, 892]",665,2026-08-11T13:44:32+09:00
1629,2,yes,T20,primary,yes,25.375,24.5,0.875,False,True,183965,66360,914,"[14, 406]","[407, 892]",670,2026-08-11T13:44:33+09:00
1629,2,yes,T24,primary,yes,25.625,25.0,0.625,False,True,183965,66360,914,"[14, 406]","[407, 892]",669,2026-08-11T13:44:34+09:00
1629,2,yes,T0,primary,yes,25.75,24.625,1.125,False,True,183965,66360,914,"[14, 406]","[407, 892]",666,2026-08-11T13:44:34+09:00
1629,2,yes,Trel8,primary,no,24.75,28.25,-3.5,False,False,183965,66360,914,"[14, 406]","[407, 892]",670,2026-08-11T13:44:35+09:00
339,2,yes,S,primary,yes,29.75,25.25,4.5,False,True,60213,279491,427,,,249,2026-08-11T13:44:35+09:00
339,2,yes,M,primary,yes,29.875,25.625,4.25,False,True,60213,279491,821,"[14, 406]","[407, 799]",575,2026-08-11T13:44:36+09:00
339,2,yes,T4,primary,yes,28.5,25.25,3.25,False,True,60213,279491,821,"[14, 406]","[407, 799]",578,2026-08-11T13:44:36+09:00
339,2,yes,T8,primary,yes,28.375,25.25,3.125,False,True,60213,279491,821,"[14, 406]","[407, 799]",578,2026-08-11T13:44:37+09:00
339,2,yes,T12,primary,yes,28.375,25.25,3.125,False,True,60213,279491,821,"[14, 406]","[407, 799]",579,2026-08-11T13:44:37+09:00
339,2,yes,T16,primary,yes,27.875,25.25,2.625,False,True,60213,279491,821,"[14, 406]","[407, 799]",577,2026-08-11T13:44:38+09:00
339,2,yes,T20,primary,yes,28.5,25.25,3.25,False,True,60213,279491,821,"[14, 406]","[407, 799]",574,2026-08-11T13:44:39+09:00
339,2,yes,T24,primary,yes,30.5,26.125,4.375,False,True,60213,279491,821,"[14, 406]","[407, 799]",576,2026-08-11T13:44:39+09:00
339,2,yes,T0,primary,yes,28.625,25.0,3.625,False,True,60213,279491,821,"[14, 406]","[407, 799]",578,2026-08-11T13:44:40+09:00
339,2,yes,Trel8,primary,no,24.625,30.5,-5.875,False,False,60213,279491,821,"[14, 406]","[407, 799]",578,2026-08-11T13:44:40+09:00
1797,2,yes,M,primary,no,23.625,25.875,-2.25,False,False,100238,523660,664,"[14, 406]","[407, 642]",431,2026-08-11T13:44:41+09:00
1797,2,yes,T4,primary,yes,24.625,24.5,0.125,False,True,100238,523660,664,"[14, 406]","[407, 642]",432,2026-08-11T13:44:41+09:00
1797,2,yes,T8,primary,no,24.375,24.375,0.0,True,False,100238,523660,664,"[14, 406]","[407, 642]",433,2026-08-11T13:44:42+09:00
1797,2,yes,T12,primary,no,24.125,24.25,-0.125,False,False,100238,523660,664,"[14, 406]","[407, 642]",434,2026-08-11T13:44:42+09:00
1797,2,yes,T16,primary,no,23.375,24.375,-1.0,False,False,100238,523660,664,"[14, 406]","[407, 642]",432,2026-08-11T13:44:43+09:00
1797,2,yes,T20,primary,no,23.375,25.875,-2.5,False,False,100238,523660,664,"[14, 406]","[407, 642]",431,2026-08-11T13:44:43+09:00
1797,2,yes,T24,primary,no,23.5,25.875,-2.375,False,False,100238,523660,664,"[14, 406]","[407, 642]",432,2026-08-11T13:44:43+09:00
1797,2,yes,T0,primary,yes,24.25,24.125,0.125,False,True,100238,523660,664,"[14, 406]","[407, 642]",433,2026-08-11T13:44:44+09:00
1797,2,yes,Trel8,primary,no,24.375,25.75,-1.375,False,False,100238,523660,664,"[14, 406]","[407, 642]",432,2026-08-11T13:44:44+09:00
1659,2,yes,M,primary,yes,25.5,24.25,1.25,False,True,442809,469936,913,"[14, 360]","[361, 891]",663,2026-08-11T13:44:45+09:00
1659,2,yes,T4,primary,yes,26.375,25.0,1.375,False,True,442809,469936,913,"[14, 360]","[361, 891]",664,2026-08-11T13:44:46+09:00
1659,2,yes,T8,primary,yes,26.125,24.875,1.25,False,True,442809,469936,913,"[14, 360]","[361, 891]",665,2026-08-11T13:44:46+09:00
1659,2,yes,T12,primary,yes,25.75,24.625,1.125,False,True,442809,469936,913,"[14, 360]","[361, 891]",665,2026-08-11T13:44:47+09:00
1659,2,yes,T16,primary,yes,25.25,24.75,0.5,False,True,442809,469936,913,"[14, 360]","[361, 891]",664,2026-08-11T13:44:48+09:00
1659,2,yes,T20,primary,yes,25.375,24.875,0.5,False,True,442809,469936,913,"[14, 360]","[361, 891]",665,2026-08-11T13:44:48+09:00
1659,2,yes,T24,primary,yes,25.75,24.5,1.25,False,True,442809,469936,913,"[14, 360]","[361, 891]",664,2026-08-11T13:44:49+09:00
1659,2,yes,T0,primary,yes,26.125,24.75,1.375,False,True,442809,469936,913,"[14, 360]","[361, 891]",661,2026-08-11T13:44:50+09:00
1659,2,yes,Trel8,primary,no,25.25,26.625,-1.375,False,False,442809,469936,913,"[14, 360]","[361, 891]",663,2026-08-11T13:44:50+09:00
2525,2,yes,S,primary,yes,27.625,25.25,2.375,False,True,209290,241301,521,,,303,2026-08-11T13:44:51+09:00
2525,2,yes,M,primary,yes,25.375,24.625,0.75,False,True,209290,241301,758,"[14, 499]","[500, 735]",509,2026-08-11T13:44:51+09:00
2525,2,yes,T4,primary,yes,26.625,25.25,1.375,False,True,209290,241301,758,"[14, 499]","[500, 735]",508,2026-08-11T13:44:52+09:00
2525,2,yes,T8,primary,yes,26.5,25.0,1.5,False,True,209290,241301,758,"[14, 499]","[500, 735]",510,2026-08-11T13:44:52+09:00
2525,2,yes,T12,primary,yes,26.375,24.875,1.5,False,True,209290,241301,758,"[14, 499]","[500, 735]",510,2026-08-11T13:44:53+09:00
2525,2,yes,T16,primary,yes,25.875,24.5,1.375,False,True,209290,241301,758,"[14, 499]","[500, 735]",509,2026-08-11T13:44:53+09:00
2525,2,yes,T20,primary,yes,25.625,24.5,1.125,False,True,209290,241301,758,"[14, 499]","[500, 735]",510,2026-08-11T13:44:54+09:00
2525,2,yes,T24,primary,yes,25.5,24.625,0.875,False,True,209290,241301,758,"[14, 499]","[500, 735]",508,2026-08-11T13:44:54+09:00
2525,2,yes,T0,primary,yes,26.875,25.125,1.75,False,True,209290,241301,758,"[14, 499]","[500, 735]",506,2026-08-11T13:44:55+09:00
2525,2,yes,Trel8,primary,no,24.875,27.625,-2.75,False,False,209290,241301,758,"[14, 499]","[500, 735]",511,2026-08-11T13:44:55+09:00
1861,2,yes,S,primary,yes,25.5,25.25,0.25,False,True,405740,402077,382,,,205,2026-08-11T13:44:56+09:00
1861,2,yes,M,primary,no,25.125,26.375,-1.25,False,False,405740,402077,776,"[14, 360]","[361, 753]",522,2026-08-11T13:44:56+09:00
1861,2,yes,T4,primary,yes,25.5,25.25,0.25,False,True,405740,402077,776,"[14, 360]","[361, 753]",522,2026-08-11T13:44:57+09:00
1861,2,yes,T8,primary,no,25.125,25.125,0.0,True,False,405740,402077,776,"[14, 360]","[361, 753]",526,2026-08-11T13:44:57+09:00
1861,2,yes,T12,primary,no,25.125,25.125,0.0,True,False,405740,402077,776,"[14, 360]","[361, 753]",525,2026-08-11T13:44:58+09:00
1861,2,yes,T16,primary,no,24.75,25.125,-0.375,False,False,405740,402077,776,"[14, 360]","[361, 753]",527,2026-08-11T13:44:58+09:00
1861,2,yes,T20,primary,no,24.75,25.875,-1.125,False,False,405740,402077,776,"[14, 360]","[361, 753]",525,2026-08-11T13:44:59+09:00
1861,2,yes,T24,primary,no,25.25,26.625,-1.375,False,False,405740,402077,776,"[14, 360]","[361, 753]",525,2026-08-11T13:44:59+09:00
1861,2,yes,T0,primary,yes,25.25,25.0,0.25,False,True,405740,402077,776,"[14, 360]","[361, 753]",529,2026-08-11T13:45:00+09:00
1861,2,yes,Trel8,primary,no,24.625,28.75,-4.125,False,False,405740,402077,776,"[14, 360]","[361, 753]",528,2026-08-11T13:45:00+09:00
1415,2,yes,S,primary,no,24.75,25.25,-0.5,False,False,200583,404718,427,,,249,2026-08-11T13:45:01+09:00
1415,2,yes,M,primary,no,23.75,25.125,-1.375,False,False,200583,404718,610,"[14, 406]","[407, 588]",370,2026-08-11T13:45:01+09:00
1415,2,yes,T4,primary,no,24.75,25.375,-0.625,False,False,200583,404718,610,"[14, 406]","[407, 588]",370,2026-08-11T13:45:01+09:00
1415,2,yes,T8,primary,no,24.625,25.375,-0.75,False,False,200583,404718,610,"[14, 406]","[407, 588]",373,2026-08-11T13:45:02+09:00
1415,2,yes,T12,primary,no,24.25,25.25,-1.0,False,False,200583,404718,610,"[14, 406]","[407, 588]",372,2026-08-11T13:45:02+09:00
1415,2,yes,T16,primary,no,23.875,25.25,-1.375,False,False,200583,404718,610,"[14, 406]","[407, 588]",372,2026-08-11T13:45:02+09:00
1415,2,yes,T20,primary,no,23.75,25.375,-1.625,False,False,200583,404718,610,"[14, 406]","[407, 588]",370,2026-08-11T13:45:03+09:00
1415,2,yes,T24,primary,no,23.875,25.25,-1.375,False,False,200583,404718,610,"[14, 406]","[407, 588]",369,2026-08-11T13:45:03+09:00
1415,2,yes,T0,primary,no,24.625,25.375,-0.75,False,False,200583,404718,610,"[14, 406]","[407, 588]",370,2026-08-11T13:45:04+09:00
1415,2,yes,Trel8,primary,no,24.375,28.375,-4.0,False,False,200583,404718,610,"[14, 406]","[407, 588]",372,2026-08-11T13:45:04+09:00
2951,2,yes,S,primary,yes,24.875,24.625,0.25,False,True,401398,348015,381,,,205,2026-08-11T13:45:04+09:00
2951,2,yes,M,primary,no,24.625,25.0,-0.375,False,False,401398,348015,729,"[14, 360]","[361, 707]",481,2026-08-11T13:45:05+09:00
2951,2,yes,T4,primary,no,24.375,24.625,-0.25,False,False,401398,348015,729,"[14, 360]","[361, 707]",480,2026-08-11T13:45:05+09:00
2951,2,yes,T8,primary,no,24.125,24.625,-0.5,False,False,401398,348015,729,"[14, 360]","[361, 707]",482,2026-08-11T13:45:06+09:00
2951,2,yes,T12,primary,no,24.375,24.75,-0.375,False,False,401398,348015,729,"[14, 360]","[361, 707]",481,2026-08-11T13:45:06+09:00
2951,2,yes,T16,primary,no,24.25,25.0,-0.75,False,False,401398,348015,729,"[14, 360]","[361, 707]",482,2026-08-11T13:45:07+09:00
2951,2,yes,T20,primary,no,24.5,24.75,-0.25,False,False,401398,348015,729,"[14, 360]","[361, 707]",483,2026-08-11T13:45:07+09:00
2951,2,yes,T24,primary,no,24.75,25.0,-0.25,False,False,401398,348015,729,"[14, 360]","[361, 707]",482,2026-08-11T13:45:08+09:00
2951,2,yes,T0,primary,yes,24.25,24.125,0.125,False,True,401398,348015,729,"[14, 360]","[361, 707]",479,2026-08-11T13:45:08+09:00
2951,2,yes,Trel8,primary,no,24.625,28.125,-3.5,False,False,401398,348015,729,"[14, 360]","[361, 707]",480,2026-08-11T13:45:09+09:00
1565,2,yes,S,primary,yes,28.0,25.25,2.75,False,True,408757,574769,335,,,182,2026-08-11T13:45:09+09:00
1565,2,yes,M,primary,yes,25.75,25.625,0.125,False,True,408757,574769,729,"[14, 314]","[315, 707]",486,2026-08-11T13:45:09+09:00
1565,2,yes,T4,primary,yes,26.0,24.875,1.125,False,True,408757,574769,729,"[14, 314]","[315, 707]",488,2026-08-11T13:45:10+09:00
1565,2,yes,T8,primary,yes,25.5,24.5,1.0,False,True,408757,574769,729,"[14, 314]","[315, 707]",488,2026-08-11T13:45:10+09:00
1565,2,yes,T12,primary,yes,25.5,24.375,1.125,False,True,408757,574769,729,"[14, 314]","[315, 707]",489,2026-08-11T13:45:11+09:00
1565,2,yes,T16,primary,yes,25.25,24.25,1.0,False,True,408757,574769,729,"[14, 314]","[315, 707]",491,2026-08-11T13:45:11+09:00
1565,2,yes,T20,primary,yes,25.5,24.875,0.625,False,True,408757,574769,729,"[14, 314]","[315, 707]",492,2026-08-11T13:45:12+09:00
1565,2,yes,T24,primary,yes,25.875,25.75,0.125,False,True,408757,574769,729,"[14, 314]","[315, 707]",491,2026-08-11T13:45:12+09:00
1565,2,yes,T0,primary,yes,26.375,24.75,1.625,False,True,408757,574769,729,"[14, 314]","[315, 707]",491,2026-08-11T13:45:13+09:00
1565,2,yes,Trel8,primary,no,24.625,29.375,-4.75,False,False,408757,574769,729,"[14, 314]","[315, 707]",492,2026-08-11T13:45:13+09:00
1185,2,yes,S,primary,no,25.5,26.25,-0.75,False,False,175437,557239,428,,,248,2026-08-11T13:45:13+09:00
1185,2,yes,M,primary,no,25.5,26.0,-0.5,False,False,175437,557239,822,"[14, 406]","[407, 799]",575,2026-08-11T13:45:14+09:00
1185,2,yes,T4,primary,no,25.5,25.75,-0.25,False,False,175437,557239,822,"[14, 406]","[407, 799]",575,2026-08-11T13:45:15+09:00
1185,2,yes,T8,primary,no,25.25,25.625,-0.375,False,False,175437,557239,822,"[14, 406]","[407, 799]",576,2026-08-11T13:45:15+09:00
1185,2,yes,T12,primary,no,25.375,25.625,-0.25,False,False,175437,557239,822,"[14, 406]","[407, 799]",577,2026-08-11T13:45:16+09:00
1185,2,yes,T16,primary,no,25.375,25.625,-0.25,False,False,175437,557239,822,"[14, 406]","[407, 799]",578,2026-08-11T13:45:16+09:00
1185,2,yes,T20,primary,no,25.5,25.75,-0.25,False,False,175437,557239,822,"[14, 406]","[407, 799]",576,2026-08-11T13:45:17+09:00
1185,2,yes,T24,primary,no,25.625,26.0,-0.375,False,False,175437,557239,822,"[14, 406]","[407, 799]",578,2026-08-11T13:45:18+09:00
1185,2,yes,T0,primary,no,25.5,26.0,-0.5,False,False,175437,557239,822,"[14, 406]","[407, 799]",577,2026-08-11T13:45:18+09:00
1185,2,yes,Trel8,primary,no,25.375,27.875,-2.5,False,False,175437,557239,822,"[14, 406]","[407, 799]",576,2026-08-11T13:45:19+09:00
2103,2,yes,S,primary,yes,29.875,24.875,5.0,False,True,493753,324322,427,,,249,2026-08-11T13:45:19+09:00
2103,2,yes,M,primary,yes,29.0,25.5,3.5,False,True,493753,324322,821,"[14, 406]","[407, 799]",573,2026-08-11T13:45:20+09:00
2103,2,yes,T4,primary,yes,29.125,25.125,4.0,False,True,493753,324322,821,"[14, 406]","[407, 799]",576,2026-08-11T13:45:20+09:00
2103,2,yes,T8,primary,yes,29.125,25.5,3.625,False,True,493753,324322,821,"[14, 406]","[407, 799]",578,2026-08-11T13:45:21+09:00
2103,2,yes,T12,primary,yes,29.0,25.25,3.75,False,True,493753,324322,821,"[14, 406]","[407, 799]",574,2026-08-11T13:45:21+09:00
2103,2,yes,T16,primary,yes,28.625,25.25,3.375,False,True,493753,324322,821,"[14, 406]","[407, 799]",575,2026-08-11T13:45:22+09:00
2103,2,yes,T20,primary,yes,28.5,25.375,3.125,False,True,493753,324322,821,"[14, 406]","[407, 799]",579,2026-08-11T13:45:22+09:00
2103,2,yes,T24,primary,yes,29.375,25.5,3.875,False,True,493753,324322,821,"[14, 406]","[407, 799]",579,2026-08-11T13:45:23+09:00
2103,2,yes,T0,primary,yes,28.75,25.0,3.75,False,True,493753,324322,821,"[14, 406]","[407, 799]",576,2026-08-11T13:45:24+09:00
2103,2,yes,Trel8,primary,no,24.625,27.5,-2.875,False,False,493753,324322,821,"[14, 406]","[407, 799]",579,2026-08-11T13:45:24+09:00
2735,2,yes,S,primary,yes,28.0,24.25,3.75,False,True,214421,145318,272,,,134,2026-08-11T13:45:24+09:00
2735,2,yes,M,primary,yes,28.625,24.75,3.875,False,True,214421,145318,666,"[14, 249]","[250, 642]",433,2026-08-11T13:45:25+09:00
2735,2,yes,T4,primary,yes,28.125,24.875,3.25,False,True,214421,145318,666,"[14, 249]","[250, 642]",433,2026-08-11T13:45:25+09:00
2735,2,yes,T8,primary,yes,27.875,24.75,3.125,False,True,214421,145318,666,"[14, 249]","[250, 642]",435,2026-08-11T13:45:26+09:00
2735,2,yes,T12,primary,yes,28.0,24.625,3.375,False,True,214421,145318,666,"[14, 249]","[250, 642]",436,2026-08-11T13:45:26+09:00
2735,2,yes,T16,primary,yes,28.125,24.375,3.75,False,True,214421,145318,666,"[14, 249]","[250, 642]",435,2026-08-11T13:45:27+09:00
2735,2,yes,T20,primary,yes,28.625,24.875,3.75,False,True,214421,145318,666,"[14, 249]","[250, 642]",436,2026-08-11T13:45:27+09:00
2735,2,yes,T24,primary,yes,29.0,24.875,4.125,False,True,214421,145318,666,"[14, 249]","[250, 642]",434,2026-08-11T13:45:27+09:00
2735,2,yes,T0,primary,yes,28.125,24.625,3.5,False,True,214421,145318,666,"[14, 249]","[250, 642]",433,2026-08-11T13:45:28+09:00
2735,2,yes,Trel8,primary,yes,25.625,24.75,0.875,False,True,214421,145318,666,"[14, 249]","[250, 642]",431,2026-08-11T13:45:28+09:00
1413,2,yes,S,primary,no,24.875,29.625,-4.75,False,False,200583,266831,427,,,248,2026-08-11T13:45:29+09:00
1413,2,yes,M,primary,no,24.25,29.375,-5.125,False,False,200583,266831,646,"[14, 406]","[407, 624]",412,2026-08-11T13:45:29+09:00
1413,2,yes,T4,primary,no,25.0,29.125,-4.125,False,False,200583,266831,646,"[14, 406]","[407, 624]",414,2026-08-11T13:45:29+09:00
1413,2,yes,T8,primary,no,25.0,29.25,-4.25,False,False,200583,266831,646,"[14, 406]","[407, 624]",415,2026-08-11T13:45:30+09:00
1413,2,yes,T12,primary,no,24.875,29.125,-4.25,False,False,200583,266831,646,"[14, 406]","[407, 624]",413,2026-08-11T13:45:30+09:00
1413,2,yes,T16,primary,no,24.5,29.0,-4.5,False,False,200583,266831,646,"[14, 406]","[407, 624]",413,2026-08-11T13:45:31+09:00
1413,2,yes,T20,primary,no,24.75,29.25,-4.5,False,False,200583,266831,646,"[14, 406]","[407, 624]",416,2026-08-11T13:45:31+09:00
1413,2,yes,T24,primary,no,24.5,29.75,-5.25,False,False,200583,266831,646,"[14, 406]","[407, 624]",417,2026-08-11T13:45:32+09:00
1413,2,yes,T0,primary,no,24.625,28.875,-4.25,False,False,200583,266831,646,"[14, 406]","[407, 624]",417,2026-08-11T13:45:32+09:00
1413,2,yes,Trel8,primary,no,24.75,28.625,-3.875,False,False,200583,266831,646,"[14, 406]","[407, 624]",414,2026-08-11T13:45:32+09:00
2973,2,yes,M,primary,yes,26.875,25.5,1.375,False,True,15738,515350,730,"[14, 360]","[361, 707]",479,2026-08-11T13:45:33+09:00
2973,2,yes,T4,primary,yes,26.5,25.125,1.375,False,True,15738,515350,730,"[14, 360]","[361, 707]",480,2026-08-11T13:45:33+09:00
2973,2,yes,T8,primary,yes,26.625,24.875,1.75,False,True,15738,515350,730,"[14, 360]","[361, 707]",481,2026-08-11T13:45:34+09:00
2973,2,yes,T12,primary,yes,26.5,24.875,1.625,False,True,15738,515350,730,"[14, 360]","[361, 707]",482,2026-08-11T13:45:34+09:00
2973,2,yes,T16,primary,yes,25.75,24.875,0.875,False,True,15738,515350,730,"[14, 360]","[361, 707]",478,2026-08-11T13:45:35+09:00
2973,2,yes,T20,primary,yes,26.875,25.25,1.625,False,True,15738,515350,730,"[14, 360]","[361, 707]",478,2026-08-11T13:45:35+09:00
2973,2,yes,T24,primary,yes,26.875,25.5,1.375,False,True,15738,515350,730,"[14, 360]","[361, 707]",481,2026-08-11T13:45:36+09:00
2973,2,yes,T0,primary,yes,27.0,25.0,2.0,False,True,15738,515350,730,"[14, 360]","[361, 707]",481,2026-08-11T13:45:36+09:00
2973,2,yes,Trel8,primary,no,25.25,28.25,-3.0,False,False,15738,515350,730,"[14, 360]","[361, 707]",481,2026-08-11T13:45:37+09:00
2121,2,yes,S,primary,yes,28.625,24.875,3.75,False,True,467887,375875,427,,,249,2026-08-11T13:45:37+09:00
2121,2,yes,M,primary,yes,28.375,24.875,3.5,False,True,467887,375875,646,"[14, 406]","[407, 624]",415,2026-08-11T13:45:37+09:00
2121,2,yes,T4,primary,yes,28.25,25.0,3.25,False,True,467887,375875,646,"[14, 406]","[407, 624]",417,2026-08-11T13:45:38+09:00
2121,2,yes,T8,primary,yes,28.0,24.875,3.125,False,True,467887,375875,646,"[14, 406]","[407, 624]",418,2026-08-11T13:45:38+09:00
2121,2,yes,T12,primary,yes,27.875,24.75,3.125,False,True,467887,375875,646,"[14, 406]","[407, 624]",418,2026-08-11T13:45:39+09:00
2121,2,yes,T16,primary,yes,27.625,24.75,2.875,False,True,467887,375875,646,"[14, 406]","[407, 624]",416,2026-08-11T13:45:39+09:00
2121,2,yes,T20,primary,yes,27.875,24.5,3.375,False,True,467887,375875,646,"[14, 406]","[407, 624]",415,2026-08-11T13:45:40+09:00
2121,2,yes,T24,primary,yes,28.75,25.125,3.625,False,True,467887,375875,646,"[14, 406]","[407, 624]",417,2026-08-11T13:45:40+09:00
2121,2,yes,T0,primary,yes,28.125,24.75,3.375,False,True,467887,375875,646,"[14, 406]","[407, 624]",417,2026-08-11T13:45:40+09:00
2121,2,yes,Trel8,primary,no,24.75,27.25,-2.5,False,False,467887,375875,646,"[14, 406]","[407, 624]",416,2026-08-11T13:45:41+09:00
2501,2,yes,S,primary,yes,30.0,24.875,5.125,False,True,378751,93140,427,,,249,2026-08-11T13:45:41+09:00
2501,2,yes,M,primary,yes,29.875,24.875,5.0,False,True,378751,93140,775,"[14, 406]","[407, 753]",525,2026-08-11T13:45:42+09:00
2501,2,yes,T4,primary,yes,29.25,25.125,4.125,False,True,378751,93140,775,"[14, 406]","[407, 753]",527,2026-08-11T13:45:42+09:00
2501,2,yes,T8,primary,yes,29.125,25.125,4.0,False,True,378751,93140,775,"[14, 406]","[407, 753]",528,2026-08-11T13:45:43+09:00
2501,2,yes,T12,primary,yes,29.0,25.0,4.0,False,True,378751,93140,775,"[14, 406]","[407, 753]",530,2026-08-11T13:45:43+09:00
2501,2,yes,T16,primary,yes,28.75,24.875,3.875,False,True,378751,93140,775,"[14, 406]","[407, 753]",525,2026-08-11T13:45:44+09:00
2501,2,yes,T20,primary,yes,29.875,25.0,4.875,False,True,378751,93140,775,"[14, 406]","[407, 753]",524,2026-08-11T13:45:44+09:00
2501,2,yes,T24,primary,yes,30.375,25.25,5.125,False,True,378751,93140,775,"[14, 406]","[407, 753]",529,2026-08-11T13:45:45+09:00
2501,2,yes,T0,primary,yes,29.0,24.625,4.375,False,True,378751,93140,775,"[14, 406]","[407, 753]",528,2026-08-11T13:45:45+09:00
2501,2,yes,Trel8,primary,no,24.625,25.25,-0.625,False,False,378751,93140,775,"[14, 406]","[407, 753]",527,2026-08-11T13:45:46+09:00
757,2,yes,S,primary,no,24.5,27.0,-2.5,False,False,44520,316658,271,,,134,2026-08-11T13:45:46+09:00
757,2,yes,M,primary,no,24.75,26.875,-2.125,False,False,44520,316658,490,"[14, 249]","[250, 467]",282,2026-08-11T13:45:46+09:00
757,2,yes,T4,primary,no,25.125,26.875,-1.75,False,False,44520,316658,490,"[14, 249]","[250, 467]",282,2026-08-11T13:45:47+09:00
757,2,yes,T8,primary,no,24.875,26.875,-2.0,False,False,44520,316658,490,"[14, 249]","[250, 467]",282,2026-08-11T13:45:47+09:00
757,2,yes,T12,primary,no,24.875,26.875,-2.0,False,False,44520,316658,490,"[14, 249]","[250, 467]",284,2026-08-11T13:45:47+09:00
757,2,yes,T16,primary,no,24.5,26.875,-2.375,False,False,44520,316658,490,"[14, 249]","[250, 467]",284,2026-08-11T13:45:47+09:00
757,2,yes,T20,primary,no,24.75,26.875,-2.125,False,False,44520,316658,490,"[14, 249]","[250, 467]",284,2026-08-11T13:45:48+09:00
757,2,yes,T24,primary,no,24.75,27.0,-2.25,False,False,44520,316658,490,"[14, 249]","[250, 467]",283,2026-08-11T13:45:48+09:00
757,2,yes,T0,primary,no,25.125,27.0,-1.875,False,False,44520,316658,490,"[14, 249]","[250, 467]",282,2026-08-11T13:45:48+09:00
757,2,yes,Trel8,primary,no,25.0,28.75,-3.75,False,False,44520,316658,490,"[14, 249]","[250, 467]",282,2026-08-11T13:45:49+09:00
1305,2,yes,M,primary,no,23.75,27.0,-3.25,False,False,355342,260618,775,"[14, 360]","[361, 753]",525,2026-08-11T13:45:49+09:00
1305,2,yes,T4,primary,no,25.0,25.875,-0.875,False,False,355342,260618,775,"[14, 360]","[361, 753]",529,2026-08-11T13:45:50+09:00
1305,2,yes,T8,primary,no,24.75,25.75,-1.0,False,False,355342,260618,775,"[14, 360]","[361, 753]",526,2026-08-11T13:45:50+09:00
1305,2,yes,T12,primary,no,24.75,25.75,-1.0,False,False,355342,260618,775,"[14, 360]","[361, 753]",524,2026-08-11T13:45:51+09:00
1305,2,yes,T16,primary,no,24.5,25.75,-1.25,False,False,355342,260618,775,"[14, 360]","[361, 753]",528,2026-08-11T13:45:51+09:00
1305,2,yes,T20,primary,no,24.25,26.5,-2.25,False,False,355342,260618,775,"[14, 360]","[361, 753]",526,2026-08-11T13:45:52+09:00
1305,2,yes,T24,primary,no,23.75,26.875,-3.125,False,False,355342,260618,775,"[14, 360]","[361, 753]",529,2026-08-11T13:45:52+09:00
1305,2,yes,T0,primary,no,24.5,25.625,-1.125,False,False,355342,260618,775,"[14, 360]","[361, 753]",529,2026-08-11T13:45:53+09:00
1305,2,yes,Trel8,primary,no,24.625,26.875,-2.25,False,False,355342,260618,775,"[14, 360]","[361, 753]",528,2026-08-11T13:45:53+09:00
2727,2,yes,S,primary,yes,28.0,24.875,3.125,False,True,252911,382848,381,,,205,2026-08-11T13:45:54+09:00
2727,2,yes,M,primary,yes,28.0,24.875,3.125,False,True,252911,382848,729,"[14, 360]","[361, 707]",479,2026-08-11T13:45:54+09:00
2727,2,yes,T4,primary,yes,26.5,24.5,2.0,False,True,252911,382848,729,"[14, 360]","[361, 707]",480,2026-08-11T13:45:55+09:00
2727,2,yes,T8,primary,yes,26.125,24.375,1.75,False,True,252911,382848,729,"[14, 360]","[361, 707]",483,2026-08-11T13:45:55+09:00
2727,2,yes,T12,primary,yes,26.375,24.375,2.0,False,True,252911,382848,729,"[14, 360]","[361, 707]",482,2026-08-11T13:45:56+09:00
2727,2,yes,T16,primary,yes,26.125,24.25,1.875,False,True,252911,382848,729,"[14, 360]","[361, 707]",482,2026-08-11T13:45:56+09:00
2727,2,yes,T20,primary,yes,26.875,24.5,2.375,False,True,252911,382848,729,"[14, 360]","[361, 707]",483,2026-08-11T13:45:57+09:00
2727,2,yes,T24,primary,yes,28.25,25.0,3.25,False,True,252911,382848,729,"[14, 360]","[361, 707]",480,2026-08-11T13:45:57+09:00
2727,2,yes,T0,primary,yes,26.625,24.5,2.125,False,True,252911,382848,729,"[14, 360]","[361, 707]",481,2026-08-11T13:45:57+09:00
2727,2,yes,Trel8,primary,no,25.25,27.625,-2.375,False,False,252911,382848,729,"[14, 360]","[361, 707]",483,2026-08-11T13:45:58+09:00
1879,2,yes,S,primary,yes,26.25,25.125,1.125,False,True,495311,44065,427,,,249,2026-08-11T13:45:58+09:00
1879,2,yes,M,primary,no,24.625,24.875,-0.25,False,False,495311,44065,775,"[14, 406]","[407, 753]",525,2026-08-11T13:45:59+09:00
1879,2,yes,T4,primary,yes,25.625,24.75,0.875,False,True,495311,44065,775,"[14, 406]","[407, 753]",526,2026-08-11T13:45:59+09:00
1879,2,yes,T8,primary,yes,25.5,24.625,0.875,False,True,495311,44065,775,"[14, 406]","[407, 753]",529,2026-08-11T13:46:00+09:00
1879,2,yes,T12,primary,yes,25.5,24.5,1.0,False,True,495311,44065,775,"[14, 406]","[407, 753]",527,2026-08-11T13:46:00+09:00
1879,2,yes,T16,primary,yes,24.75,24.5,0.25,False,True,495311,44065,775,"[14, 406]","[407, 753]",527,2026-08-11T13:46:01+09:00
1879,2,yes,T20,primary,no,24.625,24.875,-0.25,False,False,495311,44065,775,"[14, 406]","[407, 753]",528,2026-08-11T13:46:01+09:00
1879,2,yes,T24,primary,no,24.75,24.875,-0.125,False,False,495311,44065,775,"[14, 406]","[407, 753]",526,2026-08-11T13:46:02+09:00
1879,2,yes,T0,primary,yes,25.75,24.75,1.0,False,True,495311,44065,775,"[14, 406]","[407, 753]",529,2026-08-11T13:46:02+09:00
1879,2,yes,Trel8,primary,no,24.75,27.875,-3.125,False,False,495311,44065,775,"[14, 406]","[407, 753]",528,2026-08-11T13:46:03+09:00
2075,2,yes,S,primary,yes,28.5,25.375,3.125,False,True,541783,510169,404,,,225,2026-08-11T13:46:03+09:00
2075,2,yes,M,primary,yes,27.5,24.875,2.625,False,True,541783,510169,641,"[14, 383]","[384, 619]",412,2026-08-11T13:46:04+09:00
2075,2,yes,T4,primary,yes,27.5,25.25,2.25,False,True,541783,510169,641,"[14, 383]","[384, 619]",412,2026-08-11T13:46:04+09:00
2075,2,yes,T8,primary,yes,27.375,25.25,2.125,False,True,541783,510169,641,"[14, 383]","[384, 619]",413,2026-08-11T13:46:05+09:00
2075,2,yes,T12,primary,yes,27.375,25.125,2.25,False,True,541783,510169,641,"[14, 383]","[384, 619]",414,2026-08-11T13:46:05+09:00
2075,2,yes,T16,primary,yes,27.0,25.0,2.0,False,True,541783,510169,641,"[14, 383]","[384, 619]",414,2026-08-11T13:46:05+09:00
2075,2,yes,T20,primary,yes,27.25,24.875,2.375,False,True,541783,510169,641,"[14, 383]","[384, 619]",413,2026-08-11T13:46:06+09:00
2075,2,yes,T24,primary,yes,27.75,25.0,2.75,False,True,541783,510169,641,"[14, 383]","[384, 619]",412,2026-08-11T13:46:06+09:00
2075,2,yes,T0,primary,yes,27.375,25.125,2.25,False,True,541783,510169,641,"[14, 383]","[384, 619]",411,2026-08-11T13:46:07+09:00
2075,2,yes,Trel8,primary,no,25.0,28.125,-3.125,False,False,541783,510169,641,"[14, 383]","[384, 619]",415,2026-08-11T13:46:07+09:00
2881,2,yes,M,primary,no,25.0,31.0,-6.0,False,False,69863,452122,729,"[14, 360]","[361, 707]",479,2026-08-11T13:46:08+09:00
2881,2,yes,T4,primary,no,25.375,29.25,-3.875,False,False,69863,452122,729,"[14, 360]","[361, 707]",480,2026-08-11T13:46:08+09:00
2881,2,yes,T8,primary,no,25.25,29.375,-4.125,False,False,69863,452122,729,"[14, 360]","[361, 707]",481,2026-08-11T13:46:08+09:00
2881,2,yes,T12,primary,no,25.5,29.375,-3.875,False,False,69863,452122,729,"[14, 360]","[361, 707]",482,2026-08-11T13:46:09+09:00
2881,2,yes,T16,primary,no,25.0,29.0,-4.0,False,False,69863,452122,729,"[14, 360]","[361, 707]",482,2026-08-11T13:46:09+09:00
2881,2,yes,T20,primary,no,25.0,30.5,-5.5,False,False,69863,452122,729,"[14, 360]","[361, 707]",482,2026-08-11T13:46:10+09:00
2881,2,yes,T24,primary,no,25.375,31.5,-6.125,False,False,69863,452122,729,"[14, 360]","[361, 707]",481,2026-08-11T13:46:10+09:00
2881,2,yes,T0,primary,no,25.375,29.0,-3.625,False,False,69863,452122,729,"[14, 360]","[361, 707]",479,2026-08-11T13:46:11+09:00
2881,2,yes,Trel8,primary,no,25.5,29.375,-3.875,False,False,69863,452122,729,"[14, 360]","[361, 707]",483,2026-08-11T13:46:11+09:00
749,2,yes,S,primary,yes,28.25,24.875,3.375,False,True,482275,266487,427,,,248,2026-08-11T13:46:12+09:00
749,2,yes,M,primary,yes,25.5,24.875,0.625,False,True,482275,266487,821,"[14, 406]","[407, 799]",574,2026-08-11T13:46:12+09:00
749,2,yes,T4,primary,yes,25.5,25.0,0.5,False,True,482275,266487,821,"[14, 406]","[407, 799]",578,2026-08-11T13:46:13+09:00
749,2,yes,T8,primary,yes,25.375,24.875,0.5,False,True,482275,266487,821,"[14, 406]","[407, 799]",580,2026-08-11T13:46:13+09:00
749,2,yes,T12,primary,yes,25.375,25.125,0.25,False,True,482275,266487,821,"[14, 406]","[407, 799]",579,2026-08-11T13:46:14+09:00
749,2,yes,T16,primary,yes,24.75,24.25,0.5,False,True,482275,266487,821,"[14, 406]","[407, 799]",579,2026-08-11T13:46:15+09:00
749,2,yes,T20,primary,yes,24.875,24.5,0.375,False,True,482275,266487,821,"[14, 406]","[407, 799]",574,2026-08-11T13:46:15+09:00
749,2,yes,T24,primary,yes,25.625,24.75,0.875,False,True,482275,266487,821,"[14, 406]","[407, 799]",574,2026-08-11T13:46:16+09:00
749,2,yes,T0,primary,yes,26.25,24.75,1.5,False,True,482275,266487,821,"[14, 406]","[407, 799]",578,2026-08-11T13:46:16+09:00
749,2,yes,Trel8,primary,no,24.875,29.0,-4.125,False,False,482275,266487,821,"[14, 406]","[407, 799]",579,2026-08-11T13:46:17+09:00
1443,2,yes,M,primary,yes,27.25,25.0,2.25,False,True,407386,568281,821,"[14, 406]","[407, 799]",574,2026-08-11T13:46:18+09:00
1443,2,yes,T4,primary,yes,27.75,25.125,2.625,False,True,407386,568281,821,"[14, 406]","[407, 799]",574,2026-08-11T13:46:18+09:00
1443,2,yes,T8,primary,yes,27.625,25.125,2.5,False,True,407386,568281,821,"[14, 406]","[407, 799]",580,2026-08-11T13:46:19+09:00
1443,2,yes,T12,primary,yes,27.625,25.125,2.5,False,True,407386,568281,821,"[14, 406]","[407, 799]",580,2026-08-11T13:46:19+09:00
1443,2,yes,T16,primary,yes,26.875,24.75,2.125,False,True,407386,568281,821,"[14, 406]","[407, 799]",578,2026-08-11T13:46:20+09:00
1443,2,yes,T20,primary,yes,26.875,24.75,2.125,False,True,407386,568281,821,"[14, 406]","[407, 799]",578,2026-08-11T13:46:20+09:00
1443,2,yes,T24,primary,yes,27.375,25.0,2.375,False,True,407386,568281,821,"[14, 406]","[407, 799]",577,2026-08-11T13:46:21+09:00
1443,2,yes,T0,primary,yes,28.0,25.0,3.0,False,True,407386,568281,821,"[14, 406]","[407, 799]",579,2026-08-11T13:46:22+09:00
1443,2,yes,Trel8,primary,no,24.875,28.5,-3.625,False,False,407386,568281,821,"[14, 406]","[407, 799]",574,2026-08-11T13:46:22+09:00
2523,2,yes,S,primary,yes,29.5,25.125,4.375,False,True,209290,468505,520,,,303,2026-08-11T13:46:23+09:00
2523,2,yes,M,primary,yes,29.25,25.5,3.75,False,True,209290,468505,914,"[14, 499]","[500, 892]",666,2026-08-11T13:46:23+09:00
2523,2,yes,T4,primary,yes,27.875,25.125,2.75,False,True,209290,468505,914,"[14, 499]","[500, 892]",667,2026-08-11T13:46:24+09:00
2523,2,yes,T8,primary,yes,27.75,25.0,2.75,False,True,209290,468505,914,"[14, 499]","[500, 892]",668,2026-08-11T13:46:25+09:00
2523,2,yes,T12,primary,yes,27.875,24.875,3.0,False,True,209290,468505,914,"[14, 499]","[500, 892]",671,2026-08-11T13:46:25+09:00
2523,2,yes,T16,primary,yes,27.875,24.875,3.0,False,True,209290,468505,914,"[14, 499]","[500, 892]",671,2026-08-11T13:46:26+09:00
2523,2,yes,T20,primary,yes,28.625,25.25,3.375,False,True,209290,468505,914,"[14, 499]","[500, 892]",670,2026-08-11T13:46:27+09:00
2523,2,yes,T24,primary,yes,29.625,25.75,3.875,False,True,209290,468505,914,"[14, 499]","[500, 892]",669,2026-08-11T13:46:27+09:00
2523,2,yes,T0,primary,yes,28.5,25.125,3.375,False,True,209290,468505,914,"[14, 499]","[500, 892]",669,2026-08-11T13:46:28+09:00
2523,2,yes,Trel8,primary,no,24.75,25.75,-1.0,False,False,209290,468505,914,"[14, 499]","[500, 892]",670,2026-08-11T13:46:29+09:00
1461,2,yes,M,primary,yes,29.375,25.375,4.0,False,True,115626,314836,775,"[14, 406]","[407, 753]",524,2026-08-11T13:46:29+09:00
1461,2,yes,T4,primary,yes,27.625,24.875,2.75,False,True,115626,314836,775,"[14, 406]","[407, 753]",525,2026-08-11T13:46:30+09:00
1461,2,yes,T8,primary,yes,27.25,24.625,2.625,False,True,115626,314836,775,"[14, 406]","[407, 753]",530,2026-08-11T13:46:30+09:00
1461,2,yes,T12,primary,yes,27.375,24.75,2.625,False,True,115626,314836,775,"[14, 406]","[407, 753]",525,2026-08-11T13:46:31+09:00
1461,2,yes,T16,primary,yes,27.5,25.0,2.5,False,True,115626,314836,775,"[14, 406]","[407, 753]",527,2026-08-11T13:46:31+09:00
1461,2,yes,T20,primary,yes,28.625,25.125,3.5,False,True,115626,314836,775,"[14, 406]","[407, 753]",526,2026-08-11T13:46:32+09:00
1461,2,yes,T24,primary,yes,29.75,25.625,4.125,False,True,115626,314836,775,"[14, 406]","[407, 753]",528,2026-08-11T13:46:32+09:00
1461,2,yes,T0,primary,yes,28.0,24.75,3.25,False,True,115626,314836,775,"[14, 406]","[407, 753]",529,2026-08-11T13:46:33+09:00
1461,2,yes,Trel8,primary,no,25.25,27.25,-2.0,False,False,115626,314836,775,"[14, 406]","[407, 753]",528,2026-08-11T13:46:33+09:00
411,2,yes,S,primary,yes,26.75,25.75,1.0,False,True,239347,41846,427,,,249,2026-08-11T13:46:34+09:00
411,2,yes,M,primary,yes,25.875,25.375,0.5,False,True,239347,41846,775,"[14, 406]","[407, 753]",528,2026-08-11T13:46:34+09:00
411,2,yes,T4,primary,yes,26.0,25.5,0.5,False,True,239347,41846,775,"[14, 406]","[407, 753]",526,2026-08-11T13:46:35+09:00
411,2,yes,T8,primary,yes,25.875,25.25,0.625,False,True,239347,41846,775,"[14, 406]","[407, 753]",527,2026-08-11T13:46:35+09:00
411,2,yes,T12,primary,yes,26.0,25.375,0.625,False,True,239347,41846,775,"[14, 406]","[407, 753]",526,2026-08-11T13:46:36+09:00
411,2,yes,T16,primary,no,25.375,25.375,0.0,True,False,239347,41846,775,"[14, 406]","[407, 753]",530,2026-08-11T13:46:36+09:00
411,2,yes,T20,primary,yes,25.875,25.5,0.375,False,True,239347,41846,775,"[14, 406]","[407, 753]",530,2026-08-11T13:46:37+09:00
411,2,yes,T24,primary,yes,26.0,25.5,0.5,False,True,239347,41846,775,"[14, 406]","[407, 753]",527,2026-08-11T13:46:37+09:00
411,2,yes,T0,primary,yes,26.0,25.5,0.5,False,True,239347,41846,775,"[14, 406]","[407, 753]",525,2026-08-11T13:46:38+09:00
411,2,yes,Trel8,primary,no,25.0,28.75,-3.75,False,False,239347,41846,775,"[14, 406]","[407, 753]",528,2026-08-11T13:46:38+09:00
705,2,yes,S,primary,no,24.875,25.0,-0.125,False,False,32610,106335,381,,,206,2026-08-11T13:46:39+09:00
705,2,yes,M,primary,no,24.75,27.625,-2.875,False,False,32610,106335,729,"[14, 360]","[361, 707]",480,2026-08-11T13:46:39+09:00
705,2,yes,T4,primary,no,24.75,25.25,-0.5,False,False,32610,106335,729,"[14, 360]","[361, 707]",480,2026-08-11T13:46:40+09:00
705,2,yes,T8,primary,no,24.375,25.25,-0.875,False,False,32610,106335,729,"[14, 360]","[361, 707]",483,2026-08-11T13:46:40+09:00
705,2,yes,T12,primary,no,24.625,25.5,-0.875,False,False,32610,106335,729,"[14, 360]","[361, 707]",483,2026-08-11T13:46:41+09:00
705,2,yes,T16,primary,no,24.5,26.125,-1.625,False,False,32610,106335,729,"[14, 360]","[361, 707]",483,2026-08-11T13:46:41+09:00
705,2,yes,T20,primary,no,24.625,27.0,-2.375,False,False,32610,106335,729,"[14, 360]","[361, 707]",481,2026-08-11T13:46:42+09:00
705,2,yes,T24,primary,no,24.875,27.625,-2.75,False,False,32610,106335,729,"[14, 360]","[361, 707]",484,2026-08-11T13:46:42+09:00
705,2,yes,T0,primary,no,24.5,25.125,-0.625,False,False,32610,106335,729,"[14, 360]","[361, 707]",483,2026-08-11T13:46:43+09:00
705,2,yes,Trel8,primary,no,24.875,28.5,-3.625,False,False,32610,106335,729,"[14, 360]","[361, 707]",484,2026-08-11T13:46:43+09:00
1007,2,yes,S,primary,yes,26.0,25.5,0.5,False,True,189694,311378,427,,,249,2026-08-11T13:46:43+09:00
1007,2,yes,M,primary,yes,25.75,25.25,0.5,False,True,189694,311378,821,"[14, 406]","[407, 799]",575,2026-08-11T13:46:44+09:00
1007,2,yes,T4,primary,yes,25.375,25.125,0.25,False,True,189694,311378,821,"[14, 406]","[407, 799]",578,2026-08-11T13:46:44+09:00
1007,2,yes,T8,primary,yes,25.25,25.0,0.25,False,True,189694,311378,821,"[14, 406]","[407, 799]",578,2026-08-11T13:46:45+09:00
1007,2,yes,T12,primary,yes,25.25,25.0,0.25,False,True,189694,311378,821,"[14, 406]","[407, 799]",579,2026-08-11T13:46:46+09:00
1007,2,yes,T16,primary,yes,25.125,25.0,0.125,False,True,189694,311378,821,"[14, 406]","[407, 799]",578,2026-08-11T13:46:46+09:00
1007,2,yes,T20,primary,yes,25.25,24.875,0.375,False,True,189694,311378,821,"[14, 406]","[407, 799]",575,2026-08-11T13:46:47+09:00
1007,2,yes,T24,primary,yes,25.625,25.25,0.375,False,True,189694,311378,821,"[14, 406]","[407, 799]",573,2026-08-11T13:46:47+09:00
1007,2,yes,T0,primary,yes,25.25,24.75,0.5,False,True,189694,311378,821,"[14, 406]","[407, 799]",577,2026-08-11T13:46:48+09:00
1007,2,yes,Trel8,primary,no,24.25,26.875,-2.625,False,False,189694,311378,821,"[14, 406]","[407, 799]",579,2026-08-11T13:46:49+09:00
689,2,yes,S,primary,yes,28.5,25.125,3.375,False,True,69196,44061,450,,,258,2026-08-11T13:46:49+09:00
689,2,yes,M,primary,yes,28.5,25.25,3.25,False,True,69196,44061,798,"[14, 429]","[430, 776]",539,2026-08-11T13:46:49+09:00
689,2,yes,T4,primary,yes,27.0,25.0,2.0,False,True,69196,44061,798,"[14, 429]","[430, 776]",541,2026-08-11T13:46:50+09:00
689,2,yes,T8,primary,yes,26.75,24.875,1.875,False,True,69196,44061,798,"[14, 429]","[430, 776]",543,2026-08-11T13:46:50+09:00
689,2,yes,T12,primary,yes,26.875,24.75,2.125,False,True,69196,44061,798,"[14, 429]","[430, 776]",543,2026-08-11T13:46:51+09:00
689,2,yes,T16,primary,yes,26.625,24.75,1.875,False,True,69196,44061,798,"[14, 429]","[430, 776]",541,2026-08-11T13:46:52+09:00
689,2,yes,T20,primary,yes,27.5,24.875,2.625,False,True,69196,44061,798,"[14, 429]","[430, 776]",542,2026-08-11T13:46:52+09:00
689,2,yes,T24,primary,yes,28.75,25.375,3.375,False,True,69196,44061,798,"[14, 429]","[430, 776]",542,2026-08-11T13:46:53+09:00
689,2,yes,T0,primary,yes,27.375,24.875,2.5,False,True,69196,44061,798,"[14, 429]","[430, 776]",543,2026-08-11T13:46:53+09:00
689,2,yes,Trel8,primary,no,25.875,30.0,-4.125,False,False,69196,44061,798,"[14, 429]","[430, 776]",542,2026-08-11T13:46:54+09:00
507,2,yes,S,primary,yes,27.0,25.125,1.875,False,True,148766,534335,427,,,248,2026-08-11T13:46:54+09:00
507,2,yes,M,primary,yes,24.75,24.0,0.75,False,True,148766,534335,664,"[14, 406]","[407, 642]",431,2026-08-11T13:46:54+09:00
507,2,yes,T4,primary,yes,26.5,25.125,1.375,False,True,148766,534335,664,"[14, 406]","[407, 642]",432,2026-08-11T13:46:55+09:00
507,2,yes,T8,primary,yes,26.125,25.0,1.125,False,True,148766,534335,664,"[14, 406]","[407, 642]",434,2026-08-11T13:46:55+09:00
507,2,yes,T12,primary,yes,25.625,24.5,1.125,False,True,148766,534335,664,"[14, 406]","[407, 642]",432,2026-08-11T13:46:56+09:00
507,2,yes,T16,primary,yes,24.625,24.125,0.5,False,True,148766,534335,664,"[14, 406]","[407, 642]",432,2026-08-11T13:46:56+09:00
507,2,yes,T20,primary,yes,24.75,24.25,0.5,False,True,148766,534335,664,"[14, 406]","[407, 642]",435,2026-08-11T13:46:57+09:00
507,2,yes,T24,primary,yes,24.625,24.0,0.625,False,True,148766,534335,664,"[14, 406]","[407, 642]",434,2026-08-11T13:46:57+09:00
507,2,yes,T0,primary,yes,26.125,24.875,1.25,False,True,148766,534335,664,"[14, 406]","[407, 642]",436,2026-08-11T13:46:58+09:00
507,2,yes,Trel8,primary,yes,24.5,24.0,0.5,False,True,148766,534335,664,"[14, 406]","[407, 642]",434,2026-08-11T13:46:58+09:00
2163,2,yes,M,primary,yes,25.875,24.875,1.0,False,True,155131,296994,822,"[14, 406]","[407, 799]",575,2026-08-11T13:46:59+09:00
2163,2,yes,T4,primary,yes,26.375,25.0,1.375,False,True,155131,296994,822,"[14, 406]","[407, 799]",574,2026-08-11T13:46:59+09:00
2163,2,yes,T8,primary,yes,26.375,25.0,1.375,False,True,155131,296994,822,"[14, 406]","[407, 799]",579,2026-08-11T13:47:00+09:00
2163,2,yes,T12,primary,yes,26.125,24.875,1.25,False,True,155131,296994,822,"[14, 406]","[407, 799]",577,2026-08-11T13:47:00+09:00
2163,2,yes,T16,primary,yes,25.75,24.625,1.125,False,True,155131,296994,822,"[14, 406]","[407, 799]",578,2026-08-11T13:47:01+09:00
2163,2,yes,T20,primary,yes,25.625,24.75,0.875,False,True,155131,296994,822,"[14, 406]","[407, 799]",579,2026-08-11T13:47:01+09:00
2163,2,yes,T24,primary,yes,26.0,25.0,1.0,False,True,155131,296994,822,"[14, 406]","[407, 799]",579,2026-08-11T13:47:02+09:00
2163,2,yes,T0,primary,yes,26.25,24.875,1.375,False,True,155131,296994,822,"[14, 406]","[407, 799]",577,2026-08-11T13:47:03+09:00
2163,2,yes,Trel8,primary,no,24.375,26.375,-2.0,False,False,155131,296994,822,"[14, 406]","[407, 799]",577,2026-08-11T13:47:03+09:00
2387,2,yes,S,primary,no,25.25,25.25,0.0,True,False,61507,261603,427,,,250,2026-08-11T13:47:04+09:00
2387,2,yes,M,primary,no,24.625,25.625,-1.0,False,False,61507,261603,775,"[14, 406]","[407, 753]",527,2026-08-11T13:47:04+09:00
2387,2,yes,T4,primary,no,25.0,25.125,-0.125,False,False,61507,261603,775,"[14, 406]","[407, 753]",526,2026-08-11T13:47:05+09:00
2387,2,yes,T8,primary,no,24.75,24.875,-0.125,False,False,61507,261603,775,"[14, 406]","[407, 753]",529,2026-08-11T13:47:05+09:00
2387,2,yes,T12,primary,no,25.0,25.125,-0.125,False,False,61507,261603,775,"[14, 406]","[407, 753]",528,2026-08-11T13:47:06+09:00
2387,2,yes,T16,primary,no,24.625,25.0,-0.375,False,False,61507,261603,775,"[14, 406]","[407, 753]",527,2026-08-11T13:47:06+09:00
2387,2,yes,T20,primary,no,24.625,25.125,-0.5,False,False,61507,261603,775,"[14, 406]","[407, 753]",529,2026-08-11T13:47:07+09:00
2387,2,yes,T24,primary,no,24.625,25.625,-1.0,False,False,61507,261603,775,"[14, 406]","[407, 753]",524,2026-08-11T13:47:07+09:00
2387,2,yes,T0,primary,no,24.875,24.875,0.0,True,False,61507,261603,775,"[14, 406]","[407, 753]",527,2026-08-11T13:47:08+09:00
2387,2,yes,Trel8,primary,no,24.875,27.5,-2.625,False,False,61507,261603,775,"[14, 406]","[407, 753]",527,2026-08-11T13:47:08+09:00
2077,2,yes,S,primary,yes,26.125,25.125,1.0,False,True,445200,173091,381,,,206,2026-08-11T13:47:09+09:00
2077,2,yes,M,primary,yes,26.0,24.875,1.125,False,True,445200,173091,868,"[14, 360]","[361, 846]",606,2026-08-11T13:47:09+09:00
2077,2,yes,T4,primary,yes,26.125,24.75,1.375,False,True,445200,173091,868,"[14, 360]","[361, 846]",608,2026-08-11T13:47:10+09:00
2077,2,yes,T8,primary,yes,25.875,24.625,1.25,False,True,445200,173091,868,"[14, 360]","[361, 846]",608,2026-08-11T13:47:10+09:00
2077,2,yes,T12,primary,yes,26.0,24.625,1.375,False,True,445200,173091,868,"[14, 360]","[361, 846]",610,2026-08-11T13:47:11+09:00
2077,2,yes,T16,primary,yes,25.625,24.5,1.125,False,True,445200,173091,868,"[14, 360]","[361, 846]",610,2026-08-11T13:47:12+09:00
2077,2,yes,T20,primary,yes,25.625,24.5,1.125,False,True,445200,173091,868,"[14, 360]","[361, 846]",609,2026-08-11T13:47:12+09:00
2077,2,yes,T24,primary,yes,26.25,25.0,1.25,False,True,445200,173091,868,"[14, 360]","[361, 846]",610,2026-08-11T13:47:13+09:00
2077,2,yes,T0,primary,yes,26.0,24.625,1.375,False,True,445200,173091,868,"[14, 360]","[361, 846]",609,2026-08-11T13:47:13+09:00
2077,2,yes,Trel8,primary,no,25.5,28.875,-3.375,False,False,445200,173091,868,"[14, 360]","[361, 846]",605,2026-08-11T13:47:14+09:00
991,2,yes,S,primary,yes,27.875,24.75,3.125,False,True,506483,336793,381,,,206,2026-08-11T13:47:14+09:00
991,2,yes,M,primary,yes,27.125,25.375,1.75,False,True,506483,336793,752,"[14, 360]","[361, 730]",492,2026-08-11T13:47:15+09:00
991,2,yes,T4,primary,yes,27.5,25.125,2.375,False,True,506483,336793,752,"[14, 360]","[361, 730]",493,2026-08-11T13:47:15+09:00
991,2,yes,T8,primary,yes,27.25,25.0,2.25,False,True,506483,336793,752,"[14, 360]","[361, 730]",494,2026-08-11T13:47:16+09:00
991,2,yes,T12,primary,yes,27.25,25.0,2.25,False,True,506483,336793,752,"[14, 360]","[361, 730]",492,2026-08-11T13:47:16+09:00
991,2,yes,T16,primary,yes,27.0,24.875,2.125,False,True,506483,336793,752,"[14, 360]","[361, 730]",494,2026-08-11T13:47:17+09:00
991,2,yes,T20,primary,yes,27.25,25.25,2.0,False,True,506483,336793,752,"[14, 360]","[361, 730]",495,2026-08-11T13:47:17+09:00
991,2,yes,T24,primary,yes,27.25,25.375,1.875,False,True,506483,336793,752,"[14, 360]","[361, 730]",494,2026-08-11T13:47:18+09:00
991,2,yes,T0,primary,yes,27.375,24.875,2.5,False,True,506483,336793,752,"[14, 360]","[361, 730]",492,2026-08-11T13:47:18+09:00
991,2,yes,Trel8,primary,no,25.375,28.375,-3.0,False,False,506483,336793,752,"[14, 360]","[361, 730]",492,2026-08-11T13:47:19+09:00
2289,2,yes,M,primary,yes,29.0,25.375,3.625,False,True,21327,556183,775,"[14, 360]","[361, 753]",524,2026-08-11T13:47:19+09:00
2289,2,yes,T4,primary,yes,28.625,24.75,3.875,False,True,21327,556183,775,"[14, 360]","[361, 753]",526,2026-08-11T13:47:20+09:00
2289,2,yes,T8,primary,yes,28.375,24.875,3.5,False,True,21327,556183,775,"[14, 360]","[361, 753]",528,2026-08-11T13:47:20+09:00
2289,2,yes,T12,primary,yes,28.125,24.75,3.375,False,True,21327,556183,775,"[14, 360]","[361, 753]",529,2026-08-11T13:47:21+09:00
2289,2,yes,T16,primary,yes,28.125,24.75,3.375,False,True,21327,556183,775,"[14, 360]","[361, 753]",529,2026-08-11T13:47:21+09:00
2289,2,yes,T20,primary,yes,29.0,25.125,3.875,False,True,21327,556183,775,"[14, 360]","[361, 753]",528,2026-08-11T13:47:22+09:00
2289,2,yes,T24,primary,yes,29.25,25.375,3.875,False,True,21327,556183,775,"[14, 360]","[361, 753]",526,2026-08-11T13:47:22+09:00
2289,2,yes,T0,primary,yes,28.75,24.5,4.25,False,True,21327,556183,775,"[14, 360]","[361, 753]",526,2026-08-11T13:47:23+09:00
2289,2,yes,Trel8,primary,no,25.5,27.75,-2.25,False,False,21327,556183,775,"[14, 360]","[361, 753]",530,2026-08-11T13:47:24+09:00
366,3,no,M,primary,no,24.625,30.0,-5.375,False,True,575755,106909,775,"[14, 360]","[361, 753]",525,2026-08-11T13:47:24+09:00
366,3,no,T4,primary,no,25.0,28.5,-3.5,False,True,575755,106909,775,"[14, 360]","[361, 753]",525,2026-08-11T13:47:25+09:00
366,3,no,T8,primary,no,25.0,28.625,-3.625,False,True,575755,106909,775,"[14, 360]","[361, 753]",528,2026-08-11T13:47:25+09:00
366,3,no,T12,primary,no,25.0,28.5,-3.5,False,True,575755,106909,775,"[14, 360]","[361, 753]",528,2026-08-11T13:47:26+09:00
366,3,no,T16,primary,no,24.875,28.75,-3.875,False,True,575755,106909,775,"[14, 360]","[361, 753]",526,2026-08-11T13:47:26+09:00
366,3,no,T20,primary,no,24.875,29.5,-4.625,False,True,575755,106909,775,"[14, 360]","[361, 753]",526,2026-08-11T13:47:27+09:00
366,3,no,T24,primary,no,25.0,30.375,-5.375,False,True,575755,106909,775,"[14, 360]","[361, 753]",524,2026-08-11T13:47:27+09:00
366,3,no,Trel8,primary,no,24.75,28.25,-3.5,False,True,575755,106909,775,"[14, 360]","[361, 753]",529,2026-08-11T13:47:28+09:00
1902,3,no,S,primary,no,25.375,27.25,-1.875,False,True,31971,158222,520,,,304,2026-08-11T13:47:28+09:00
1902,3,no,M,primary,no,24.375,28.125,-3.75,False,True,31971,158222,868,"[14, 499]","[500, 846]",606,2026-08-11T13:47:29+09:00
1902,3,no,T4,primary,no,25.25,27.0,-1.75,False,True,31971,158222,868,"[14, 499]","[500, 846]",610,2026-08-11T13:47:29+09:00
1902,3,no,T8,primary,no,25.125,27.0,-1.875,False,True,31971,158222,868,"[14, 499]","[500, 846]",609,2026-08-11T13:47:30+09:00
1902,3,no,T12,primary,no,25.125,26.75,-1.625,False,True,31971,158222,868,"[14, 499]","[500, 846]",612,2026-08-11T13:47:31+09:00
1902,3,no,T16,primary,no,24.625,26.5,-1.875,False,True,31971,158222,868,"[14, 499]","[500, 846]",610,2026-08-11T13:47:31+09:00
1902,3,no,T20,primary,no,24.625,27.25,-2.625,False,True,31971,158222,868,"[14, 499]","[500, 846]",607,2026-08-11T13:47:32+09:00
1902,3,no,T24,primary,no,24.75,28.5,-3.75,False,True,31971,158222,868,"[14, 499]","[500, 846]",605,2026-08-11T13:47:32+09:00
1902,3,no,T0,primary,no,25.25,26.875,-1.625,False,True,31971,158222,868,"[14, 499]","[500, 846]",609,2026-08-11T13:47:33+09:00
1902,3,no,Trel8,primary,no,24.75,28.125,-3.375,False,True,31971,158222,868,"[14, 499]","[500, 846]",607,2026-08-11T13:47:34+09:00
2732,3,no,S,primary,no,24.25,28.125,-3.875,False,True,214421,555239,270,,,134,2026-08-11T13:47:34+09:00
2732,3,no,M,primary,no,24.625,28.75,-4.125,False,True,214421,555239,757,"[14, 249]","[250, 735]",507,2026-08-11T13:47:34+09:00
2732,3,no,T4,primary,no,24.875,28.25,-3.375,False,True,214421,555239,757,"[14, 249]","[250, 735]",508,2026-08-11T13:47:35+09:00
2732,3,no,T8,primary,no,24.75,28.25,-3.5,False,True,214421,555239,757,"[14, 249]","[250, 735]",513,2026-08-11T13:47:35+09:00
2732,3,no,T12,primary,no,24.75,28.0,-3.25,False,True,214421,555239,757,"[14, 249]","[250, 735]",510,2026-08-11T13:47:36+09:00
2732,3,no,T16,primary,no,24.75,28.25,-3.5,False,True,214421,555239,757,"[14, 249]","[250, 735]",508,2026-08-11T13:47:36+09:00
2732,3,no,T20,primary,no,25.0,28.625,-3.625,False,True,214421,555239,757,"[14, 249]","[250, 735]",511,2026-08-11T13:47:37+09:00
2732,3,no,T24,primary,no,24.875,28.875,-4.0,False,True,214421,555239,757,"[14, 249]","[250, 735]",510,2026-08-11T13:47:37+09:00
2732,3,no,T0,primary,no,24.75,28.125,-3.375,False,True,214421,555239,757,"[14, 249]","[250, 735]",509,2026-08-11T13:47:38+09:00
2732,3,no,Trel8,primary,no,25.375,28.5,-3.125,False,True,214421,555239,757,"[14, 249]","[250, 735]",507,2026-08-11T13:47:38+09:00
2048,3,no,M,primary,no,25.0,25.875,-0.875,False,True,348469,148392,776,"[14, 360]","[361, 753]",523,2026-08-11T13:47:39+09:00
2048,3,no,T4,primary,no,25.625,27.375,-1.75,False,True,348469,148392,776,"[14, 360]","[361, 753]",522,2026-08-11T13:47:39+09:00
2048,3,no,T8,primary,no,25.5,27.375,-1.875,False,True,348469,148392,776,"[14, 360]","[361, 753]",527,2026-08-11T13:47:40+09:00
2048,3,no,T12,primary,no,25.625,27.25,-1.625,False,True,348469,148392,776,"[14, 360]","[361, 753]",526,2026-08-11T13:47:41+09:00
2048,3,no,T16,primary,no,25.125,27.125,-2.0,False,True,348469,148392,776,"[14, 360]","[361, 753]",524,2026-08-11T13:47:41+09:00
2048,3,no,T20,primary,no,25.0,25.875,-0.875,False,True,348469,148392,776,"[14, 360]","[361, 753]",525,2026-08-11T13:47:42+09:00
2048,3,no,T24,primary,no,25.0,25.875,-0.875,False,True,348469,148392,776,"[14, 360]","[361, 753]",530,2026-08-11T13:47:42+09:00
2048,3,no,T0,primary,no,25.5,27.375,-1.875,False,True,348469,148392,776,"[14, 360]","[361, 753]",526,2026-08-11T13:47:43+09:00
2048,3,no,Trel8,primary,no,25.375,25.375,0.0,True,True,348469,148392,776,"[14, 360]","[361, 753]",525,2026-08-11T13:47:43+09:00
2238,3,no,S,primary,no,24.875,29.125,-4.25,False,True,355256,476035,381,,,206,2026-08-11T13:47:43+09:00
2238,3,no,M,primary,no,24.375,30.0,-5.625,False,True,355256,476035,775,"[14, 360]","[361, 753]",525,2026-08-11T13:47:44+09:00
2238,3,no,T4,primary,no,25.25,27.875,-2.625,False,True,355256,476035,775,"[14, 360]","[361, 753]",524,2026-08-11T13:47:44+09:00
2238,3,no,T8,primary,no,25.0,28.125,-3.125,False,True,355256,476035,775,"[14, 360]","[361, 753]",531,2026-08-11T13:47:45+09:00
2238,3,no,T12,primary,no,25.125,28.0,-2.875,False,True,355256,476035,775,"[14, 360]","[361, 753]",527,2026-08-11T13:47:46+09:00
2238,3,no,T16,primary,no,24.625,28.375,-3.75,False,True,355256,476035,775,"[14, 360]","[361, 753]",529,2026-08-11T13:47:46+09:00
2238,3,no,T20,primary,no,24.75,29.5,-4.75,False,True,355256,476035,775,"[14, 360]","[361, 753]",526,2026-08-11T13:47:47+09:00
2238,3,no,T24,primary,no,24.75,30.375,-5.625,False,True,355256,476035,775,"[14, 360]","[361, 753]",527,2026-08-11T13:47:47+09:00
2238,3,no,T0,primary,no,25.0,28.625,-3.625,False,True,355256,476035,775,"[14, 360]","[361, 753]",524,2026-08-11T13:47:48+09:00
2238,3,no,Trel8,primary,no,24.5,30.375,-5.875,False,True,355256,476035,775,"[14, 360]","[361, 753]",525,2026-08-11T13:47:48+09:00
940,3,no,S,primary,no,25.0,31.0,-6.0,False,True,280734,156685,381,,,205,2026-08-11T13:47:48+09:00
940,3,no,M,primary,no,24.0,30.875,-6.875,False,True,280734,156685,618,"[14, 360]","[361, 596]",377,2026-08-11T13:47:49+09:00
940,3,no,T4,primary,no,25.5,28.625,-3.125,False,True,280734,156685,618,"[14, 360]","[361, 596]",378,2026-08-11T13:47:49+09:00
940,3,no,T8,primary,no,25.375,28.625,-3.25,False,True,280734,156685,618,"[14, 360]","[361, 596]",380,2026-08-11T13:47:50+09:00
940,3,no,T12,primary,no,25.125,29.0,-3.875,False,True,280734,156685,618,"[14, 360]","[361, 596]",379,2026-08-11T13:47:50+09:00
940,3,no,T16,primary,no,24.875,29.125,-4.25,False,True,280734,156685,618,"[14, 360]","[361, 596]",380,2026-08-11T13:47:50+09:00
940,3,no,T20,primary,no,24.5,30.625,-6.125,False,True,280734,156685,618,"[14, 360]","[361, 596]",379,2026-08-11T13:47:51+09:00
940,3,no,T24,primary,no,24.375,31.625,-7.25,False,True,280734,156685,618,"[14, 360]","[361, 596]",379,2026-08-11T13:47:51+09:00
940,3,no,T0,primary,no,25.25,28.125,-2.875,False,True,280734,156685,618,"[14, 360]","[361, 596]",379,2026-08-11T13:47:51+09:00
940,3,no,Trel8,primary,no,24.875,29.375,-4.5,False,True,280734,156685,618,"[14, 360]","[361, 596]",378,2026-08-11T13:47:52+09:00
1796,3,no,M,primary,no,24.375,26.625,-2.25,False,True,100238,7386,724,"[14, 406]","[407, 702]",479,2026-08-11T13:47:52+09:00
1796,3,no,T4,primary,no,24.75,29.375,-4.625,False,True,100238,7386,724,"[14, 406]","[407, 702]",480,2026-08-11T13:47:53+09:00
1796,3,no,T8,primary,no,24.625,29.125,-4.5,False,True,100238,7386,724,"[14, 406]","[407, 702]",484,2026-08-11T13:47:53+09:00
1796,3,no,T12,primary,no,24.5,29.25,-4.75,False,True,100238,7386,724,"[14, 406]","[407, 702]",486,2026-08-11T13:47:54+09:00
1796,3,no,T16,primary,no,24.625,29.0,-4.375,False,True,100238,7386,724,"[14, 406]","[407, 702]",482,2026-08-11T13:47:54+09:00
1796,3,no,T20,primary,no,24.75,28.375,-3.625,False,True,100238,7386,724,"[14, 406]","[407, 702]",483,2026-08-11T13:47:55+09:00
1796,3,no,T24,primary,no,24.375,26.875,-2.5,False,True,100238,7386,724,"[14, 406]","[407, 702]",486,2026-08-11T13:47:55+09:00
1796,3,no,T0,primary,no,24.125,29.125,-5.0,False,True,100238,7386,724,"[14, 406]","[407, 702]",486,2026-08-11T13:47:56+09:00
1796,3,no,Trel8,primary,no,25.125,26.25,-1.125,False,True,100238,7386,724,"[14, 406]","[407, 702]",484,2026-08-11T13:47:56+09:00
1048,3,no,M,primary,no,24.625,27.75,-3.125,False,True,205206,381709,729,"[14, 360]","[361, 707]",479,2026-08-11T13:47:57+09:00
1048,3,no,T4,primary,no,25.0,27.25,-2.25,False,True,205206,381709,729,"[14, 360]","[361, 707]",478,2026-08-11T13:47:57+09:00
1048,3,no,T8,primary,no,24.875,27.25,-2.375,False,True,205206,381709,729,"[14, 360]","[361, 707]",480,2026-08-11T13:47:58+09:00
1048,3,no,T12,primary,no,24.875,27.25,-2.375,False,True,205206,381709,729,"[14, 360]","[361, 707]",482,2026-08-11T13:47:58+09:00
1048,3,no,T16,primary,no,24.875,27.125,-2.25,False,True,205206,381709,729,"[14, 360]","[361, 707]",480,2026-08-11T13:47:59+09:00
1048,3,no,T20,primary,no,24.75,27.375,-2.625,False,True,205206,381709,729,"[14, 360]","[361, 707]",479,2026-08-11T13:47:59+09:00
1048,3,no,T24,primary,no,24.625,27.75,-3.125,False,True,205206,381709,729,"[14, 360]","[361, 707]",481,2026-08-11T13:48:00+09:00
1048,3,no,T0,primary,no,24.625,27.25,-2.625,False,True,205206,381709,729,"[14, 360]","[361, 707]",483,2026-08-11T13:48:00+09:00
1048,3,no,Trel8,primary,no,25.125,26.25,-1.125,False,True,205206,381709,729,"[14, 360]","[361, 707]",482,2026-08-11T13:48:01+09:00
2930,3,no,S,primary,no,25.375,25.625,-0.25,False,True,533201,440037,270,,,134,2026-08-11T13:48:01+09:00
2930,3,no,M,primary,no,24.375,26.125,-1.75,False,True,533201,440037,618,"[14, 249]","[250, 596]",378,2026-08-11T13:48:01+09:00
2930,3,no,T4,primary,no,25.625,25.875,-0.25,False,True,533201,440037,618,"[14, 249]","[250, 596]",377,2026-08-11T13:48:02+09:00
2930,3,no,T8,primary,no,25.25,25.75,-0.5,False,True,533201,440037,618,"[14, 249]","[250, 596]",378,2026-08-11T13:48:02+09:00
2930,3,no,T12,primary,no,25.25,25.625,-0.375,False,True,533201,440037,618,"[14, 249]","[250, 596]",380,2026-08-11T13:48:02+09:00
2930,3,no,T16,primary,no,24.625,25.25,-0.625,False,True,533201,440037,618,"[14, 249]","[250, 596]",379,2026-08-11T13:48:03+09:00
2930,3,no,T20,primary,no,24.375,25.75,-1.375,False,True,533201,440037,618,"[14, 249]","[250, 596]",379,2026-08-11T13:48:03+09:00
2930,3,no,T24,primary,no,24.5,26.125,-1.625,False,True,533201,440037,618,"[14, 249]","[250, 596]",375,2026-08-11T13:48:03+09:00
2930,3,no,T0,primary,no,25.375,25.75,-0.375,False,True,533201,440037,618,"[14, 249]","[250, 596]",376,2026-08-11T13:48:04+09:00
2930,3,no,Trel8,primary,no,24.75,26.75,-2.0,False,True,533201,440037,618,"[14, 249]","[250, 596]",379,2026-08-11T13:48:04+09:00
2502,3,no,M,primary,no,24.875,30.75,-5.875,False,True,378751,387470,776,"[14, 406]","[407, 753]",522,2026-08-11T13:48:05+09:00
2502,3,no,T4,primary,no,25.0,29.5,-4.5,False,True,378751,387470,776,"[14, 406]","[407, 753]",522,2026-08-11T13:48:05+09:00
2502,3,no,T8,primary,no,24.875,29.5,-4.625,False,True,378751,387470,776,"[14, 406]","[407, 753]",527,2026-08-11T13:48:06+09:00
2502,3,no,T12,primary,no,25.125,29.625,-4.5,False,True,378751,387470,776,"[14, 406]","[407, 753]",528,2026-08-11T13:48:06+09:00
2502,3,no,T16,primary,no,25.0,29.25,-4.25,False,True,378751,387470,776,"[14, 406]","[407, 753]",527,2026-08-11T13:48:07+09:00
2502,3,no,T20,primary,no,25.125,30.25,-5.125,False,True,378751,387470,776,"[14, 406]","[407, 753]",528,2026-08-11T13:48:07+09:00
2502,3,no,T24,primary,no,25.125,31.125,-6.0,False,True,378751,387470,776,"[14, 406]","[407, 753]",524,2026-08-11T13:48:08+09:00
2502,3,no,T0,primary,no,24.625,29.25,-4.625,False,True,378751,387470,776,"[14, 406]","[407, 753]",523,2026-08-11T13:48:08+09:00
2502,3,no,Trel8,primary,no,25.5,27.125,-1.625,False,True,378751,387470,776,"[14, 406]","[407, 753]",530,2026-08-11T13:48:09+09:00
958,3,no,M,primary,no,24.0,26.625,-2.625,False,True,489728,581394,646,"[14, 406]","[407, 624]",416,2026-08-11T13:48:09+09:00
958,3,no,T4,primary,no,25.125,28.625,-3.5,False,True,489728,581394,646,"[14, 406]","[407, 624]",415,2026-08-11T13:48:10+09:00
958,3,no,T8,primary,no,25.0,29.0,-4.0,False,True,489728,581394,646,"[14, 406]","[407, 624]",415,2026-08-11T13:48:10+09:00
958,3,no,T12,primary,no,24.75,28.75,-4.0,False,True,489728,581394,646,"[14, 406]","[407, 624]",415,2026-08-11T13:48:11+09:00
958,3,no,T16,primary,no,24.375,27.375,-3.0,False,True,489728,581394,646,"[14, 406]","[407, 624]",416,2026-08-11T13:48:11+09:00
958,3,no,T20,primary,no,24.0,26.375,-2.375,False,True,489728,581394,646,"[14, 406]","[407, 624]",417,2026-08-11T13:48:12+09:00
958,3,no,T24,primary,no,24.25,27.0,-2.75,False,True,489728,581394,646,"[14, 406]","[407, 624]",416,2026-08-11T13:48:12+09:00
958,3,no,T0,primary,no,24.75,28.5,-3.75,False,True,489728,581394,646,"[14, 406]","[407, 624]",414,2026-08-11T13:48:12+09:00
958,3,no,Trel8,primary,no,24.875,26.375,-1.5,False,True,489728,581394,646,"[14, 406]","[407, 624]",413,2026-08-11T13:48:13+09:00
1506,3,no,S,primary,no,24.875,27.0,-2.125,False,True,384040,64779,404,,,226,2026-08-11T13:48:13+09:00
1506,3,no,M,primary,no,24.625,26.75,-2.125,False,True,384040,64779,752,"[14, 383]","[384, 730]",491,2026-08-11T13:48:14+09:00
1506,3,no,T4,primary,no,25.0,26.375,-1.375,False,True,384040,64779,752,"[14, 383]","[384, 730]",490,2026-08-11T13:48:14+09:00
1506,3,no,T8,primary,no,24.875,26.5,-1.625,False,True,384040,64779,752,"[14, 383]","[384, 730]",494,2026-08-11T13:48:15+09:00
1506,3,no,T12,primary,no,25.0,26.625,-1.625,False,True,384040,64779,752,"[14, 383]","[384, 730]",492,2026-08-11T13:48:15+09:00
1506,3,no,T16,primary,no,24.75,26.625,-1.875,False,True,384040,64779,752,"[14, 383]","[384, 730]",494,2026-08-11T13:48:16+09:00
1506,3,no,T20,primary,no,24.75,26.5,-1.75,False,True,384040,64779,752,"[14, 383]","[384, 730]",492,2026-08-11T13:48:16+09:00
1506,3,no,T24,primary,no,24.625,26.75,-2.125,False,True,384040,64779,752,"[14, 383]","[384, 730]",492,2026-08-11T13:48:17+09:00
1506,3,no,T0,primary,no,24.875,26.375,-1.5,False,True,384040,64779,752,"[14, 383]","[384, 730]",490,2026-08-11T13:48:17+09:00
1506,3,no,Trel8,primary,no,24.875,30.0,-5.125,False,True,384040,64779,752,"[14, 383]","[384, 730]",489,2026-08-11T13:48:17+09:00
1232,3,no,M,primary,no,24.75,26.125,-1.375,False,True,49473,116479,602,"[14, 231]","[232, 578]",356,2026-08-11T13:48:18+09:00
1232,3,no,T4,primary,yes,26.0,25.5,0.5,False,False,49473,116479,602,"[14, 231]","[232, 578]",355,2026-08-11T13:48:18+09:00
1232,3,no,T8,primary,yes,25.75,25.5,0.25,False,False,49473,116479,602,"[14, 231]","[232, 578]",357,2026-08-11T13:48:19+09:00
1232,3,no,T12,primary,no,25.5,25.5,0.0,True,True,49473,116479,602,"[14, 231]","[232, 578]",360,2026-08-11T13:48:19+09:00
1232,3,no,T16,primary,no,24.75,25.75,-1.0,False,True,49473,116479,602,"[14, 231]","[232, 578]",360,2026-08-11T13:48:19+09:00
1232,3,no,T20,primary,no,25.0,26.125,-1.125,False,True,49473,116479,602,"[14, 231]","[232, 578]",359,2026-08-11T13:48:20+09:00
1232,3,no,T24,primary,no,25.0,26.25,-1.25,False,True,49473,116479,602,"[14, 231]","[232, 578]",360,2026-08-11T13:48:20+09:00
1232,3,no,Trel8,primary,no,24.875,25.0,-0.125,False,True,49473,116479,602,"[14, 231]","[232, 578]",360,2026-08-11T13:48:20+09:00
1536,3,no,M,primary,no,24.75,25.5,-0.75,False,True,70813,187348,775,"[14, 406]","[407, 753]",526,2026-08-11T13:48:21+09:00
1536,3,no,T4,primary,yes,25.5,25.0,0.5,False,False,70813,187348,775,"[14, 406]","[407, 753]",526,2026-08-11T13:48:21+09:00
1536,3,no,T8,primary,yes,25.25,24.875,0.375,False,False,70813,187348,775,"[14, 406]","[407, 753]",528,2026-08-11T13:48:22+09:00
1536,3,no,T12,primary,yes,25.375,25.0,0.375,False,False,70813,187348,775,"[14, 406]","[407, 753]",529,2026-08-11T13:48:23+09:00
1536,3,no,T16,primary,yes,25.0,24.75,0.25,False,False,70813,187348,775,"[14, 406]","[407, 753]",527,2026-08-11T13:48:23+09:00
1536,3,no,T20,primary,no,24.75,25.25,-0.5,False,True,70813,187348,775,"[14, 406]","[407, 753]",525,2026-08-11T13:48:24+09:00
1536,3,no,T24,primary,no,24.75,25.5,-0.75,False,True,70813,187348,775,"[14, 406]","[407, 753]",525,2026-08-11T13:48:24+09:00
1536,3,no,Trel8,primary,no,24.5,25.5,-1.0,False,True,70813,187348,775,"[14, 406]","[407, 753]",527,2026-08-11T13:48:25+09:00
22,3,no,M,primary,no,23.875,28.0,-4.125,False,True,211674,486568,559,"[14, 337]","[338, 537]",332,2026-08-11T13:48:25+09:00
22,3,no,T4,primary,no,24.75,27.125,-2.375,False,True,211674,486568,559,"[14, 337]","[338, 537]",333,2026-08-11T13:48:25+09:00
22,3,no,T8,primary,no,24.625,27.125,-2.5,False,True,211674,486568,559,"[14, 337]","[338, 537]",334,2026-08-11T13:48:26+09:00
22,3,no,T12,primary,no,24.5,27.0,-2.5,False,True,211674,486568,559,"[14, 337]","[338, 537]",333,2026-08-11T13:48:26+09:00
22,3,no,T16,primary,no,24.25,27.125,-2.875,False,True,211674,486568,559,"[14, 337]","[338, 537]",334,2026-08-11T13:48:26+09:00
22,3,no,T20,primary,no,24.0,27.25,-3.25,False,True,211674,486568,559,"[14, 337]","[338, 537]",334,2026-08-11T13:48:27+09:00
22,3,no,T24,primary,no,24.0,28.0,-4.0,False,True,211674,486568,559,"[14, 337]","[338, 537]",334,2026-08-11T13:48:27+09:00
22,3,no,Trel8,primary,no,24.75,27.375,-2.625,False,True,211674,486568,559,"[14, 337]","[338, 537]",335,2026-08-11T13:48:27+09:00
288,3,no,S,primary,no,24.5,28.25,-3.75,False,True,329717,534271,271,,,134,2026-08-11T13:48:28+09:00
288,3,no,M,primary,no,24.875,29.25,-4.375,False,True,329717,534271,665,"[14, 249]","[250, 642]",432,2026-08-11T13:48:28+09:00
288,3,no,T4,primary,no,25.5,27.25,-1.75,False,True,329717,534271,665,"[14, 249]","[250, 642]",433,2026-08-11T13:48:28+09:00
288,3,no,T8,primary,no,25.25,27.25,-2.0,False,True,329717,534271,665,"[14, 249]","[250, 642]",434,2026-08-11T13:48:29+09:00
288,3,no,T12,primary,no,25.25,27.125,-1.875,False,True,329717,534271,665,"[14, 249]","[250, 642]",433,2026-08-11T13:48:29+09:00
288,3,no,T16,primary,no,25.25,27.625,-2.375,False,True,329717,534271,665,"[14, 249]","[250, 642]",432,2026-08-11T13:48:30+09:00
288,3,no,T20,primary,no,25.25,28.0,-2.75,False,True,329717,534271,665,"[14, 249]","[250, 642]",434,2026-08-11T13:48:30+09:00
288,3,no,T24,primary,no,25.5,29.75,-4.25,False,True,329717,534271,665,"[14, 249]","[250, 642]",430,2026-08-11T13:48:31+09:00
288,3,no,T0,primary,no,25.125,27.5,-2.375,False,True,329717,534271,665,"[14, 249]","[250, 642]",430,2026-08-11T13:48:31+09:00
288,3,no,Trel8,primary,no,25.75,29.5,-3.75,False,True,329717,534271,665,"[14, 249]","[250, 642]",437,2026-08-11T13:48:31+09:00
650,3,no,S,primary,no,24.875,30.25,-5.375,False,True,414516,519027,427,,,250,2026-08-11T13:48:32+09:00
650,3,no,M,primary,no,24.75,29.875,-5.125,False,True,414516,519027,775,"[14, 406]","[407, 753]",525,2026-08-11T13:48:32+09:00
650,3,no,T4,primary,no,25.125,29.375,-4.25,False,True,414516,519027,775,"[14, 406]","[407, 753]",529,2026-08-11T13:48:33+09:00
650,3,no,T8,primary,no,24.875,29.25,-4.375,False,True,414516,519027,775,"[14, 406]","[407, 753]",529,2026-08-11T13:48:33+09:00
650,3,no,T12,primary,no,24.875,29.125,-4.25,False,True,414516,519027,775,"[14, 406]","[407, 753]",530,2026-08-11T13:48:34+09:00
650,3,no,T16,primary,no,24.875,29.25,-4.375,False,True,414516,519027,775,"[14, 406]","[407, 753]",528,2026-08-11T13:48:34+09:00
650,3,no,T20,primary,no,24.875,29.75,-4.875,False,True,414516,519027,775,"[14, 406]","[407, 753]",526,2026-08-11T13:48:35+09:00
650,3,no,T24,primary,no,24.875,30.25,-5.375,False,True,414516,519027,775,"[14, 406]","[407, 753]",524,2026-08-11T13:48:35+09:00
650,3,no,T0,primary,no,24.625,29.0,-4.375,False,True,414516,519027,775,"[14, 406]","[407, 753]",526,2026-08-11T13:48:36+09:00
650,3,no,Trel8,primary,no,25.625,28.875,-3.25,False,True,414516,519027,775,"[14, 406]","[407, 753]",528,2026-08-11T13:48:37+09:00
1728,3,no,S,primary,no,25.0,25.875,-0.875,False,True,473199,206757,427,,,249,2026-08-11T13:48:37+09:00
1728,3,no,M,primary,no,24.5,26.0,-1.5,False,True,473199,206757,821,"[14, 406]","[407, 799]",573,2026-08-11T13:48:37+09:00
1728,3,no,T4,primary,no,25.0,25.625,-0.625,False,True,473199,206757,821,"[14, 406]","[407, 799]",574,2026-08-11T13:48:38+09:00
1728,3,no,T8,primary,no,24.75,25.5,-0.75,False,True,473199,206757,821,"[14, 406]","[407, 799]",578,2026-08-11T13:48:39+09:00
1728,3,no,T12,primary,no,24.875,25.5,-0.625,False,True,473199,206757,821,"[14, 406]","[407, 799]",579,2026-08-11T13:48:39+09:00
1728,3,no,T16,primary,no,24.625,25.625,-1.0,False,True,473199,206757,821,"[14, 406]","[407, 799]",578,2026-08-11T13:48:40+09:00
1728,3,no,T20,primary,no,24.625,25.875,-1.25,False,True,473199,206757,821,"[14, 406]","[407, 799]",578,2026-08-11T13:48:40+09:00
1728,3,no,T24,primary,no,24.625,26.125,-1.5,False,True,473199,206757,821,"[14, 406]","[407, 799]",578,2026-08-11T13:48:41+09:00
1728,3,no,T0,primary,no,24.875,25.5,-0.625,False,True,473199,206757,821,"[14, 406]","[407, 799]",578,2026-08-11T13:48:41+09:00
1728,3,no,Trel8,primary,no,24.75,28.5,-3.75,False,True,473199,206757,821,"[14, 406]","[407, 799]",572,2026-08-11T13:48:42+09:00
46,3,no,M,primary,no,24.125,25.25,-1.125,False,True,461331,351096,664,"[14, 406]","[407, 642]",430,2026-08-11T13:48:42+09:00
46,3,no,T4,primary,no,25.125,26.375,-1.25,False,True,461331,351096,664,"[14, 406]","[407, 642]",433,2026-08-11T13:48:43+09:00
46,3,no,T8,primary,no,24.75,26.125,-1.375,False,True,461331,351096,664,"[14, 406]","[407, 642]",431,2026-08-11T13:48:43+09:00
46,3,no,T12,primary,no,24.625,25.75,-1.125,False,True,461331,351096,664,"[14, 406]","[407, 642]",432,2026-08-11T13:48:44+09:00
46,3,no,T16,primary,no,23.75,24.875,-1.125,False,True,461331,351096,664,"[14, 406]","[407, 642]",433,2026-08-11T13:48:44+09:00
46,3,no,T20,primary,no,24.125,25.125,-1.0,False,True,461331,351096,664,"[14, 406]","[407, 642]",434,2026-08-11T13:48:45+09:00
46,3,no,T24,primary,no,24.0,25.125,-1.125,False,True,461331,351096,664,"[14, 406]","[407, 642]",435,2026-08-11T13:48:45+09:00
46,3,no,T0,primary,no,24.75,26.125,-1.375,False,True,461331,351096,664,"[14, 406]","[407, 642]",435,2026-08-11T13:48:46+09:00
46,3,no,Trel8,primary,no,24.5,25.125,-0.625,False,True,461331,351096,664,"[14, 406]","[407, 642]",432,2026-08-11T13:48:46+09:00
1408,3,no,S,primary,no,25.125,30.25,-5.125,False,True,511341,251655,497,,,281,2026-08-11T13:48:46+09:00
1408,3,no,M,primary,no,24.875,29.5,-4.625,False,True,511341,251655,845,"[14, 475]","[476, 822]",583,2026-08-11T13:48:47+09:00
1408,3,no,T4,primary,no,25.75,28.25,-2.5,False,True,511341,251655,845,"[14, 475]","[476, 822]",586,2026-08-11T13:48:47+09:00
1408,3,no,T8,primary,no,25.625,28.25,-2.625,False,True,511341,251655,845,"[14, 475]","[476, 822]",587,2026-08-11T13:48:48+09:00
1408,3,no,T12,primary,no,25.5,28.125,-2.625,False,True,511341,251655,845,"[14, 475]","[476, 822]",581,2026-08-11T13:48:49+09:00
1408,3,no,T16,primary,no,25.25,28.125,-2.875,False,True,511341,251655,845,"[14, 475]","[476, 822]",583,2026-08-11T13:48:49+09:00
1408,3,no,T20,primary,no,25.125,29.0,-3.875,False,True,511341,251655,845,"[14, 475]","[476, 822]",585,2026-08-11T13:48:50+09:00
1408,3,no,T24,primary,no,25.0,29.5,-4.5,False,True,511341,251655,845,"[14, 475]","[476, 822]",586,2026-08-11T13:48:50+09:00
1408,3,no,T0,primary,no,25.625,28.5,-2.875,False,True,511341,251655,845,"[14, 475]","[476, 822]",585,2026-08-11T13:48:51+09:00
1408,3,no,Trel8,primary,no,24.75,27.0,-2.25,False,True,511341,251655,845,"[14, 475]","[476, 822]",585,2026-08-11T13:48:52+09:00
2446,3,no,S,primary,no,25.0,25.25,-0.25,False,True,238029,163473,427,,,248,2026-08-11T13:48:52+09:00
2446,3,no,M,primary,no,24.375,25.0,-0.625,False,True,238029,163473,821,"[14, 406]","[407, 799]",575,2026-08-11T13:48:52+09:00
2446,3,no,T4,primary,no,25.0,25.25,-0.25,False,True,238029,163473,821,"[14, 406]","[407, 799]",577,2026-08-11T13:48:53+09:00
2446,3,no,T8,primary,no,24.875,25.25,-0.375,False,True,238029,163473,821,"[14, 406]","[407, 799]",577,2026-08-11T13:48:54+09:00
2446,3,no,T12,primary,no,24.875,25.25,-0.375,False,True,238029,163473,821,"[14, 406]","[407, 799]",577,2026-08-11T13:48:54+09:00
2446,3,no,T16,primary,no,24.375,24.875,-0.5,False,True,238029,163473,821,"[14, 406]","[407, 799]",577,2026-08-11T13:48:55+09:00
2446,3,no,T20,primary,no,24.375,25.0,-0.625,False,True,238029,163473,821,"[14, 406]","[407, 799]",574,2026-08-11T13:48:55+09:00
2446,3,no,T24,primary,no,24.25,24.875,-0.625,False,True,238029,163473,821,"[14, 406]","[407, 799]",574,2026-08-11T13:48:56+09:00
2446,3,no,T0,primary,no,24.75,24.875,-0.125,False,True,238029,163473,821,"[14, 406]","[407, 799]",576,2026-08-11T13:48:57+09:00
2446,3,no,Trel8,primary,no,24.625,26.875,-2.25,False,True,238029,163473,821,"[14, 406]","[407, 799]",577,2026-08-11T13:48:57+09:00
1108,3,no,M,primary,no,25.0,30.75,-5.75,False,True,40361,48917,671,"[14, 301]","[302, 648]",434,2026-08-11T13:48:58+09:00
1108,3,no,T4,primary,no,25.375,28.75,-3.375,False,True,40361,48917,671,"[14, 301]","[302, 648]",433,2026-08-11T13:48:58+09:00
1108,3,no,T8,primary,no,25.25,29.25,-4.0,False,True,40361,48917,671,"[14, 301]","[302, 648]",434,2026-08-11T13:48:58+09:00
1108,3,no,T12,primary,no,25.5,29.375,-3.875,False,True,40361,48917,671,"[14, 301]","[302, 648]",435,2026-08-11T13:48:59+09:00
1108,3,no,T16,primary,no,24.875,29.375,-4.5,False,True,40361,48917,671,"[14, 301]","[302, 648]",434,2026-08-11T13:48:59+09:00
1108,3,no,T20,primary,no,24.875,30.0,-5.125,False,True,40361,48917,671,"[14, 301]","[302, 648]",432,2026-08-11T13:49:00+09:00
1108,3,no,T24,primary,no,25.375,31.0,-5.625,False,True,40361,48917,671,"[14, 301]","[302, 648]",432,2026-08-11T13:49:00+09:00
1108,3,no,T0,primary,no,25.375,29.0,-3.625,False,True,40361,48917,671,"[14, 301]","[302, 648]",435,2026-08-11T13:49:01+09:00
1108,3,no,Trel8,primary,no,25.25,30.25,-5.0,False,True,40361,48917,671,"[14, 301]","[302, 648]",435,2026-08-11T13:49:01+09:00
2612,3,no,S,primary,yes,26.75,25.125,1.625,False,False,415727,185125,428,,,248,2026-08-11T13:49:01+09:00
2612,3,no,M,primary,yes,25.25,24.75,0.5,False,False,415727,185125,915,"[14, 406]","[407, 892]",666,2026-08-11T13:49:02+09:00
2612,3,no,T4,primary,yes,25.25,25.0,0.25,False,False,415727,185125,915,"[14, 406]","[407, 892]",670,2026-08-11T13:49:03+09:00
2612,3,no,T8,primary,yes,25.125,24.875,0.25,False,False,415727,185125,915,"[14, 406]","[407, 892]",669,2026-08-11T13:49:03+09:00
2612,3,no,T12,primary,yes,25.0,24.875,0.125,False,False,415727,185125,915,"[14, 406]","[407, 892]",668,2026-08-11T13:49:04+09:00
2612,3,no,T16,primary,yes,24.75,24.625,0.125,False,False,415727,185125,915,"[14, 406]","[407, 892]",665,2026-08-11T13:49:05+09:00
2612,3,no,T20,primary,yes,25.125,24.375,0.75,False,False,415727,185125,915,"[14, 406]","[407, 892]",671,2026-08-11T13:49:05+09:00
2612,3,no,T24,primary,yes,25.0,24.5,0.5,False,False,415727,185125,915,"[14, 406]","[407, 892]",670,2026-08-11T13:49:06+09:00
2612,3,no,T0,primary,yes,25.5,24.625,0.875,False,False,415727,185125,915,"[14, 406]","[407, 892]",671,2026-08-11T13:49:07+09:00
2612,3,no,Trel8,primary,no,25.0,25.875,-0.875,False,True,415727,185125,915,"[14, 406]","[407, 892]",670,2026-08-11T13:49:07+09:00
350,3,no,M,primary,no,25.25,31.875,-6.625,False,True,84447,419856,821,"[14, 406]","[407, 799]",575,2026-08-11T13:49:08+09:00
350,3,no,T4,primary,no,25.375,28.875,-3.5,False,True,84447,419856,821,"[14, 406]","[407, 799]",574,2026-08-11T13:49:09+09:00
350,3,no,T8,primary,no,25.25,29.125,-3.875,False,True,84447,419856,821,"[14, 406]","[407, 799]",578,2026-08-11T13:49:09+09:00
350,3,no,T12,primary,no,25.375,28.875,-3.5,False,True,84447,419856,821,"[14, 406]","[407, 799]",577,2026-08-11T13:49:10+09:00
350,3,no,T16,primary,no,25.25,29.375,-4.125,False,True,84447,419856,821,"[14, 406]","[407, 799]",576,2026-08-11T13:49:10+09:00
350,3,no,T20,primary,no,25.125,30.75,-5.625,False,True,84447,419856,821,"[14, 406]","[407, 799]",575,2026-08-11T13:49:11+09:00
350,3,no,T24,primary,no,25.75,32.75,-7.0,False,True,84447,419856,821,"[14, 406]","[407, 799]",576,2026-08-11T13:49:11+09:00
350,3,no,T0,primary,no,25.0,29.0,-4.0,False,True,84447,419856,821,"[14, 406]","[407, 799]",577,2026-08-11T13:49:12+09:00
350,3,no,Trel8,primary,no,25.25,29.5,-4.25,False,True,84447,419856,821,"[14, 406]","[407, 799]",577,2026-08-11T13:49:13+09:00
2242,3,no,M,primary,no,24.625,28.25,-3.625,False,True,304819,556420,821,"[14, 406]","[407, 799]",573,2026-08-11T13:49:13+09:00
2242,3,no,T4,primary,no,25.0,26.5,-1.5,False,True,304819,556420,821,"[14, 406]","[407, 799]",573,2026-08-11T13:49:14+09:00
2242,3,no,T8,primary,no,25.0,26.625,-1.625,False,True,304819,556420,821,"[14, 406]","[407, 799]",577,2026-08-11T13:49:14+09:00
2242,3,no,T12,primary,no,25.0,26.5,-1.5,False,True,304819,556420,821,"[14, 406]","[407, 799]",579,2026-08-11T13:49:15+09:00
2242,3,no,T16,primary,no,24.75,26.75,-2.0,False,True,304819,556420,821,"[14, 406]","[407, 799]",578,2026-08-11T13:49:16+09:00
2242,3,no,T20,primary,no,24.75,28.0,-3.25,False,True,304819,556420,821,"[14, 406]","[407, 799]",579,2026-08-11T13:49:16+09:00
2242,3,no,T24,primary,no,24.75,28.375,-3.625,False,True,304819,556420,821,"[14, 406]","[407, 799]",578,2026-08-11T13:49:17+09:00
2242,3,no,T0,primary,no,24.75,26.5,-1.75,False,True,304819,556420,821,"[14, 406]","[407, 799]",577,2026-08-11T13:49:17+09:00
2242,3,no,Trel8,primary,no,25.0,26.25,-1.25,False,True,304819,556420,821,"[14, 406]","[407, 799]",576,2026-08-11T13:49:18+09:00
1148,3,no,M,primary,no,25.25,27.375,-2.125,False,True,529668,62459,821,"[14, 406]","[407, 799]",573,2026-08-11T13:49:18+09:00
1148,3,no,T4,primary,no,25.125,26.125,-1.0,False,True,529668,62459,821,"[14, 406]","[407, 799]",573,2026-08-11T13:49:19+09:00
1148,3,no,T8,primary,no,25.0,26.125,-1.125,False,True,529668,62459,821,"[14, 406]","[407, 799]",578,2026-08-11T13:49:20+09:00
1148,3,no,T12,primary,no,25.0,26.25,-1.25,False,True,529668,62459,821,"[14, 406]","[407, 799]",577,2026-08-11T13:49:20+09:00
1148,3,no,T16,primary,no,24.875,26.5,-1.625,False,True,529668,62459,821,"[14, 406]","[407, 799]",578,2026-08-11T13:49:21+09:00
1148,3,no,T20,primary,no,25.25,27.25,-2.0,False,True,529668,62459,821,"[14, 406]","[407, 799]",579,2026-08-11T13:49:21+09:00
1148,3,no,T24,primary,no,25.25,27.375,-2.125,False,True,529668,62459,821,"[14, 406]","[407, 799]",575,2026-08-11T13:49:22+09:00
1148,3,no,T0,primary,no,25.0,26.0,-1.0,False,True,529668,62459,821,"[14, 406]","[407, 799]",576,2026-08-11T13:49:23+09:00
1148,3,no,Trel8,primary,no,25.125,29.125,-4.0,False,True,529668,62459,821,"[14, 406]","[407, 799]",579,2026-08-11T13:49:23+09:00
2820,3,no,S,primary,no,25.25,29.5,-4.25,False,True,559547,491058,451,,,259,2026-08-11T13:49:23+09:00
2820,3,no,M,primary,no,25.125,29.25,-4.125,False,True,559547,491058,799,"[14, 429]","[430, 776]",540,2026-08-11T13:49:24+09:00
2820,3,no,T4,primary,no,25.5,28.375,-2.875,False,True,559547,491058,799,"[14, 429]","[430, 776]",540,2026-08-11T13:49:24+09:00
2820,3,no,T8,primary,no,25.25,28.375,-3.125,False,True,559547,491058,799,"[14, 429]","[430, 776]",543,2026-08-11T13:49:25+09:00
2820,3,no,T12,primary,no,25.375,28.375,-3.0,False,True,559547,491058,799,"[14, 429]","[430, 776]",541,2026-08-11T13:49:26+09:00
2820,3,no,T16,primary,no,25.25,28.75,-3.5,False,True,559547,491058,799,"[14, 429]","[430, 776]",543,2026-08-11T13:49:26+09:00
2820,3,no,T20,primary,no,25.125,29.0,-3.875,False,True,559547,491058,799,"[14, 429]","[430, 776]",541,2026-08-11T13:49:27+09:00
2820,3,no,T24,primary,no,25.25,29.375,-4.125,False,True,559547,491058,799,"[14, 429]","[430, 776]",541,2026-08-11T13:49:27+09:00
2820,3,no,T0,primary,no,25.5,28.5,-3.0,False,True,559547,491058,799,"[14, 429]","[430, 776]",542,2026-08-11T13:49:28+09:00
2820,3,no,Trel8,primary,no,25.0,29.25,-4.25,False,True,559547,491058,799,"[14, 429]","[430, 776]",543,2026-08-11T13:49:28+09:00
1428,3,no,S,primary,no,24.75,27.75,-3.0,False,True,100215,221536,271,,,133,2026-08-11T13:49:28+09:00
1428,3,no,M,primary,no,24.875,28.125,-3.25,False,True,100215,221536,665,"[14, 249]","[250, 642]",432,2026-08-11T13:49:29+09:00
1428,3,no,T4,primary,no,25.625,28.125,-2.5,False,True,100215,221536,665,"[14, 249]","[250, 642]",430,2026-08-11T13:49:29+09:00
1428,3,no,T8,primary,no,25.5,28.0,-2.5,False,True,100215,221536,665,"[14, 249]","[250, 642]",434,2026-08-11T13:49:30+09:00
1428,3,no,T12,primary,no,25.375,27.625,-2.25,False,True,100215,221536,665,"[14, 249]","[250, 642]",434,2026-08-11T13:49:30+09:00
1428,3,no,T16,primary,no,25.375,28.125,-2.75,False,True,100215,221536,665,"[14, 249]","[250, 642]",434,2026-08-11T13:49:31+09:00
1428,3,no,T20,primary,no,25.625,28.5,-2.875,False,True,100215,221536,665,"[14, 249]","[250, 642]",433,2026-08-11T13:49:31+09:00
1428,3,no,T24,primary,no,25.25,28.375,-3.125,False,True,100215,221536,665,"[14, 249]","[250, 642]",435,2026-08-11T13:49:32+09:00
1428,3,no,T0,primary,no,25.375,27.75,-2.375,False,True,100215,221536,665,"[14, 249]","[250, 642]",436,2026-08-11T13:49:32+09:00
1428,3,no,Trel8,primary,no,25.625,30.0,-4.375,False,True,100215,221536,665,"[14, 249]","[250, 642]",437,2026-08-11T13:49:32+09:00
1832,3,no,M,primary,no,23.875,28.125,-4.25,False,True,349936,238708,821,"[14, 406]","[407, 799]",576,2026-08-11T13:49:33+09:00
1832,3,no,T4,primary,no,24.25,25.75,-1.5,False,True,349936,238708,821,"[14, 406]","[407, 799]",577,2026-08-11T13:49:34+09:00
1832,3,no,T8,primary,no,24.0,25.75,-1.75,False,True,349936,238708,821,"[14, 406]","[407, 799]",578,2026-08-11T13:49:34+09:00
1832,3,no,T12,primary,no,24.25,26.125,-1.875,False,True,349936,238708,821,"[14, 406]","[407, 799]",578,2026-08-11T13:49:35+09:00
1832,3,no,T16,primary,no,24.125,26.5,-2.375,False,True,349936,238708,821,"[14, 406]","[407, 799]",580,2026-08-11T13:49:35+09:00
1832,3,no,T20,primary,no,24.25,27.125,-2.875,False,True,349936,238708,821,"[14, 406]","[407, 799]",578,2026-08-11T13:49:36+09:00
1832,3,no,T24,primary,no,24.125,28.5,-4.375,False,True,349936,238708,821,"[14, 406]","[407, 799]",575,2026-08-11T13:49:36+09:00
1832,3,no,T0,primary,no,24.0,25.5,-1.5,False,True,349936,238708,821,"[14, 406]","[407, 799]",576,2026-08-11T13:49:37+09:00
1832,3,no,Trel8,primary,no,24.375,27.5,-3.125,False,True,349936,238708,821,"[14, 406]","[407, 799]",577,2026-08-11T13:49:38+09:00
2084,3,no,S,primary,no,24.75,30.875,-6.125,False,True,433574,107800,427,,,249,2026-08-11T13:49:38+09:00
2084,3,no,M,primary,no,24.75,28.125,-3.375,False,True,433574,107800,821,"[14, 406]","[407, 799]",576,2026-08-11T13:49:39+09:00
2084,3,no,T4,primary,no,24.875,29.375,-4.5,False,True,433574,107800,821,"[14, 406]","[407, 799]",576,2026-08-11T13:49:39+09:00
2084,3,no,T8,primary,no,24.75,29.75,-5.0,False,True,433574,107800,821,"[14, 406]","[407, 799]",574,2026-08-11T13:49:40+09:00
2084,3,no,T12,primary,no,24.75,29.625,-4.875,False,True,433574,107800,821,"[14, 406]","[407, 799]",574,2026-08-11T13:49:40+09:00
2084,3,no,T16,primary,no,24.625,27.75,-3.125,False,True,433574,107800,821,"[14, 406]","[407, 799]",578,2026-08-11T13:49:41+09:00
2084,3,no,T20,primary,no,24.75,27.625,-2.875,False,True,433574,107800,821,"[14, 406]","[407, 799]",576,2026-08-11T13:49:41+09:00
2084,3,no,T24,primary,no,24.875,28.25,-3.375,False,True,433574,107800,821,"[14, 406]","[407, 799]",577,2026-08-11T13:49:42+09:00
2084,3,no,T0,primary,no,24.25,29.375,-5.125,False,True,433574,107800,821,"[14, 406]","[407, 799]",575,2026-08-11T13:49:43+09:00
2084,3,no,Trel8,primary,no,25.375,27.375,-2.0,False,True,433574,107800,821,"[14, 406]","[407, 799]",576,2026-08-11T13:49:43+09:00
2850,3,no,M,primary,no,24.25,24.5,-0.25,False,True,264155,46732,729,"[14, 360]","[361, 707]",481,2026-08-11T13:49:44+09:00
2850,3,no,T4,primary,yes,25.875,25.0,0.875,False,False,264155,46732,729,"[14, 360]","[361, 707]",481,2026-08-11T13:49:44+09:00
2850,3,no,T8,primary,yes,25.875,24.875,1.0,False,False,264155,46732,729,"[14, 360]","[361, 707]",482,2026-08-11T13:49:45+09:00
2850,3,no,T12,primary,yes,25.75,24.875,0.875,False,False,264155,46732,729,"[14, 360]","[361, 707]",483,2026-08-11T13:49:45+09:00
2850,3,no,T16,primary,yes,25.25,24.75,0.5,False,False,264155,46732,729,"[14, 360]","[361, 707]",484,2026-08-11T13:49:46+09:00
2850,3,no,T20,primary,yes,24.75,24.625,0.125,False,False,264155,46732,729,"[14, 360]","[361, 707]",482,2026-08-11T13:49:46+09:00
2850,3,no,T24,primary,no,24.375,24.75,-0.375,False,True,264155,46732,729,"[14, 360]","[361, 707]",484,2026-08-11T13:49:47+09:00
2850,3,no,Trel8,primary,no,24.625,27.375,-2.75,False,True,264155,46732,729,"[14, 360]","[361, 707]",483,2026-08-11T13:49:47+09:00
2500,3,no,S,primary,no,24.375,29.25,-4.875,False,True,378751,568111,427,,,248,2026-08-11T13:49:47+09:00
2500,3,no,M,primary,no,24.25,25.375,-1.125,False,True,378751,568111,821,"[14, 406]","[407, 799]",573,2026-08-11T13:49:48+09:00
2500,3,no,T4,primary,no,24.5,28.375,-3.875,False,True,378751,568111,821,"[14, 406]","[407, 799]",575,2026-08-11T13:49:49+09:00
2500,3,no,T8,primary,no,24.25,28.25,-4.0,False,True,378751,568111,821,"[14, 406]","[407, 799]",574,2026-08-11T13:49:49+09:00
2500,3,no,T12,primary,no,24.375,28.25,-3.875,False,True,378751,568111,821,"[14, 406]","[407, 799]",576,2026-08-11T13:49:50+09:00
2500,3,no,T16,primary,no,24.375,28.25,-3.875,False,True,378751,568111,821,"[14, 406]","[407, 799]",577,2026-08-11T13:49:50+09:00
2500,3,no,T20,primary,no,24.25,27.25,-3.0,False,True,378751,568111,821,"[14, 406]","[407, 799]",578,2026-08-11T13:49:51+09:00
2500,3,no,T24,primary,no,24.25,25.75,-1.5,False,True,378751,568111,821,"[14, 406]","[407, 799]",578,2026-08-11T13:49:51+09:00
2500,3,no,T0,primary,no,24.25,28.25,-4.0,False,True,378751,568111,821,"[14, 406]","[407, 799]",576,2026-08-11T13:49:52+09:00
2500,3,no,Trel8,primary,yes,25.375,25.0,0.375,False,False,378751,568111,821,"[14, 406]","[407, 799]",575,2026-08-11T13:49:53+09:00
1660,3,no,S,primary,no,25.25,25.875,-0.625,False,True,442809,157053,382,,,205,2026-08-11T13:49:53+09:00
1660,3,no,M,primary,no,25.0,25.625,-0.625,False,True,442809,157053,730,"[14, 360]","[361, 707]",480,2026-08-11T13:49:53+09:00
1660,3,no,T4,primary,no,25.375,26.125,-0.75,False,True,442809,157053,730,"[14, 360]","[361, 707]",476,2026-08-11T13:49:54+09:00
1660,3,no,T8,primary,no,25.25,26.0,-0.75,False,True,442809,157053,730,"[14, 360]","[361, 707]",480,2026-08-11T13:49:54+09:00
1660,3,no,T12,primary,no,25.25,26.0,-0.75,False,True,442809,157053,730,"[14, 360]","[361, 707]",481,2026-08-11T13:49:55+09:00
1660,3,no,T16,primary,no,25.125,26.0,-0.875,False,True,442809,157053,730,"[14, 360]","[361, 707]",480,2026-08-11T13:49:55+09:00
1660,3,no,T20,primary,no,25.0,25.875,-0.875,False,True,442809,157053,730,"[14, 360]","[361, 707]",479,2026-08-11T13:49:56+09:00
1660,3,no,T24,primary,no,25.0,25.625,-0.625,False,True,442809,157053,730,"[14, 360]","[361, 707]",479,2026-08-11T13:49:56+09:00
1660,3,no,T0,primary,no,25.375,26.25,-0.875,False,True,442809,157053,730,"[14, 360]","[361, 707]",482,2026-08-11T13:49:57+09:00
1660,3,no,Trel8,primary,no,25.125,28.25,-3.125,False,True,442809,157053,730,"[14, 360]","[361, 707]",482,2026-08-11T13:49:57+09:00
1380,3,no,S,primary,no,25.0,30.375,-5.375,False,True,37900,60823,381,,,206,2026-08-11T13:49:57+09:00
1380,3,no,M,primary,no,24.5,27.375,-2.875,False,True,37900,60823,775,"[14, 360]","[361, 753]",526,2026-08-11T13:49:58+09:00
1380,3,no,T4,primary,no,25.125,29.125,-4.0,False,True,37900,60823,775,"[14, 360]","[361, 753]",527,2026-08-11T13:49:58+09:00
1380,3,no,T8,primary,no,24.875,29.125,-4.25,False,True,37900,60823,775,"[14, 360]","[361, 753]",530,2026-08-11T13:49:59+09:00
1380,3,no,T12,primary,no,25.0,28.75,-3.75,False,True,37900,60823,775,"[14, 360]","[361, 753]",529,2026-08-11T13:50:00+09:00
1380,3,no,T16,primary,no,25.0,28.25,-3.25,False,True,37900,60823,775,"[14, 360]","[361, 753]",527,2026-08-11T13:50:00+09:00
1380,3,no,T20,primary,no,24.5,27.25,-2.75,False,True,37900,60823,775,"[14, 360]","[361, 753]",524,2026-08-11T13:50:01+09:00
1380,3,no,T24,primary,no,24.625,27.5,-2.875,False,True,37900,60823,775,"[14, 360]","[361, 753]",526,2026-08-11T13:50:01+09:00
1380,3,no,T0,primary,no,25.0,29.375,-4.375,False,True,37900,60823,775,"[14, 360]","[361, 753]",528,2026-08-11T13:50:02+09:00
1380,3,no,Trel8,primary,no,24.75,26.875,-2.125,False,True,37900,60823,775,"[14, 360]","[361, 753]",529,2026-08-11T13:50:02+09:00
2880,3,no,S,primary,no,24.625,28.625,-4.0,False,True,8749,474519,381,,,206,2026-08-11T13:50:02+09:00
2880,3,no,M,primary,no,24.875,29.5,-4.625,False,True,8749,474519,729,"[14, 360]","[361, 707]",478,2026-08-11T13:50:03+09:00
2880,3,no,T4,primary,no,25.375,27.375,-2.0,False,True,8749,474519,729,"[14, 360]","[361, 707]",480,2026-08-11T13:50:03+09:00
2880,3,no,T8,primary,no,25.25,27.375,-2.125,False,True,8749,474519,729,"[14, 360]","[361, 707]",482,2026-08-11T13:50:04+09:00
2880,3,no,T12,primary,no,25.25,27.25,-2.0,False,True,8749,474519,729,"[14, 360]","[361, 707]",484,2026-08-11T13:50:04+09:00
2880,3,no,T16,primary,no,25.25,27.5,-2.25,False,True,8749,474519,729,"[14, 360]","[361, 707]",480,2026-08-11T13:50:05+09:00
2880,3,no,T20,primary,no,25.125,28.5,-3.375,False,True,8749,474519,729,"[14, 360]","[361, 707]",478,2026-08-11T13:50:05+09:00
2880,3,no,T24,primary,no,25.125,29.625,-4.5,False,True,8749,474519,729,"[14, 360]","[361, 707]",480,2026-08-11T13:50:06+09:00
2880,3,no,T0,primary,no,25.25,27.25,-2.0,False,True,8749,474519,729,"[14, 360]","[361, 707]",482,2026-08-11T13:50:06+09:00
2880,3,no,Trel8,primary,no,25.125,29.0,-3.875,False,True,8749,474519,729,"[14, 360]","[361, 707]",481,2026-08-11T13:50:07+09:00
2268,3,no,M,primary,no,25.25,27.125,-1.875,False,True,235541,511895,661,"[14, 360]","[361, 638]",419,2026-08-11T13:50:07+09:00
2268,3,no,T4,primary,no,25.5,28.125,-2.625,False,True,235541,511895,661,"[14, 360]","[361, 638]",418,2026-08-11T13:50:08+09:00
2268,3,no,T8,primary,no,25.5,28.125,-2.625,False,True,235541,511895,661,"[14, 360]","[361, 638]",419,2026-08-11T13:50:08+09:00
2268,3,no,T12,primary,no,25.625,27.75,-2.125,False,True,235541,511895,661,"[14, 360]","[361, 638]",420,2026-08-11T13:50:08+09:00
2268,3,no,T16,primary,no,25.25,26.5,-1.25,False,True,235541,511895,661,"[14, 360]","[361, 638]",421,2026-08-11T13:50:09+09:00
2268,3,no,T20,primary,no,25.5,27.125,-1.625,False,True,235541,511895,661,"[14, 360]","[361, 638]",419,2026-08-11T13:50:09+09:00
2268,3,no,T24,primary,no,25.25,27.125,-1.875,False,True,235541,511895,661,"[14, 360]","[361, 638]",420,2026-08-11T13:50:10+09:00
2268,3,no,T0,primary,no,25.5,28.125,-2.625,False,True,235541,511895,661,"[14, 360]","[361, 638]",422,2026-08-11T13:50:10+09:00
2268,3,no,Trel8,primary,yes,25.75,25.0,0.75,False,False,235541,511895,661,"[14, 360]","[361, 638]",422,2026-08-11T13:50:11+09:00
2630,3,no,S,primary,no,25.25,25.625,-0.375,False,True,117527,39399,381,,,207,2026-08-11T13:50:11+09:00
2630,3,no,M,primary,no,25.25,25.375,-0.125,False,True,117527,39399,844,"[14, 360]","[361, 822]",582,2026-08-11T13:50:11+09:00
2630,3,no,T4,primary,no,25.25,25.875,-0.625,False,True,117527,39399,844,"[14, 360]","[361, 822]",584,2026-08-11T13:50:12+09:00
2630,3,no,T8,primary,no,25.125,25.75,-0.625,False,True,117527,39399,844,"[14, 360]","[361, 822]",586,2026-08-11T13:50:13+09:00
2630,3,no,T12,primary,no,25.25,25.625,-0.375,False,True,117527,39399,844,"[14, 360]","[361, 822]",582,2026-08-11T13:50:13+09:00
2630,3,no,T16,primary,no,25.125,25.5,-0.375,False,True,117527,39399,844,"[14, 360]","[361, 822]",582,2026-08-11T13:50:14+09:00
2630,3,no,T20,primary,yes,25.5,25.25,0.25,False,False,117527,39399,844,"[14, 360]","[361, 822]",579,2026-08-11T13:50:14+09:00
2630,3,no,T24,primary,no,25.375,25.375,0.0,True,True,117527,39399,844,"[14, 360]","[361, 822]",583,2026-08-11T13:50:15+09:00
2630,3,no,T0,primary,no,25.25,25.875,-0.625,False,True,117527,39399,844,"[14, 360]","[361, 822]",584,2026-08-11T13:50:16+09:00
2630,3,no,Trel8,primary,no,24.875,25.25,-0.375,False,True,117527,39399,844,"[14, 360]","[361, 822]",584,2026-08-11T13:50:16+09:00
1076,3,no,M,primary,no,23.625,27.5,-3.875,False,True,227204,213156,821,"[14, 406]","[407, 799]",573,2026-08-11T13:50:17+09:00
1076,3,no,T4,primary,no,24.125,27.5,-3.375,False,True,227204,213156,821,"[14, 406]","[407, 799]",573,2026-08-11T13:50:17+09:00
1076,3,no,T8,primary,no,23.875,27.5,-3.625,False,True,227204,213156,821,"[14, 406]","[407, 799]",577,2026-08-11T13:50:18+09:00
1076,3,no,T12,primary,no,24.0,27.5,-3.5,False,True,227204,213156,821,"[14, 406]","[407, 799]",575,2026-08-11T13:50:18+09:00
1076,3,no,T16,primary,no,23.75,27.75,-4.0,False,True,227204,213156,821,"[14, 406]","[407, 799]",574,2026-08-11T13:50:19+09:00
1076,3,no,T20,primary,no,24.0,27.625,-3.625,False,True,227204,213156,821,"[14, 406]","[407, 799]",577,2026-08-11T13:50:20+09:00
1076,3,no,T24,primary,no,23.875,27.875,-4.0,False,True,227204,213156,821,"[14, 406]","[407, 799]",577,2026-08-11T13:50:20+09:00
1076,3,no,T0,primary,no,23.625,27.125,-3.5,False,True,227204,213156,821,"[14, 406]","[407, 799]",577,2026-08-11T13:50:21+09:00
1076,3,no,Trel8,primary,no,24.875,27.25,-2.375,False,True,227204,213156,821,"[14, 406]","[407, 799]",578,2026-08-11T13:50:21+09:00
846,3,no,S,primary,no,25.125,29.75,-4.625,False,True,443240,135914,427,,,248,2026-08-11T13:50:22+09:00
846,3,no,M,primary,no,25.375,25.625,-0.25,False,True,443240,135914,821,"[14, 406]","[407, 799]",574,2026-08-11T13:50:22+09:00
846,3,no,T4,primary,no,25.75,27.625,-1.875,False,True,443240,135914,821,"[14, 406]","[407, 799]",578,2026-08-11T13:50:23+09:00
846,3,no,T8,primary,no,25.625,27.75,-2.125,False,True,443240,135914,821,"[14, 406]","[407, 799]",576,2026-08-11T13:50:23+09:00
846,3,no,T12,primary,no,25.5,27.625,-2.125,False,True,443240,135914,821,"[14, 406]","[407, 799]",576,2026-08-11T13:50:24+09:00
846,3,no,T16,primary,no,25.125,27.625,-2.5,False,True,443240,135914,821,"[14, 406]","[407, 799]",579,2026-08-11T13:50:25+09:00
846,3,no,T20,primary,no,25.125,26.625,-1.5,False,True,443240,135914,821,"[14, 406]","[407, 799]",579,2026-08-11T13:50:25+09:00
846,3,no,T24,primary,no,25.5,26.125,-0.625,False,True,443240,135914,821,"[14, 406]","[407, 799]",578,2026-08-11T13:50:26+09:00
846,3,no,T0,primary,no,25.375,27.875,-2.5,False,True,443240,135914,821,"[14, 406]","[407, 799]",578,2026-08-11T13:50:26+09:00
846,3,no,Trel8,primary,no,25.0,25.625,-0.625,False,True,443240,135914,821,"[14, 406]","[407, 799]",577,2026-08-11T13:50:27+09:00
2570,3,no,S,primary,no,25.125,31.25,-6.125,False,True,52689,455040,381,,,207,2026-08-11T13:50:27+09:00
2570,3,no,M,primary,no,24.25,28.75,-4.5,False,True,52689,455040,683,"[14, 360]","[361, 661]",445,2026-08-11T13:50:28+09:00
2570,3,no,T4,primary,no,25.125,29.5,-4.375,False,True,52689,455040,683,"[14, 360]","[361, 661]",444,2026-08-11T13:50:28+09:00
2570,3,no,T8,primary,no,25.125,29.625,-4.5,False,True,52689,455040,683,"[14, 360]","[361, 661]",447,2026-08-11T13:50:28+09:00
2570,3,no,T12,primary,no,25.125,29.5,-4.375,False,True,52689,455040,683,"[14, 360]","[361, 661]",446,2026-08-11T13:50:29+09:00
2570,3,no,T16,primary,no,24.75,29.625,-4.875,False,True,52689,455040,683,"[14, 360]","[361, 661]",447,2026-08-11T13:50:29+09:00
2570,3,no,T20,primary,no,24.5,28.875,-4.375,False,True,52689,455040,683,"[14, 360]","[361, 661]",444,2026-08-11T13:50:30+09:00
2570,3,no,T24,primary,no,24.5,29.125,-4.625,False,True,52689,455040,683,"[14, 360]","[361, 661]",444,2026-08-11T13:50:30+09:00
2570,3,no,T0,primary,no,24.875,29.125,-4.25,False,True,52689,455040,683,"[14, 360]","[361, 661]",447,2026-08-11T13:50:31+09:00
2570,3,no,Trel8,primary,no,24.5,27.5,-3.0,False,True,52689,455040,683,"[14, 360]","[361, 661]",448,2026-08-11T13:50:31+09:00
714,3,no,M,primary,no,23.625,25.75,-2.125,False,True,239130,307074,646,"[14, 406]","[407, 624]",414,2026-08-11T13:50:32+09:00
714,3,no,T4,primary,no,24.5,26.125,-1.625,False,True,239130,307074,646,"[14, 406]","[407, 624]",414,2026-08-11T13:50:32+09:00
714,3,no,T8,primary,no,24.5,26.125,-1.625,False,True,239130,307074,646,"[14, 406]","[407, 624]",414,2026-08-11T13:50:32+09:00
714,3,no,T12,primary,no,24.25,25.875,-1.625,False,True,239130,307074,646,"[14, 406]","[407, 624]",416,2026-08-11T13:50:33+09:00
714,3,no,T16,primary,no,23.75,25.5,-1.75,False,True,239130,307074,646,"[14, 406]","[407, 624]",414,2026-08-11T13:50:33+09:00
714,3,no,T20,primary,no,23.75,25.625,-1.875,False,True,239130,307074,646,"[14, 406]","[407, 624]",417,2026-08-11T13:50:34+09:00
714,3,no,T24,primary,no,23.875,26.0,-2.125,False,True,239130,307074,646,"[14, 406]","[407, 624]",415,2026-08-11T13:50:34+09:00
714,3,no,T0,primary,no,24.375,26.0,-1.625,False,True,239130,307074,646,"[14, 406]","[407, 624]",413,2026-08-11T13:50:34+09:00
714,3,no,Trel8,primary,no,24.75,25.75,-1.0,False,True,239130,307074,646,"[14, 406]","[407, 624]",415,2026-08-11T13:50:35+09:00
26,3,no,M,primary,no,25.0,25.5,-0.5,False,True,458338,561766,600,"[14, 231]","[232, 578]",358,2026-08-11T13:50:35+09:00
26,3,no,T4,primary,no,25.5,25.875,-0.375,False,True,458338,561766,600,"[14, 231]","[232, 578]",358,2026-08-11T13:50:36+09:00
26,3,no,T8,primary,no,25.25,25.75,-0.5,False,True,458338,561766,600,"[14, 231]","[232, 578]",357,2026-08-11T13:50:36+09:00
26,3,no,T12,primary,no,25.25,25.625,-0.375,False,True,458338,561766,600,"[14, 231]","[232, 578]",357,2026-08-11T13:50:36+09:00
26,3,no,T16,primary,no,24.875,25.75,-0.875,False,True,458338,561766,600,"[14, 231]","[232, 578]",357,2026-08-11T13:50:37+09:00
26,3,no,T20,primary,no,24.875,25.625,-0.75,False,True,458338,561766,600,"[14, 231]","[232, 578]",357,2026-08-11T13:50:37+09:00
26,3,no,T24,primary,no,25.0,25.375,-0.375,False,True,458338,561766,600,"[14, 231]","[232, 578]",359,2026-08-11T13:50:37+09:00
26,3,no,T0,primary,no,25.375,25.75,-0.375,False,True,458338,561766,600,"[14, 231]","[232, 578]",359,2026-08-11T13:50:38+09:00
26,3,no,Trel8,primary,no,25.5,28.875,-3.375,False,True,458338,561766,600,"[14, 231]","[232, 578]",359,2026-08-11T13:50:38+09:00
2692,3,no,M,primary,no,25.0,30.25,-5.25,False,True,265472,580608,618,"[14, 249]","[250, 596]",378,2026-08-11T13:50:39+09:00
2692,3,no,T4,primary,no,25.5,28.25,-2.75,False,True,265472,580608,618,"[14, 249]","[250, 596]",378,2026-08-11T13:50:39+09:00
2692,3,no,T8,primary,no,25.25,28.125,-2.875,False,True,265472,580608,618,"[14, 249]","[250, 596]",378,2026-08-11T13:50:39+09:00
2692,3,no,T12,primary,no,25.25,28.125,-2.875,False,True,265472,580608,618,"[14, 249]","[250, 596]",379,2026-08-11T13:50:40+09:00
2692,3,no,T16,primary,no,25.125,28.125,-3.0,False,True,265472,580608,618,"[14, 249]","[250, 596]",380,2026-08-11T13:50:40+09:00
2692,3,no,T20,primary,no,25.5,29.5,-4.0,False,True,265472,580608,618,"[14, 249]","[250, 596]",379,2026-08-11T13:50:40+09:00
2692,3,no,T24,primary,no,25.25,30.625,-5.375,False,True,265472,580608,618,"[14, 249]","[250, 596]",379,2026-08-11T13:50:41+09:00
2692,3,no,Trel8,primary,no,25.5,27.375,-1.875,False,True,265472,580608,618,"[14, 249]","[250, 596]",378,2026-08-11T13:50:41+09:00
2076,3,no,S,primary,no,25.25,26.875,-1.625,False,True,541783,59455,404,,,224,2026-08-11T13:50:42+09:00
2076,3,no,M,primary,no,24.875,28.0,-3.125,False,True,541783,59455,798,"[14, 383]","[384, 776]",537,2026-08-11T13:50:42+09:00
2076,3,no,T4,primary,no,25.0,26.0,-1.0,False,True,541783,59455,798,"[14, 383]","[384, 776]",539,2026-08-11T13:50:43+09:00
2076,3,no,T8,primary,no,24.875,26.125,-1.25,False,True,541783,59455,798,"[14, 383]","[384, 776]",540,2026-08-11T13:50:43+09:00
2076,3,no,T12,primary,no,24.875,26.25,-1.375,False,True,541783,59455,798,"[14, 383]","[384, 776]",537,2026-08-11T13:50:44+09:00
2076,3,no,T16,primary,no,24.625,26.75,-2.125,False,True,541783,59455,798,"[14, 383]","[384, 776]",539,2026-08-11T13:50:44+09:00
2076,3,no,T20,primary,no,24.875,27.5,-2.625,False,True,541783,59455,798,"[14, 383]","[384, 776]",541,2026-08-11T13:50:45+09:00
2076,3,no,T24,primary,no,25.25,28.25,-3.0,False,True,541783,59455,798,"[14, 383]","[384, 776]",540,2026-08-11T13:50:45+09:00
2076,3,no,T0,primary,no,25.0,26.0,-1.0,False,True,541783,59455,798,"[14, 383]","[384, 776]",539,2026-08-11T13:50:46+09:00
2076,3,no,Trel8,primary,no,24.625,28.875,-4.25,False,True,541783,59455,798,"[14, 383]","[384, 776]",538,2026-08-11T13:50:46+09:00
1608,3,no,M,primary,no,24.0,27.625,-3.625,False,True,472143,139260,890,"[14, 544]","[545, 868]",620,2026-08-11T13:50:47+09:00
1608,3,no,T4,primary,no,24.5,26.875,-2.375,False,True,472143,139260,890,"[14, 544]","[545, 868]",622,2026-08-11T13:50:48+09:00
1608,3,no,T8,primary,no,24.25,26.875,-2.625,False,True,472143,139260,890,"[14, 544]","[545, 868]",627,2026-08-11T13:50:48+09:00
1608,3,no,T12,primary,no,24.375,27.0,-2.625,False,True,472143,139260,890,"[14, 544]","[545, 868]",627,2026-08-11T13:50:49+09:00
1608,3,no,T16,primary,no,24.125,27.25,-3.125,False,True,472143,139260,890,"[14, 544]","[545, 868]",626,2026-08-11T13:50:50+09:00
1608,3,no,T20,primary,no,24.125,27.25,-3.125,False,True,472143,139260,890,"[14, 544]","[545, 868]",626,2026-08-11T13:50:50+09:00
1608,3,no,T24,primary,no,24.25,27.75,-3.5,False,True,472143,139260,890,"[14, 544]","[545, 868]",625,2026-08-11T13:50:51+09:00
1608,3,no,Trel8,primary,no,25.25,28.25,-3.0,False,True,472143,139260,890,"[14, 544]","[545, 868]",626,2026-08-11T13:50:51+09:00
2676,3,no,M,primary,no,25.25,29.75,-4.5,False,True,365317,440299,775,"[14, 360]","[361, 753]",524,2026-08-11T13:50:52+09:00
2676,3,no,T4,primary,no,25.625,27.875,-2.25,False,True,365317,440299,775,"[14, 360]","[361, 753]",527,2026-08-11T13:50:53+09:00
2676,3,no,T8,primary,no,25.5,27.875,-2.375,False,True,365317,440299,775,"[14, 360]","[361, 753]",527,2026-08-11T13:50:53+09:00
2676,3,no,T12,primary,no,25.625,27.625,-2.0,False,True,365317,440299,775,"[14, 360]","[361, 753]",526,2026-08-11T13:50:54+09:00
2676,3,no,T16,primary,no,25.25,28.0,-2.75,False,True,365317,440299,775,"[14, 360]","[361, 753]",528,2026-08-11T13:50:54+09:00
2676,3,no,T20,primary,no,25.5,29.0,-3.5,False,True,365317,440299,775,"[14, 360]","[361, 753]",525,2026-08-11T13:50:55+09:00
2676,3,no,T24,primary,no,25.375,29.75,-4.375,False,True,365317,440299,775,"[14, 360]","[361, 753]",524,2026-08-11T13:50:55+09:00
2676,3,no,T0,primary,no,25.375,28.125,-2.75,False,True,365317,440299,775,"[14, 360]","[361, 753]",527,2026-08-11T13:50:56+09:00
2676,3,no,Trel8,primary,no,25.25,29.125,-3.875,False,True,365317,440299,775,"[14, 360]","[361, 753]",528,2026-08-11T13:50:56+09:00
2530,3,no,S,primary,no,25.25,27.875,-2.625,False,True,564511,497281,428,,,248,2026-08-11T13:50:57+09:00
2530,3,no,M,primary,no,25.25,26.625,-1.375,False,True,564511,497281,730,"[14, 406]","[407, 707]",489,2026-08-11T13:50:57+09:00
2530,3,no,T4,primary,no,25.5,27.0,-1.5,False,True,564511,497281,730,"[14, 406]","[407, 707]",486,2026-08-11T13:50:57+09:00
2530,3,no,T8,primary,no,25.375,27.125,-1.75,False,True,564511,497281,730,"[14, 406]","[407, 707]",489,2026-08-11T13:50:58+09:00
2530,3,no,T12,primary,no,25.375,27.0,-1.625,False,True,564511,497281,730,"[14, 406]","[407, 707]",488,2026-08-11T13:50:58+09:00
2530,3,no,T16,primary,no,25.25,26.75,-1.5,False,True,564511,497281,730,"[14, 406]","[407, 707]",489,2026-08-11T13:50:59+09:00
2530,3,no,T20,primary,no,25.25,26.25,-1.0,False,True,564511,497281,730,"[14, 406]","[407, 707]",485,2026-08-11T13:50:59+09:00
2530,3,no,T24,primary,no,25.25,26.5,-1.25,False,True,564511,497281,730,"[14, 406]","[407, 707]",485,2026-08-11T13:51:00+09:00
2530,3,no,T0,primary,no,25.25,27.375,-2.125,False,True,564511,497281,730,"[14, 406]","[407, 707]",488,2026-08-11T13:51:00+09:00
2530,3,no,Trel8,primary,no,25.125,29.125,-4.0,False,True,564511,497281,730,"[14, 406]","[407, 707]",490,2026-08-11T13:51:01+09:00
2156,3,no,M,primary,no,24.875,27.0,-2.125,False,True,279499,330604,775,"[14, 360]","[361, 753]",527,2026-08-11T13:51:01+09:00
2156,3,no,T4,primary,no,24.875,27.0,-2.125,False,True,279499,330604,775,"[14, 360]","[361, 753]",526,2026-08-11T13:51:02+09:00
2156,3,no,T8,primary,no,24.625,26.875,-2.25,False,True,279499,330604,775,"[14, 360]","[361, 753]",528,2026-08-11T13:51:03+09:00
2156,3,no,T12,primary,no,24.875,27.0,-2.125,False,True,279499,330604,775,"[14, 360]","[361, 753]",528,2026-08-11T13:51:03+09:00
2156,3,no,T16,primary,no,24.625,27.125,-2.5,False,True,279499,330604,775,"[14, 360]","[361, 753]",530,2026-08-11T13:51:04+09:00
2156,3,no,T20,primary,no,24.875,27.25,-2.375,False,True,279499,330604,775,"[14, 360]","[361, 753]",527,2026-08-11T13:51:04+09:00
2156,3,no,T24,primary,no,24.875,27.0,-2.125,False,True,279499,330604,775,"[14, 360]","[361, 753]",527,2026-08-11T13:51:05+09:00
2156,3,no,Trel8,primary,no,25.375,29.125,-3.75,False,True,279499,330604,775,"[14, 360]","[361, 753]",527,2026-08-11T13:51:05+09:00
1574,3,no,S,primary,no,24.75,26.875,-2.125,False,True,204100,515904,217,,,109,2026-08-11T13:51:05+09:00
1574,3,no,M,primary,no,24.875,27.125,-2.25,False,True,204100,515904,565,"[14, 195]","[196, 542]",337,2026-08-11T13:51:06+09:00
1574,3,no,T4,primary,no,25.625,27.0,-1.375,False,True,204100,515904,565,"[14, 195]","[196, 542]",336,2026-08-11T13:51:06+09:00
1574,3,no,T8,primary,no,25.375,27.0,-1.625,False,True,204100,515904,565,"[14, 195]","[196, 542]",336,2026-08-11T13:51:06+09:00
1574,3,no,T12,primary,no,25.5,26.875,-1.375,False,True,204100,515904,565,"[14, 195]","[196, 542]",338,2026-08-11T13:51:07+09:00
1574,3,no,T16,primary,no,25.0,26.75,-1.75,False,True,204100,515904,565,"[14, 195]","[196, 542]",339,2026-08-11T13:51:07+09:00
1574,3,no,T20,primary,no,25.0,27.0,-2.0,False,True,204100,515904,565,"[14, 195]","[196, 542]",339,2026-08-11T13:51:07+09:00
1574,3,no,T24,primary,no,25.125,27.25,-2.125,False,True,204100,515904,565,"[14, 195]","[196, 542]",339,2026-08-11T13:51:08+09:00
1574,3,no,T0,primary,no,25.5,27.125,-1.625,False,True,204100,515904,565,"[14, 195]","[196, 542]",341,2026-08-11T13:51:08+09:00
1574,3,no,Trel8,primary,no,24.875,28.75,-3.875,False,True,204100,515904,565,"[14, 195]","[196, 542]",340,2026-08-11T13:51:08+09:00
1874,3,no,M,primary,no,24.0,25.875,-1.875,False,True,147165,459825,618,"[14, 249]","[250, 596]",376,2026-08-11T13:51:09+09:00
1874,3,no,T4,primary,no,25.0,25.875,-0.875,False,True,147165,459825,618,"[14, 249]","[250, 596]",377,2026-08-11T13:51:09+09:00
1874,3,no,T8,primary,no,24.75,25.75,-1.0,False,True,147165,459825,618,"[14, 249]","[250, 596]",376,2026-08-11T13:51:10+09:00
1874,3,no,T12,primary,no,24.75,25.625,-0.875,False,True,147165,459825,618,"[14, 249]","[250, 596]",380,2026-08-11T13:51:10+09:00
1874,3,no,T16,primary,no,23.75,24.875,-1.125,False,True,147165,459825,618,"[14, 249]","[250, 596]",377,2026-08-11T13:51:10+09:00
1874,3,no,T20,primary,no,24.0,25.5,-1.5,False,True,147165,459825,618,"[14, 249]","[250, 596]",377,2026-08-11T13:51:11+09:00
1874,3,no,T24,primary,no,24.0,25.875,-1.875,False,True,147165,459825,618,"[14, 249]","[250, 596]",377,2026-08-11T13:51:11+09:00
1874,3,no,Trel8,primary,no,24.25,25.5,-1.25,False,True,147165,459825,618,"[14, 249]","[250, 596]",381,2026-08-11T13:51:11+09:00
430,3,no,M,primary,no,24.75,28.875,-4.125,False,True,80022,376545,730,"[14, 360]","[361, 707]",476,2026-08-11T13:51:12+09:00
430,3,no,T4,primary,no,25.125,27.75,-2.625,False,True,80022,376545,730,"[14, 360]","[361, 707]",480,2026-08-11T13:51:12+09:00
430,3,no,T8,primary,no,25.0,28.0,-3.0,False,True,80022,376545,730,"[14, 360]","[361, 707]",479,2026-08-11T13:51:13+09:00
430,3,no,T12,primary,no,25.125,28.0,-2.875,False,True,80022,376545,730,"[14, 360]","[361, 707]",482,2026-08-11T13:51:13+09:00
430,3,no,T16,primary,no,25.125,28.0,-2.875,False,True,80022,376545,730,"[14, 360]","[361, 707]",483,2026-08-11T13:51:14+09:00
430,3,no,T20,primary,no,24.875,28.5,-3.625,False,True,80022,376545,730,"[14, 360]","[361, 707]",484,2026-08-11T13:51:14+09:00
430,3,no,T24,primary,no,24.875,29.125,-4.25,False,True,80022,376545,730,"[14, 360]","[361, 707]",482,2026-08-11T13:51:15+09:00
430,3,no,T0,primary,no,24.875,27.875,-3.0,False,True,80022,376545,730,"[14, 360]","[361, 707]",484,2026-08-11T13:51:15+09:00
430,3,no,Trel8,primary,no,25.0,27.125,-2.125,False,True,80022,376545,730,"[14, 360]","[361, 707]",482,2026-08-11T13:51:16+09:00
364,3,no,S,primary,no,25.375,25.5,-0.125,False,True,575755,165029,381,,,207,2026-08-11T13:51:16+09:00
364,3,no,M,primary,no,24.875,25.375,-0.5,False,True,575755,165029,775,"[14, 360]","[361, 753]",525,2026-08-11T13:51:17+09:00
364,3,no,T4,primary,no,25.0,25.125,-0.125,False,True,575755,165029,775,"[14, 360]","[361, 753]",526,2026-08-11T13:51:17+09:00
364,3,no,T8,primary,no,25.0,25.125,-0.125,False,True,575755,165029,775,"[14, 360]","[361, 753]",527,2026-08-11T13:51:18+09:00
364,3,no,T12,primary,no,24.875,25.25,-0.375,False,True,575755,165029,775,"[14, 360]","[361, 753]",526,2026-08-11T13:51:18+09:00
364,3,no,T16,primary,no,24.5,25.0,-0.5,False,True,575755,165029,775,"[14, 360]","[361, 753]",529,2026-08-11T13:51:19+09:00
364,3,no,T20,primary,no,24.875,25.375,-0.5,False,True,575755,165029,775,"[14, 360]","[361, 753]",527,2026-08-11T13:51:19+09:00
364,3,no,T24,primary,no,24.875,25.375,-0.5,False,True,575755,165029,775,"[14, 360]","[361, 753]",524,2026-08-11T13:51:20+09:00
364,3,no,T0,primary,no,24.875,25.0,-0.125,False,True,575755,165029,775,"[14, 360]","[361, 753]",526,2026-08-11T13:51:20+09:00
364,3,no,Trel8,primary,no,24.5,25.625,-1.125,False,True,575755,165029,775,"[14, 360]","[361, 753]",526,2026-08-11T13:51:21+09:00
1944,3,no,S,primary,no,24.25,29.125,-4.875,False,True,172342,350457,381,,,206,2026-08-11T13:51:21+09:00
1944,3,no,M,primary,no,23.75,28.5,-4.75,False,True,172342,350457,775,"[14, 360]","[361, 753]",525,2026-08-11T13:51:22+09:00
1944,3,no,T4,primary,no,24.625,28.25,-3.625,False,True,172342,350457,775,"[14, 360]","[361, 753]",524,2026-08-11T13:51:22+09:00
1944,3,no,T8,primary,no,24.375,28.5,-4.125,False,True,172342,350457,775,"[14, 360]","[361, 753]",529,2026-08-11T13:51:23+09:00
1944,3,no,T12,primary,no,24.375,28.25,-3.875,False,True,172342,350457,775,"[14, 360]","[361, 753]",528,2026-08-11T13:51:23+09:00
1944,3,no,T16,primary,no,24.0,28.125,-4.125,False,True,172342,350457,775,"[14, 360]","[361, 753]",530,2026-08-11T13:51:24+09:00
1944,3,no,T20,primary,no,24.125,28.375,-4.25,False,True,172342,350457,775,"[14, 360]","[361, 753]",527,2026-08-11T13:51:24+09:00
1944,3,no,T24,primary,no,24.125,29.0,-4.875,False,True,172342,350457,775,"[14, 360]","[361, 753]",526,2026-08-11T13:51:25+09:00
1944,3,no,T0,primary,no,24.25,28.25,-4.0,False,True,172342,350457,775,"[14, 360]","[361, 753]",526,2026-08-11T13:51:25+09:00
1944,3,no,Trel8,primary,no,24.5,27.75,-3.25,False,True,172342,350457,775,"[14, 360]","[361, 753]",525,2026-08-11T13:51:26+09:00
136,3,no,M,primary,no,24.75,25.625,-0.875,False,True,516916,355214,821,"[14, 406]","[407, 799]",575,2026-08-11T13:51:26+09:00
136,3,no,T4,primary,no,24.875,25.625,-0.75,False,True,516916,355214,821,"[14, 406]","[407, 799]",575,2026-08-11T13:51:27+09:00
136,3,no,T8,primary,no,24.625,25.625,-1.0,False,True,516916,355214,821,"[14, 406]","[407, 799]",580,2026-08-11T13:51:28+09:00
136,3,no,T12,primary,no,24.875,25.75,-0.875,False,True,516916,355214,821,"[14, 406]","[407, 799]",579,2026-08-11T13:51:28+09:00
136,3,no,T16,primary,no,24.625,25.625,-1.0,False,True,516916,355214,821,"[14, 406]","[407, 799]",575,2026-08-11T13:51:29+09:00
136,3,no,T20,primary,no,24.625,25.5,-0.875,False,True,516916,355214,821,"[14, 406]","[407, 799]",578,2026-08-11T13:51:29+09:00
136,3,no,T24,primary,no,24.75,25.5,-0.75,False,True,516916,355214,821,"[14, 406]","[407, 799]",579,2026-08-11T13:51:30+09:00
136,3,no,Trel8,primary,no,24.625,27.5,-2.875,False,True,516916,355214,821,"[14, 406]","[407, 799]",578,2026-08-11T13:51:31+09:00
2628,3,no,M,primary,no,24.5,29.5,-5.0,False,True,514292,406201,775,"[14, 406]","[407, 753]",526,2026-08-11T13:51:31+09:00
2628,3,no,T4,primary,no,25.375,27.25,-1.875,False,True,514292,406201,775,"[14, 406]","[407, 753]",523,2026-08-11T13:51:32+09:00
2628,3,no,T8,primary,no,25.125,27.125,-2.0,False,True,514292,406201,775,"[14, 406]","[407, 753]",526,2026-08-11T13:51:32+09:00
2628,3,no,T12,primary,no,25.25,27.25,-2.0,False,True,514292,406201,775,"[14, 406]","[407, 753]",529,2026-08-11T13:51:33+09:00
2628,3,no,T16,primary,no,25.25,27.625,-2.375,False,True,514292,406201,775,"[14, 406]","[407, 753]",525,2026-08-11T13:51:33+09:00
2628,3,no,T20,primary,no,25.0,28.875,-3.875,False,True,514292,406201,775,"[14, 406]","[407, 753]",523,2026-08-11T13:51:34+09:00
2628,3,no,T24,primary,no,24.875,29.75,-4.875,False,True,514292,406201,775,"[14, 406]","[407, 753]",529,2026-08-11T13:51:34+09:00
2628,3,no,T0,primary,no,25.125,27.625,-2.5,False,True,514292,406201,775,"[14, 406]","[407, 753]",527,2026-08-11T13:51:35+09:00
2628,3,no,Trel8,primary,no,25.5,29.125,-3.625,False,True,514292,406201,775,"[14, 406]","[407, 753]",526,2026-08-11T13:51:35+09:00
2894,3,no,S,primary,no,24.375,29.375,-5.0,False,True,429913,515050,381,,,205,2026-08-11T13:51:36+09:00
2894,3,no,M,primary,no,24.625,29.75,-5.125,False,True,429913,515050,775,"[14, 360]","[361, 753]",525,2026-08-11T13:51:36+09:00
2894,3,no,T4,primary,no,25.0,28.5,-3.5,False,True,429913,515050,775,"[14, 360]","[361, 753]",524,2026-08-11T13:51:37+09:00
2894,3,no,T8,primary,no,24.875,28.75,-3.875,False,True,429913,515050,775,"[14, 360]","[361, 753]",525,2026-08-11T13:51:37+09:00
2894,3,no,T12,primary,no,25.125,28.875,-3.75,False,True,429913,515050,775,"[14, 360]","[361, 753]",527,2026-08-11T13:51:38+09:00
2894,3,no,T16,primary,no,25.0,29.0,-4.0,False,True,429913,515050,775,"[14, 360]","[361, 753]",522,2026-08-11T13:51:38+09:00
2894,3,no,T20,primary,no,24.75,29.0,-4.25,False,True,429913,515050,775,"[14, 360]","[361, 753]",524,2026-08-11T13:51:39+09:00
2894,3,no,T24,primary,no,25.0,30.0,-5.0,False,True,429913,515050,775,"[14, 360]","[361, 753]",527,2026-08-11T13:51:39+09:00
2894,3,no,T0,primary,no,24.875,28.25,-3.375,False,True,429913,515050,775,"[14, 360]","[361, 753]",527,2026-08-11T13:51:40+09:00
2894,3,no,Trel8,primary,no,25.0,28.125,-3.125,False,True,429913,515050,775,"[14, 360]","[361, 753]",525,2026-08-11T13:51:40+09:00
2740,3,no,M,primary,no,24.5,31.5,-7.0,False,True,50627,346482,664,"[14, 406]","[407, 642]",432,2026-08-11T13:51:41+09:00
2740,3,no,T4,primary,no,25.375,29.875,-4.5,False,True,50627,346482,664,"[14, 406]","[407, 642]",432,2026-08-11T13:51:41+09:00
2740,3,no,T8,primary,no,25.125,29.875,-4.75,False,True,50627,346482,664,"[14, 406]","[407, 642]",432,2026-08-11T13:51:42+09:00
2740,3,no,T12,primary,no,25.375,29.5,-4.125,False,True,50627,346482,664,"[14, 406]","[407, 642]",434,2026-08-11T13:51:42+09:00
2740,3,no,T16,primary,no,25.125,29.25,-4.125,False,True,50627,346482,664,"[14, 406]","[407, 642]",435,2026-08-11T13:51:42+09:00
2740,3,no,T20,primary,no,24.75,31.5,-6.75,False,True,50627,346482,664,"[14, 406]","[407, 642]",435,2026-08-11T13:51:43+09:00
2740,3,no,T24,primary,no,24.875,32.0,-7.125,False,True,50627,346482,664,"[14, 406]","[407, 642]",433,2026-08-11T13:51:43+09:00
2740,3,no,Trel8,primary,no,24.875,28.125,-3.25,False,True,50627,346482,664,"[14, 406]","[407, 642]",432,2026-08-11T13:51:44+09:00
334,3,no,M,primary,no,23.875,25.625,-1.75,False,True,217397,214349,821,"[14, 406]","[407, 799]",576,2026-08-11T13:51:44+09:00
334,3,no,T4,primary,no,24.625,25.0,-0.375,False,True,217397,214349,821,"[14, 406]","[407, 799]",574,2026-08-11T13:51:45+09:00
334,3,no,T8,primary,no,24.25,24.875,-0.625,False,True,217397,214349,821,"[14, 406]","[407, 799]",577,2026-08-11T13:51:46+09:00
334,3,no,T12,primary,no,24.375,25.0,-0.625,False,True,217397,214349,821,"[14, 406]","[407, 799]",577,2026-08-11T13:51:46+09:00
334,3,no,T16,primary,no,24.125,25.0,-0.875,False,True,217397,214349,821,"[14, 406]","[407, 799]",575,2026-08-11T13:51:47+09:00
334,3,no,T20,primary,no,24.0,25.0,-1.0,False,True,217397,214349,821,"[14, 406]","[407, 799]",574,2026-08-11T13:51:47+09:00
334,3,no,T24,primary,no,24.0,25.625,-1.625,False,True,217397,214349,821,"[14, 406]","[407, 799]",576,2026-08-11T13:51:48+09:00
334,3,no,Trel8,primary,no,24.625,27.0,-2.375,False,True,217397,214349,821,"[14, 406]","[407, 799]",575,2026-08-11T13:51:48+09:00
2710,3,no,S,primary,yes,25.875,25.25,0.625,False,False,505933,344844,382,,,206,2026-08-11T13:51:49+09:00
2710,3,no,M,primary,no,25.125,25.75,-0.625,False,True,505933,344844,914,"[14, 360]","[361, 891]",660,2026-08-11T13:51:49+09:00
2710,3,no,T4,primary,no,25.5,25.5,0.0,True,True,505933,344844,914,"[14, 360]","[361, 891]",659,2026-08-11T13:51:50+09:00
2710,3,no,T8,primary,no,25.125,25.25,-0.125,False,True,505933,344844,914,"[14, 360]","[361, 891]",664,2026-08-11T13:51:51+09:00
2710,3,no,T12,primary,no,25.25,25.375,-0.125,False,True,505933,344844,914,"[14, 360]","[361, 891]",661,2026-08-11T13:51:51+09:00
2710,3,no,T16,primary,no,25.0,25.5,-0.5,False,True,505933,344844,914,"[14, 360]","[361, 891]",660,2026-08-11T13:51:52+09:00
2710,3,no,T20,primary,no,25.25,25.5,-0.25,False,True,505933,344844,914,"[14, 360]","[361, 891]",664,2026-08-11T13:51:53+09:00
2710,3,no,T24,primary,no,25.25,25.75,-0.5,False,True,505933,344844,914,"[14, 360]","[361, 891]",665,2026-08-11T13:51:53+09:00
2710,3,no,T0,primary,yes,25.375,25.25,0.125,False,False,505933,344844,914,"[14, 360]","[361, 891]",664,2026-08-11T13:51:54+09:00
2710,3,no,Trel8,primary,no,25.25,28.125,-2.875,False,True,505933,344844,914,"[14, 360]","[361, 891]",664,2026-08-11T13:51:55+09:00
1170,3,no,M,primary,no,25.0,25.875,-0.875,False,True,327038,241,730,"[14, 314]","[315, 707]",487,2026-08-11T13:51:55+09:00
1170,3,no,T4,primary,no,25.125,26.125,-1.0,False,True,327038,241,730,"[14, 314]","[315, 707]",487,2026-08-11T13:51:56+09:00
1170,3,no,T8,primary,no,25.125,26.25,-1.125,False,True,327038,241,730,"[14, 314]","[315, 707]",488,2026-08-11T13:51:56+09:00
1170,3,no,T12,primary,no,25.125,26.25,-1.125,False,True,327038,241,730,"[14, 314]","[315, 707]",489,2026-08-11T13:51:57+09:00
1170,3,no,T16,primary,no,25.125,26.375,-1.25,False,True,327038,241,730,"[14, 314]","[315, 707]",489,2026-08-11T13:51:57+09:00
1170,3,no,T20,primary,no,25.125,26.25,-1.125,False,True,327038,241,730,"[14, 314]","[315, 707]",489,2026-08-11T13:51:58+09:00
1170,3,no,T24,primary,no,25.125,25.875,-0.75,False,True,327038,241,730,"[14, 314]","[315, 707]",486,2026-08-11T13:51:58+09:00
1170,3,no,T0,primary,no,25.125,26.5,-1.375,False,True,327038,241,730,"[14, 314]","[315, 707]",486,2026-08-11T13:51:59+09:00
1170,3,no,Trel8,primary,no,25.25,26.0,-0.75,False,True,327038,241,730,"[14, 314]","[315, 707]",489,2026-08-11T13:51:59+09:00
540,3,no,M,primary,no,24.75,26.875,-2.125,False,True,498374,7795,775,"[14, 406]","[407, 753]",524,2026-08-11T13:52:00+09:00
540,3,no,T4,primary,no,24.625,26.125,-1.5,False,True,498374,7795,775,"[14, 406]","[407, 753]",525,2026-08-11T13:52:00+09:00
540,3,no,T8,primary,no,24.5,26.125,-1.625,False,True,498374,7795,775,"[14, 406]","[407, 753]",526,2026-08-11T13:52:01+09:00
540,3,no,T12,primary,no,24.5,26.25,-1.75,False,True,498374,7795,775,"[14, 406]","[407, 753]",530,2026-08-11T13:52:01+09:00
540,3,no,T16,primary,no,24.375,26.25,-1.875,False,True,498374,7795,775,"[14, 406]","[407, 753]",526,2026-08-11T13:52:02+09:00
540,3,no,T20,primary,no,24.5,26.25,-1.75,False,True,498374,7795,775,"[14, 406]","[407, 753]",528,2026-08-11T13:52:02+09:00
540,3,no,T24,primary,no,24.875,27.0,-2.125,False,True,498374,7795,775,"[14, 406]","[407, 753]",524,2026-08-11T13:52:03+09:00
540,3,no,Trel8,primary,no,24.625,28.75,-4.125,False,True,498374,7795,775,"[14, 406]","[407, 753]",524,2026-08-11T13:52:03+09:00
1924,3,no,S,primary,no,24.875,30.5,-5.625,False,True,276693,167898,382,,,205,2026-08-11T13:52:04+09:00
1924,3,no,M,primary,no,24.75,31.5,-6.75,False,True,276693,167898,776,"[14, 360]","[361, 753]",522,2026-08-11T13:52:04+09:00
1924,3,no,T4,primary,no,26.125,28.5,-2.375,False,True,276693,167898,776,"[14, 360]","[361, 753]",527,2026-08-11T13:52:05+09:00
1924,3,no,T8,primary,no,26.0,28.75,-2.75,False,True,276693,167898,776,"[14, 360]","[361, 753]",526,2026-08-11T13:52:05+09:00
1924,3,no,T12,primary,no,26.125,28.75,-2.625,False,True,276693,167898,776,"[14, 360]","[361, 753]",527,2026-08-11T13:52:06+09:00
1924,3,no,T16,primary,no,25.625,29.125,-3.5,False,True,276693,167898,776,"[14, 360]","[361, 753]",525,2026-08-11T13:52:06+09:00
1924,3,no,T20,primary,no,25.375,30.5,-5.125,False,True,276693,167898,776,"[14, 360]","[361, 753]",524,2026-08-11T13:52:07+09:00
1924,3,no,T24,primary,no,25.25,32.0,-6.75,False,True,276693,167898,776,"[14, 360]","[361, 753]",524,2026-08-11T13:52:07+09:00
1924,3,no,T0,primary,no,25.75,28.125,-2.375,False,True,276693,167898,776,"[14, 360]","[361, 753]",524,2026-08-11T13:52:08+09:00
1924,3,no,Trel8,primary,no,25.125,31.25,-6.125,False,True,276693,167898,776,"[14, 360]","[361, 753]",525,2026-08-11T13:52:08+09:00
2320,3,no,S,primary,no,24.375,30.375,-6.0,False,True,553992,20410,270,,,135,2026-08-11T13:52:09+09:00
2320,3,no,M,primary,no,23.875,30.0,-6.125,False,True,553992,20410,664,"[14, 249]","[250, 642]",431,2026-08-11T13:52:09+09:00
2320,3,no,T4,primary,no,25.75,29.5,-3.75,False,True,553992,20410,664,"[14, 249]","[250, 642]",430,2026-08-11T13:52:09+09:00
2320,3,no,T8,primary,no,25.375,29.75,-4.375,False,True,553992,20410,664,"[14, 249]","[250, 642]",433,2026-08-11T13:52:10+09:00
2320,3,no,T12,primary,no,25.5,29.75,-4.25,False,True,553992,20410,664,"[14, 249]","[250, 642]",432,2026-08-11T13:52:10+09:00
2320,3,no,T16,primary,no,24.375,29.875,-5.5,False,True,553992,20410,664,"[14, 249]","[250, 642]",434,2026-08-11T13:52:11+09:00
2320,3,no,T20,primary,no,24.375,29.75,-5.375,False,True,553992,20410,664,"[14, 249]","[250, 642]",435,2026-08-11T13:52:11+09:00
2320,3,no,T24,primary,no,24.25,30.625,-6.375,False,True,553992,20410,664,"[14, 249]","[250, 642]",431,2026-08-11T13:52:12+09:00
2320,3,no,T0,primary,no,25.375,29.75,-4.375,False,True,553992,20410,664,"[14, 249]","[250, 642]",430,2026-08-11T13:52:12+09:00
2320,3,no,Trel8,primary,no,24.375,29.625,-5.25,False,True,553992,20410,664,"[14, 249]","[250, 642]",431,2026-08-11T13:52:12+09:00
994,3,no,M,primary,no,25.25,26.375,-1.125,False,True,506483,397042,730,"[14, 360]","[361, 707]",478,2026-08-11T13:52:13+09:00
994,3,no,T4,primary,no,25.625,26.375,-0.75,False,True,506483,397042,730,"[14, 360]","[361, 707]",478,2026-08-11T13:52:13+09:00
994,3,no,T8,primary,no,25.5,26.375,-0.875,False,True,506483,397042,730,"[14, 360]","[361, 707]",480,2026-08-11T13:52:14+09:00
994,3,no,T12,primary,no,25.375,26.25,-0.875,False,True,506483,397042,730,"[14, 360]","[361, 707]",481,2026-08-11T13:52:14+09:00
994,3,no,T16,primary,no,25.25,26.625,-1.375,False,True,506483,397042,730,"[14, 360]","[361, 707]",482,2026-08-11T13:52:15+09:00
994,3,no,T20,primary,no,25.25,26.5,-1.25,False,True,506483,397042,730,"[14, 360]","[361, 707]",480,2026-08-11T13:52:15+09:00
994,3,no,T24,primary,no,25.375,26.5,-1.125,False,True,506483,397042,730,"[14, 360]","[361, 707]",481,2026-08-11T13:52:16+09:00
994,3,no,T0,primary,no,25.625,26.375,-0.75,False,True,506483,397042,730,"[14, 360]","[361, 707]",479,2026-08-11T13:52:16+09:00
994,3,no,Trel8,primary,no,25.125,29.625,-4.5,False,True,506483,397042,730,"[14, 360]","[361, 707]",478,2026-08-11T13:52:17+09:00
2440,3,no,S,primary,no,24.75,29.75,-5.0,False,True,267684,146837,427,,,248,2026-08-11T13:52:17+09:00
2440,3,no,M,primary,no,24.875,30.625,-5.75,False,True,267684,146837,775,"[14, 406]","[407, 753]",524,2026-08-11T13:52:18+09:00
2440,3,no,T4,primary,no,25.0,28.5,-3.5,False,True,267684,146837,775,"[14, 406]","[407, 753]",525,2026-08-11T13:52:18+09:00
2440,3,no,T8,primary,no,24.875,28.625,-3.75,False,True,267684,146837,775,"[14, 406]","[407, 753]",526,2026-08-11T13:52:19+09:00
2440,3,no,T12,primary,no,25.0,28.625,-3.625,False,True,267684,146837,775,"[14, 406]","[407, 753]",528,2026-08-11T13:52:19+09:00
2440,3,no,T16,primary,no,25.0,28.875,-3.875,False,True,267684,146837,775,"[14, 406]","[407, 753]",527,2026-08-11T13:52:20+09:00
2440,3,no,T20,primary,no,24.875,30.0,-5.125,False,True,267684,146837,775,"[14, 406]","[407, 753]",528,2026-08-11T13:52:20+09:00
2440,3,no,T24,primary,no,25.125,30.875,-5.75,False,True,267684,146837,775,"[14, 406]","[407, 753]",525,2026-08-11T13:52:21+09:00
2440,3,no,T0,primary,no,24.75,28.625,-3.875,False,True,267684,146837,775,"[14, 406]","[407, 753]",524,2026-08-11T13:52:21+09:00
2440,3,no,Trel8,primary,no,24.75,27.25,-2.5,False,True,267684,146837,775,"[14, 406]","[407, 753]",528,2026-08-11T13:52:22+09:00
2378,3,no,M,primary,no,24.375,26.875,-2.5,False,True,256906,300353,706,"[14, 360]","[361, 684]",457,2026-08-11T13:52:22+09:00
2378,3,no,T4,primary,no,25.125,25.875,-0.75,False,True,256906,300353,706,"[14, 360]","[361, 684]",458,2026-08-11T13:52:23+09:00
2378,3,no,T8,primary,no,25.0,26.0,-1.0,False,True,256906,300353,706,"[14, 360]","[361, 684]",460,2026-08-11T13:52:23+09:00
2378,3,no,T12,primary,no,25.0,25.875,-0.875,False,True,256906,300353,706,"[14, 360]","[361, 684]",461,2026-08-11T13:52:24+09:00
2378,3,no,T16,primary,no,24.75,25.75,-1.0,False,True,256906,300353,706,"[14, 360]","[361, 684]",459,2026-08-11T13:52:24+09:00
2378,3,no,T20,primary,no,24.5,26.125,-1.625,False,True,256906,300353,706,"[14, 360]","[361, 684]",459,2026-08-11T13:52:25+09:00
2378,3,no,T24,primary,no,24.375,26.625,-2.25,False,True,256906,300353,706,"[14, 360]","[361, 684]",458,2026-08-11T13:52:25+09:00
2378,3,no,T0,primary,no,25.0,25.875,-0.875,False,True,256906,300353,706,"[14, 360]","[361, 684]",456,2026-08-11T13:52:26+09:00
2378,3,no,Trel8,primary,no,25.0,27.625,-2.625,False,True,256906,300353,706,"[14, 360]","[361, 684]",459,2026-08-11T13:52:26+09:00
124,3,no,S,primary,no,24.75,28.75,-4.0,False,True,336872,469356,427,,,247,2026-08-11T13:52:26+09:00
124,3,no,M,primary,no,24.125,27.375,-3.25,False,True,336872,469356,821,"[14, 406]","[407, 799]",573,2026-08-11T13:52:27+09:00
124,3,no,T4,primary,no,24.625,27.875,-3.25,False,True,336872,469356,821,"[14, 406]","[407, 799]",575,2026-08-11T13:52:27+09:00
124,3,no,T8,primary,no,24.625,27.75,-3.125,False,True,336872,469356,821,"[14, 406]","[407, 799]",574,2026-08-11T13:52:28+09:00
124,3,no,T12,primary,no,24.75,27.75,-3.0,False,True,336872,469356,821,"[14, 406]","[407, 799]",577,2026-08-11T13:52:29+09:00
124,3,no,T16,primary,no,24.375,27.0,-2.625,False,True,336872,469356,821,"[14, 406]","[407, 799]",579,2026-08-11T13:52:29+09:00
124,3,no,T20,primary,no,24.625,26.625,-2.0,False,True,336872,469356,821,"[14, 406]","[407, 799]",575,2026-08-11T13:52:30+09:00
124,3,no,T24,primary,no,24.375,27.75,-3.375,False,True,336872,469356,821,"[14, 406]","[407, 799]",575,2026-08-11T13:52:30+09:00
124,3,no,T0,primary,no,24.375,27.5,-3.125,False,True,336872,469356,821,"[14, 406]","[407, 799]",579,2026-08-11T13:52:31+09:00
124,3,no,Trel8,primary,no,25.25,26.5,-1.25,False,True,336872,469356,821,"[14, 406]","[407, 799]",578,2026-08-11T13:52:32+09:00
1258,3,no,S,primary,no,25.125,32.25,-7.125,False,True,295377,527644,427,,,250,2026-08-11T13:52:32+09:00
1258,3,no,M,primary,no,25.0,31.875,-6.875,False,True,295377,527644,798,"[14, 406]","[407, 776]",539,2026-08-11T13:52:32+09:00
1258,3,no,T4,primary,no,25.5,28.875,-3.375,False,True,295377,527644,798,"[14, 406]","[407, 776]",541,2026-08-11T13:52:33+09:00
1258,3,no,T8,primary,no,25.5,29.0,-3.5,False,True,295377,527644,798,"[14, 406]","[407, 776]",541,2026-08-11T13:52:33+09:00
1258,3,no,T12,primary,no,25.625,28.875,-3.25,False,True,295377,527644,798,"[14, 406]","[407, 776]",540,2026-08-11T13:52:34+09:00
1258,3,no,T16,primary,no,25.25,28.875,-3.625,False,True,295377,527644,798,"[14, 406]","[407, 776]",539,2026-08-11T13:52:35+09:00
1258,3,no,T20,primary,no,25.125,31.375,-6.25,False,True,295377,527644,798,"[14, 406]","[407, 776]",541,2026-08-11T13:52:35+09:00
1258,3,no,T24,primary,no,25.375,32.5,-7.125,False,True,295377,527644,798,"[14, 406]","[407, 776]",543,2026-08-11T13:52:36+09:00
1258,3,no,T0,primary,no,25.125,29.375,-4.25,False,True,295377,527644,798,"[14, 406]","[407, 776]",543,2026-08-11T13:52:36+09:00
1258,3,no,Trel8,primary,no,25.25,28.25,-3.0,False,True,295377,527644,798,"[14, 406]","[407, 776]",542,2026-08-11T13:52:37+09:00
1410,3,no,M,primary,no,24.5,28.125,-3.625,False,True,511341,403295,715,"[14, 475]","[476, 693]",468,2026-08-11T13:52:37+09:00
1410,3,no,T4,primary,no,25.25,27.875,-2.625,False,True,511341,403295,715,"[14, 475]","[476, 693]",468,2026-08-11T13:52:38+09:00
1410,3,no,T8,primary,no,25.375,28.125,-2.75,False,True,511341,403295,715,"[14, 475]","[476, 693]",468,2026-08-11T13:52:38+09:00
1410,3,no,T12,primary,no,25.25,28.25,-3.0,False,True,511341,403295,715,"[14, 475]","[476, 693]",469,2026-08-11T13:52:39+09:00
1410,3,no,T16,primary,no,25.125,28.375,-3.25,False,True,511341,403295,715,"[14, 475]","[476, 693]",466,2026-08-11T13:52:39+09:00
1410,3,no,T20,primary,no,25.0,28.375,-3.375,False,True,511341,403295,715,"[14, 475]","[476, 693]",468,2026-08-11T13:52:40+09:00
1410,3,no,T24,primary,no,24.625,28.375,-3.75,False,True,511341,403295,715,"[14, 475]","[476, 693]",469,2026-08-11T13:52:40+09:00
1410,3,no,T0,primary,no,25.25,28.25,-3.0,False,True,511341,403295,715,"[14, 475]","[476, 693]",469,2026-08-11T13:52:41+09:00
1410,3,no,Trel8,primary,no,25.25,27.5,-2.25,False,True,511341,403295,715,"[14, 475]","[476, 693]",467,2026-08-11T13:52:41+09:00
2578,3,no,S,primary,no,24.875,30.875,-6.0,False,True,516601,450711,335,,,183,2026-08-11T13:52:41+09:00
2578,3,no,M,primary,no,24.75,31.375,-6.625,False,True,516601,450711,729,"[14, 314]","[315, 707]",488,2026-08-11T13:52:42+09:00
2578,3,no,T4,primary,no,25.125,28.625,-3.5,False,True,516601,450711,729,"[14, 314]","[315, 707]",490,2026-08-11T13:52:42+09:00
2578,3,no,T8,primary,no,25.0,28.75,-3.75,False,True,516601,450711,729,"[14, 314]","[315, 707]",491,2026-08-11T13:52:43+09:00
2578,3,no,T12,primary,no,25.125,28.875,-3.75,False,True,516601,450711,729,"[14, 314]","[315, 707]",490,2026-08-11T13:52:43+09:00
2578,3,no,T16,primary,no,25.0,29.125,-4.125,False,True,516601,450711,729,"[14, 314]","[315, 707]",488,2026-08-11T13:52:44+09:00
2578,3,no,T20,primary,no,25.0,30.5,-5.5,False,True,516601,450711,729,"[14, 314]","[315, 707]",490,2026-08-11T13:52:44+09:00
2578,3,no,T24,primary,no,25.0,31.75,-6.75,False,True,516601,450711,729,"[14, 314]","[315, 707]",492,2026-08-11T13:52:45+09:00
2578,3,no,T0,primary,no,25.0,28.25,-3.25,False,True,516601,450711,729,"[14, 314]","[315, 707]",491,2026-08-11T13:52:45+09:00
2578,3,no,Trel8,primary,no,25.375,29.125,-3.75,False,True,516601,450711,729,"[14, 314]","[315, 707]",491,2026-08-11T13:52:46+09:00
218,3,no,S,primary,no,25.125,30.0,-4.875,False,True,498759,534857,382,,,206,2026-08-11T13:52:46+09:00
218,3,no,M,primary,no,25.25,30.5,-5.25,False,True,498759,534857,776,"[14, 360]","[361, 753]",526,2026-08-11T13:52:46+09:00
218,3,no,T4,primary,no,25.75,28.25,-2.5,False,True,498759,534857,776,"[14, 360]","[361, 753]",525,2026-08-11T13:52:47+09:00
218,3,no,T8,primary,no,25.5,28.125,-2.625,False,True,498759,534857,776,"[14, 360]","[361, 753]",528,2026-08-11T13:52:47+09:00
218,3,no,T12,primary,no,25.625,28.375,-2.75,False,True,498759,534857,776,"[14, 360]","[361, 753]",525,2026-08-11T13:52:48+09:00
218,3,no,T16,primary,no,25.625,28.875,-3.25,False,True,498759,534857,776,"[14, 360]","[361, 753]",525,2026-08-11T13:52:49+09:00
218,3,no,T20,primary,no,25.75,29.625,-3.875,False,True,498759,534857,776,"[14, 360]","[361, 753]",527,2026-08-11T13:52:49+09:00
218,3,no,T24,primary,no,25.75,30.875,-5.125,False,True,498759,534857,776,"[14, 360]","[361, 753]",526,2026-08-11T13:52:50+09:00
218,3,no,T0,primary,no,25.375,27.75,-2.375,False,True,498759,534857,776,"[14, 360]","[361, 753]",525,2026-08-11T13:52:50+09:00
218,3,no,Trel8,primary,no,25.5,28.875,-3.375,False,True,498759,534857,776,"[14, 360]","[361, 753]",525,2026-08-11T13:52:51+09:00
646,3,no,S,primary,no,25.0,28.125,-3.125,False,True,382670,427870,427,,,249,2026-08-11T13:52:51+09:00
646,3,no,M,primary,no,24.875,29.25,-4.375,False,True,382670,427870,775,"[14, 406]","[407, 753]",524,2026-08-11T13:52:51+09:00
646,3,no,T4,primary,no,25.375,26.875,-1.5,False,True,382670,427870,775,"[14, 406]","[407, 753]",527,2026-08-11T13:52:52+09:00
646,3,no,T8,primary,no,25.0,26.75,-1.75,False,True,382670,427870,775,"[14, 406]","[407, 753]",524,2026-08-11T13:52:53+09:00
646,3,no,T12,primary,no,25.125,27.0,-1.875,False,True,382670,427870,775,"[14, 406]","[407, 753]",526,2026-08-11T13:52:53+09:00
646,3,no,T16,primary,no,25.125,27.5,-2.375,False,True,382670,427870,775,"[14, 406]","[407, 753]",530,2026-08-11T13:52:54+09:00
646,3,no,T20,primary,no,25.0,28.375,-3.375,False,True,382670,427870,775,"[14, 406]","[407, 753]",528,2026-08-11T13:52:54+09:00
646,3,no,T24,primary,no,25.125,29.5,-4.375,False,True,382670,427870,775,"[14, 406]","[407, 753]",527,2026-08-11T13:52:55+09:00
646,3,no,T0,primary,no,25.125,26.875,-1.75,False,True,382670,427870,775,"[14, 406]","[407, 753]",526,2026-08-11T13:52:55+09:00
646,3,no,Trel8,primary,no,24.625,26.5,-1.875,False,True,382670,427870,775,"[14, 406]","[407, 753]",531,2026-08-11T13:52:56+09:00
2434,3,no,M,primary,no,24.875,29.0,-4.125,False,True,446651,32456,729,"[14, 360]","[361, 707]",479,2026-08-11T13:52:56+09:00
2434,3,no,T4,primary,no,25.125,26.875,-1.75,False,True,446651,32456,729,"[14, 360]","[361, 707]",480,2026-08-11T13:52:57+09:00
2434,3,no,T8,primary,no,25.0,27.0,-2.0,False,True,446651,32456,729,"[14, 360]","[361, 707]",483,2026-08-11T13:52:57+09:00
2434,3,no,T12,primary,no,25.0,26.875,-1.875,False,True,446651,32456,729,"[14, 360]","[361, 707]",483,2026-08-11T13:52:58+09:00
2434,3,no,T16,primary,no,25.0,27.25,-2.25,False,True,446651,32456,729,"[14, 360]","[361, 707]",483,2026-08-11T13:52:58+09:00
2434,3,no,T20,primary,no,25.0,27.75,-2.75,False,True,446651,32456,729,"[14, 360]","[361, 707]",482,2026-08-11T13:52:59+09:00
2434,3,no,T24,primary,no,25.125,29.125,-4.0,False,True,446651,32456,729,"[14, 360]","[361, 707]",480,2026-08-11T13:52:59+09:00
2434,3,no,T0,primary,no,24.75,27.125,-2.375,False,True,446651,32456,729,"[14, 360]","[361, 707]",480,2026-08-11T13:53:00+09:00
2434,3,no,Trel8,primary,no,24.875,28.5,-3.625,False,True,446651,32456,729,"[14, 360]","[361, 707]",482,2026-08-11T13:53:00+09:00
898,3,no,M,primary,no,25.25,31.5,-6.25,False,True,354398,501898,776,"[14, 406]","[407, 753]",524,2026-08-11T13:53:01+09:00
898,3,no,T4,primary,no,25.625,29.25,-3.625,False,True,354398,501898,776,"[14, 406]","[407, 753]",525,2026-08-11T13:53:01+09:00
898,3,no,T8,primary,no,25.375,29.5,-4.125,False,True,354398,501898,776,"[14, 406]","[407, 753]",529,2026-08-11T13:53:02+09:00
898,3,no,T12,primary,no,25.375,30.125,-4.75,False,True,354398,501898,776,"[14, 406]","[407, 753]",527,2026-08-11T13:53:02+09:00
898,3,no,T16,primary,no,25.375,30.375,-5.0,False,True,354398,501898,776,"[14, 406]","[407, 753]",530,2026-08-11T13:53:03+09:00
898,3,no,T20,primary,no,25.25,30.875,-5.625,False,True,354398,501898,776,"[14, 406]","[407, 753]",527,2026-08-11T13:53:03+09:00
898,3,no,T24,primary,no,25.625,31.875,-6.25,False,True,354398,501898,776,"[14, 406]","[407, 753]",526,2026-08-11T13:53:04+09:00
898,3,no,Trel8,primary,no,25.375,29.75,-4.375,False,True,354398,501898,776,"[14, 406]","[407, 753]",523,2026-08-11T13:53:04+09:00
730,3,no,M,primary,no,25.0,28.25,-3.25,False,True,114710,488270,729,"[14, 360]","[361, 707]",480,2026-08-11T13:53:05+09:00
730,3,no,T4,primary,no,25.25,27.625,-2.375,False,True,114710,488270,729,"[14, 360]","[361, 707]",480,2026-08-11T13:53:05+09:00
730,3,no,T8,primary,no,25.125,27.75,-2.625,False,True,114710,488270,729,"[14, 360]","[361, 707]",481,2026-08-11T13:53:06+09:00
730,3,no,T12,primary,no,25.25,27.75,-2.5,False,True,114710,488270,729,"[14, 360]","[361, 707]",483,2026-08-11T13:53:06+09:00
730,3,no,T16,primary,no,25.0,27.625,-2.625,False,True,114710,488270,729,"[14, 360]","[361, 707]",483,2026-08-11T13:53:07+09:00
730,3,no,T20,primary,no,25.0,28.375,-3.375,False,True,114710,488270,729,"[14, 360]","[361, 707]",483,2026-08-11T13:53:07+09:00
730,3,no,T24,primary,no,25.0,28.25,-3.25,False,True,114710,488270,729,"[14, 360]","[361, 707]",483,2026-08-11T13:53:08+09:00
730,3,no,T0,primary,no,24.875,27.75,-2.875,False,True,114710,488270,729,"[14, 360]","[361, 707]",481,2026-08-11T13:53:08+09:00
730,3,no,Trel8,primary,no,25.375,28.0,-2.625,False,True,114710,488270,729,"[14, 360]","[361, 707]",480,2026-08-11T13:53:09+09:00
728,3,no,S,primary,yes,25.625,24.75,0.875,False,False,114710,198448,382,,,205,2026-08-11T13:53:09+09:00
728,3,no,M,primary,yes,24.75,24.625,0.125,False,False,114710,198448,601,"[14, 360]","[361, 578]",358,2026-08-11T13:53:09+09:00
728,3,no,T4,primary,no,24.625,24.75,-0.125,False,True,114710,198448,601,"[14, 360]","[361, 578]",359,2026-08-11T13:53:10+09:00
728,3,no,T8,primary,no,24.375,24.75,-0.375,False,True,114710,198448,601,"[14, 360]","[361, 578]",360,2026-08-11T13:53:10+09:00
728,3,no,T12,primary,no,24.25,24.375,-0.125,False,True,114710,198448,601,"[14, 360]","[361, 578]",358,2026-08-11T13:53:10+09:00
728,3,no,T16,primary,yes,24.25,24.0,0.25,False,False,114710,198448,601,"[14, 360]","[361, 578]",360,2026-08-11T13:53:11+09:00
728,3,no,T20,primary,yes,24.125,24.0,0.125,False,False,114710,198448,601,"[14, 360]","[361, 578]",360,2026-08-11T13:53:11+09:00
728,3,no,T24,primary,no,24.625,24.625,0.0,True,True,114710,198448,601,"[14, 360]","[361, 578]",361,2026-08-11T13:53:12+09:00
728,3,no,T0,primary,no,24.375,24.625,-0.25,False,True,114710,198448,601,"[14, 360]","[361, 578]",363,2026-08-11T13:53:12+09:00
728,3,no,Trel8,primary,no,25.125,26.625,-1.5,False,True,114710,198448,601,"[14, 360]","[361, 578]",361,2026-08-11T13:53:12+09:00
986,3,no,M,primary,no,24.375,29.75,-5.375,False,True,460931,267664,868,"[14, 499]","[500, 846]",608,2026-08-11T13:53:13+09:00
986,3,no,T4,primary,no,25.375,29.125,-3.75,False,True,460931,267664,868,"[14, 499]","[500, 846]",606,2026-08-11T13:53:13+09:00
986,3,no,T8,primary,no,25.125,29.25,-4.125,False,True,460931,267664,868,"[14, 499]","[500, 846]",610,2026-08-11T13:53:14+09:00
986,3,no,T12,primary,no,24.875,29.0,-4.125,False,True,460931,267664,868,"[14, 499]","[500, 846]",608,2026-08-11T13:53:15+09:00
986,3,no,T16,primary,no,24.75,29.5,-4.75,False,True,460931,267664,868,"[14, 499]","[500, 846]",611,2026-08-11T13:53:15+09:00
986,3,no,T20,primary,no,24.875,29.5,-4.625,False,True,460931,267664,868,"[14, 499]","[500, 846]",608,2026-08-11T13:53:16+09:00
986,3,no,T24,primary,no,24.875,30.25,-5.375,False,True,460931,267664,868,"[14, 499]","[500, 846]",611,2026-08-11T13:53:17+09:00
986,3,no,Trel8,primary,no,24.75,28.125,-3.375,False,True,460931,267664,868,"[14, 499]","[500, 846]",607,2026-08-11T13:53:17+09:00
1542,3,no,S,primary,yes,26.375,25.0,1.375,False,False,318209,325992,427,,,250,2026-08-11T13:53:17+09:00
1542,3,no,M,primary,yes,25.75,24.875,0.875,False,False,318209,325992,775,"[14, 406]","[407, 753]",524,2026-08-11T13:53:18+09:00
1542,3,no,T4,primary,yes,26.5,25.0,1.5,False,False,318209,325992,775,"[14, 406]","[407, 753]",527,2026-08-11T13:53:19+09:00
1542,3,no,T8,primary,yes,26.25,24.875,1.375,False,False,318209,325992,775,"[14, 406]","[407, 753]",528,2026-08-11T13:53:19+09:00
1542,3,no,T12,primary,yes,26.0,24.75,1.25,False,False,318209,325992,775,"[14, 406]","[407, 753]",529,2026-08-11T13:53:20+09:00
1542,3,no,T16,primary,yes,25.875,24.75,1.125,False,False,318209,325992,775,"[14, 406]","[407, 753]",527,2026-08-11T13:53:20+09:00
1542,3,no,T20,primary,yes,25.75,24.625,1.125,False,False,318209,325992,775,"[14, 406]","[407, 753]",529,2026-08-11T13:53:21+09:00
1542,3,no,T24,primary,yes,25.875,25.0,0.875,False,False,318209,325992,775,"[14, 406]","[407, 753]",526,2026-08-11T13:53:21+09:00
1542,3,no,T0,primary,yes,26.25,24.625,1.625,False,False,318209,325992,775,"[14, 406]","[407, 753]",526,2026-08-11T13:53:22+09:00
1542,3,no,Trel8,primary,no,25.125,27.5,-2.375,False,True,318209,325992,775,"[14, 406]","[407, 753]",527,2026-08-11T13:53:22+09:00
1156,3,no,S,primary,no,24.875,29.875,-5.0,False,True,376959,467848,427,,,250,2026-08-11T13:53:23+09:00
1156,3,no,M,primary,no,24.375,26.75,-2.375,False,True,376959,467848,821,"[14, 406]","[407, 799]",575,2026-08-11T13:53:23+09:00
1156,3,no,T4,primary,no,25.25,27.875,-2.625,False,True,376959,467848,821,"[14, 406]","[407, 799]",578,2026-08-11T13:53:24+09:00
1156,3,no,T8,primary,no,25.125,28.125,-3.0,False,True,376959,467848,821,"[14, 406]","[407, 799]",577,2026-08-11T13:53:24+09:00
1156,3,no,T12,primary,no,25.375,28.0,-2.625,False,True,376959,467848,821,"[14, 406]","[407, 799]",577,2026-08-11T13:53:25+09:00
1156,3,no,T16,primary,no,24.75,26.375,-1.625,False,True,376959,467848,821,"[14, 406]","[407, 799]",579,2026-08-11T13:53:25+09:00
1156,3,no,T20,primary,no,24.875,26.75,-1.875,False,True,376959,467848,821,"[14, 406]","[407, 799]",580,2026-08-11T13:53:26+09:00
1156,3,no,T24,primary,no,24.5,27.0,-2.5,False,True,376959,467848,821,"[14, 406]","[407, 799]",576,2026-08-11T13:53:27+09:00
1156,3,no,T0,primary,no,25.0,28.375,-3.375,False,True,376959,467848,821,"[14, 406]","[407, 799]",576,2026-08-11T13:53:27+09:00
1156,3,no,Trel8,primary,no,24.875,25.5,-0.625,False,True,376959,467848,821,"[14, 406]","[407, 799]",579,2026-08-11T13:53:28+09:00
1602,3,no,M,primary,no,25.25,28.125,-2.875,False,True,309371,333888,891,"[14, 475]","[476, 868]",623,2026-08-11T13:53:28+09:00
1602,3,no,T4,primary,no,25.25,26.375,-1.125,False,True,309371,333888,891,"[14, 475]","[476, 868]",627,2026-08-11T13:53:29+09:00
1602,3,no,T8,primary,no,25.0,26.125,-1.125,False,True,309371,333888,891,"[14, 475]","[476, 868]",625,2026-08-11T13:53:30+09:00
1602,3,no,T12,primary,no,24.875,26.125,-1.25,False,True,309371,333888,891,"[14, 475]","[476, 868]",629,2026-08-11T13:53:30+09:00
1602,3,no,T16,primary,no,25.25,27.0,-1.75,False,True,309371,333888,891,"[14, 475]","[476, 868]",623,2026-08-11T13:53:31+09:00
1602,3,no,T20,primary,no,25.375,27.625,-2.25,False,True,309371,333888,891,"[14, 475]","[476, 868]",625,2026-08-11T13:53:32+09:00
1602,3,no,T24,primary,no,25.375,28.125,-2.75,False,True,309371,333888,891,"[14, 475]","[476, 868]",629,2026-08-11T13:53:32+09:00
1602,3,no,Trel8,primary,no,25.25,28.375,-3.125,False,True,309371,333888,891,"[14, 475]","[476, 868]",626,2026-08-11T13:53:33+09:00
438,3,no,M,primary,no,24.5,27.25,-2.75,False,True,564336,317763,683,"[14, 314]","[315, 661]",444,2026-08-11T13:53:33+09:00
438,3,no,T4,primary,no,25.125,27.5,-2.375,False,True,564336,317763,683,"[14, 314]","[315, 661]",446,2026-08-11T13:53:34+09:00
438,3,no,T8,primary,no,25.125,27.5,-2.375,False,True,564336,317763,683,"[14, 314]","[315, 661]",447,2026-08-11T13:53:34+09:00
438,3,no,T12,primary,no,25.125,27.375,-2.25,False,True,564336,317763,683,"[14, 314]","[315, 661]",448,2026-08-11T13:53:35+09:00
438,3,no,T16,primary,no,24.875,27.25,-2.375,False,True,564336,317763,683,"[14, 314]","[315, 661]",447,2026-08-11T13:53:35+09:00
438,3,no,T20,primary,no,24.75,27.125,-2.375,False,True,564336,317763,683,"[14, 314]","[315, 661]",446,2026-08-11T13:53:36+09:00
438,3,no,T24,primary,no,24.625,27.375,-2.75,False,True,564336,317763,683,"[14, 314]","[315, 661]",447,2026-08-11T13:53:36+09:00
438,3,no,T0,primary,no,25.0,27.375,-2.375,False,True,564336,317763,683,"[14, 314]","[315, 661]",448,2026-08-11T13:53:36+09:00
438,3,no,Trel8,primary,no,25.0,26.5,-1.5,False,True,564336,317763,683,"[14, 314]","[315, 661]",448,2026-08-11T13:53:37+09:00
432,3,no,S,primary,no,24.875,28.5,-3.625,False,True,80022,281019,381,,,206,2026-08-11T13:53:37+09:00
432,3,no,M,primary,no,25.0,30.375,-5.375,False,True,80022,281019,683,"[14, 360]","[361, 661]",446,2026-08-11T13:53:38+09:00
432,3,no,T4,primary,no,25.125,27.5,-2.375,False,True,80022,281019,683,"[14, 360]","[361, 661]",445,2026-08-11T13:53:38+09:00
432,3,no,T8,primary,no,25.0,27.75,-2.75,False,True,80022,281019,683,"[14, 360]","[361, 661]",448,2026-08-11T13:53:38+09:00
432,3,no,T12,primary,no,25.125,27.75,-2.625,False,True,80022,281019,683,"[14, 360]","[361, 661]",448,2026-08-11T13:53:39+09:00
432,3,no,T16,primary,no,25.0,28.5,-3.5,False,True,80022,281019,683,"[14, 360]","[361, 661]",447,2026-08-11T13:53:39+09:00
432,3,no,T20,primary,no,25.125,29.625,-4.5,False,True,80022,281019,683,"[14, 360]","[361, 661]",448,2026-08-11T13:53:40+09:00
432,3,no,T24,primary,no,25.125,30.625,-5.5,False,True,80022,281019,683,"[14, 360]","[361, 661]",449,2026-08-11T13:53:40+09:00
432,3,no,T0,primary,no,24.875,27.625,-2.75,False,True,80022,281019,683,"[14, 360]","[361, 661]",448,2026-08-11T13:53:41+09:00
432,3,no,Trel8,primary,no,24.75,30.375,-5.625,False,True,80022,281019,683,"[14, 360]","[361, 661]",449,2026-08-11T13:53:41+09:00
1740,3,no,S,primary,no,24.125,27.125,-3.0,False,True,431615,265059,381,,,205,2026-08-11T13:53:41+09:00
1740,3,no,M,primary,no,24.125,28.125,-4.0,False,True,431615,265059,729,"[14, 360]","[361, 707]",480,2026-08-11T13:53:42+09:00
1740,3,no,T4,primary,no,24.375,26.5,-2.125,False,True,431615,265059,729,"[14, 360]","[361, 707]",481,2026-08-11T13:53:42+09:00
1740,3,no,T8,primary,no,24.375,26.5,-2.125,False,True,431615,265059,729,"[14, 360]","[361, 707]",483,2026-08-11T13:53:43+09:00
1740,3,no,T12,primary,no,24.5,26.5,-2.0,False,True,431615,265059,729,"[14, 360]","[361, 707]",484,2026-08-11T13:53:43+09:00
1740,3,no,T16,primary,no,24.375,26.625,-2.25,False,True,431615,265059,729,"[14, 360]","[361, 707]",480,2026-08-11T13:53:44+09:00
1740,3,no,T20,primary,no,24.375,27.125,-2.75,False,True,431615,265059,729,"[14, 360]","[361, 707]",480,2026-08-11T13:53:44+09:00
1740,3,no,T24,primary,no,24.25,28.25,-4.0,False,True,431615,265059,729,"[14, 360]","[361, 707]",482,2026-08-11T13:53:45+09:00
1740,3,no,T0,primary,no,24.0,26.125,-2.125,False,True,431615,265059,729,"[14, 360]","[361, 707]",485,2026-08-11T13:53:45+09:00
1740,3,no,Trel8,primary,no,25.0,27.875,-2.875,False,True,431615,265059,729,"[14, 360]","[361, 707]",483,2026-08-11T13:53:46+09:00
2366,3,no,M,primary,no,25.125,28.25,-3.125,False,True,337502,307611,730,"[14, 360]","[361, 707]",479,2026-08-11T13:53:46+09:00
2366,3,no,T4,primary,no,25.5,26.5,-1.0,False,True,337502,307611,730,"[14, 360]","[361, 707]",480,2026-08-11T13:53:47+09:00
2366,3,no,T8,primary,no,25.5,26.5,-1.0,False,True,337502,307611,730,"[14, 360]","[361, 707]",482,2026-08-11T13:53:47+09:00
2366,3,no,T12,primary,no,25.75,26.5,-0.75,False,True,337502,307611,730,"[14, 360]","[361, 707]",484,2026-08-11T13:53:48+09:00
2366,3,no,T16,primary,no,25.625,26.5,-0.875,False,True,337502,307611,730,"[14, 360]","[361, 707]",482,2026-08-11T13:53:48+09:00
2366,3,no,T20,primary,no,25.25,27.0,-1.75,False,True,337502,307611,730,"[14, 360]","[361, 707]",481,2026-08-11T13:53:49+09:00
2366,3,no,T24,primary,no,25.25,28.25,-3.0,False,True,337502,307611,730,"[14, 360]","[361, 707]",480,2026-08-11T13:53:49+09:00
2366,3,no,T0,primary,no,25.375,26.875,-1.5,False,True,337502,307611,730,"[14, 360]","[361, 707]",482,2026-08-11T13:53:50+09:00
2366,3,no,Trel8,primary,no,25.125,27.375,-2.25,False,True,337502,307611,730,"[14, 360]","[361, 707]",483,2026-08-11T13:53:50+09:00
1282,3,no,S,primary,no,24.5,29.625,-5.125,False,True,98493,435807,382,,,206,2026-08-11T13:53:50+09:00
1282,3,no,M,primary,no,24.875,29.875,-5.0,False,True,98493,435807,776,"[14, 360]","[361, 753]",525,2026-08-11T13:53:51+09:00
1282,3,no,T4,primary,no,25.125,28.375,-3.25,False,True,98493,435807,776,"[14, 360]","[361, 753]",524,2026-08-11T13:53:51+09:00
1282,3,no,T8,primary,no,24.875,28.5,-3.625,False,True,98493,435807,776,"[14, 360]","[361, 753]",526,2026-08-11T13:53:52+09:00
1282,3,no,T12,primary,no,25.0,28.625,-3.625,False,True,98493,435807,776,"[14, 360]","[361, 753]",528,2026-08-11T13:53:53+09:00
1282,3,no,T16,primary,no,24.875,28.5,-3.625,False,True,98493,435807,776,"[14, 360]","[361, 753]",527,2026-08-11T13:53:53+09:00
1282,3,no,T20,primary,no,25.0,28.75,-3.75,False,True,98493,435807,776,"[14, 360]","[361, 753]",525,2026-08-11T13:53:54+09:00
1282,3,no,T24,primary,no,25.125,30.125,-5.0,False,True,98493,435807,776,"[14, 360]","[361, 753]",526,2026-08-11T13:53:54+09:00
1282,3,no,T0,primary,no,24.75,28.125,-3.375,False,True,98493,435807,776,"[14, 360]","[361, 753]",527,2026-08-11T13:53:55+09:00
1282,3,no,Trel8,primary,no,25.25,28.75,-3.5,False,True,98493,435807,776,"[14, 360]","[361, 753]",529,2026-08-11T13:53:55+09:00
2784,3,no,S,primary,no,25.125,26.75,-1.625,False,True,79213,54924,427,,,249,2026-08-11T13:53:55+09:00
2784,3,no,M,primary,no,24.375,27.25,-2.875,False,True,79213,54924,664,"[14, 406]","[407, 642]",432,2026-08-11T13:53:56+09:00
2784,3,no,T4,primary,no,25.125,26.25,-1.125,False,True,79213,54924,664,"[14, 406]","[407, 642]",431,2026-08-11T13:53:56+09:00
2784,3,no,T8,primary,no,25.0,26.25,-1.25,False,True,79213,54924,664,"[14, 406]","[407, 642]",436,2026-08-11T13:53:57+09:00
2784,3,no,T12,primary,no,24.875,26.125,-1.25,False,True,79213,54924,664,"[14, 406]","[407, 642]",435,2026-08-11T13:53:57+09:00
2784,3,no,T16,primary,no,24.625,26.5,-1.875,False,True,79213,54924,664,"[14, 406]","[407, 642]",435,2026-08-11T13:53:58+09:00
2784,3,no,T20,primary,no,24.625,27.0,-2.375,False,True,79213,54924,664,"[14, 406]","[407, 642]",433,2026-08-11T13:53:58+09:00
2784,3,no,T24,primary,no,24.375,27.25,-2.875,False,True,79213,54924,664,"[14, 406]","[407, 642]",433,2026-08-11T13:53:58+09:00
2784,3,no,T0,primary,no,24.875,26.0,-1.125,False,True,79213,54924,664,"[14, 406]","[407, 642]",433,2026-08-11T13:53:59+09:00
2784,3,no,Trel8,primary,no,24.75,29.0,-4.25,False,True,79213,54924,664,"[14, 406]","[407, 642]",435,2026-08-11T13:53:59+09:00
1008,3,no,S,primary,no,24.75,29.25,-4.5,False,True,189694,251572,428,,,249,2026-08-11T13:54:00+09:00
1008,3,no,M,primary,no,25.0,29.375,-4.375,False,True,189694,251572,776,"[14, 406]","[407, 753]",523,2026-08-11T13:54:00+09:00
1008,3,no,T4,primary,no,25.5,28.0,-2.5,False,True,189694,251572,776,"[14, 406]","[407, 753]",525,2026-08-11T13:54:01+09:00
1008,3,no,T8,primary,no,25.25,28.125,-2.875,False,True,189694,251572,776,"[14, 406]","[407, 753]",528,2026-08-11T13:54:01+09:00
1008,3,no,T12,primary,no,25.375,28.125,-2.75,False,True,189694,251572,776,"[14, 406]","[407, 753]",523,2026-08-11T13:54:02+09:00
1008,3,no,T16,primary,no,25.375,28.375,-3.0,False,True,189694,251572,776,"[14, 406]","[407, 753]",526,2026-08-11T13:54:02+09:00
1008,3,no,T20,primary,no,25.25,29.125,-3.875,False,True,189694,251572,776,"[14, 406]","[407, 753]",526,2026-08-11T13:54:03+09:00
1008,3,no,T24,primary,no,25.125,29.5,-4.375,False,True,189694,251572,776,"[14, 406]","[407, 753]",522,2026-08-11T13:54:03+09:00
1008,3,no,T0,primary,no,25.0,28.25,-3.25,False,True,189694,251572,776,"[14, 406]","[407, 753]",526,2026-08-11T13:54:04+09:00
1008,3,no,Trel8,primary,no,25.375,28.875,-3.5,False,True,189694,251572,776,"[14, 406]","[407, 753]",527,2026-08-11T13:54:04+09:00
2566,3,no,S,primary,no,24.0,28.375,-4.375,False,True,156282,66568,271,,,133,2026-08-11T13:54:05+09:00
2566,3,no,M,primary,no,24.125,28.0,-3.875,False,True,156282,66568,665,"[14, 249]","[250, 642]",432,2026-08-11T13:54:05+09:00
2566,3,no,T4,primary,no,25.125,27.75,-2.625,False,True,156282,66568,665,"[14, 249]","[250, 642]",433,2026-08-11T13:54:05+09:00
2566,3,no,T8,primary,no,25.0,28.0,-3.0,False,True,156282,66568,665,"[14, 249]","[250, 642]",434,2026-08-11T13:54:06+09:00
2566,3,no,T12,primary,no,24.875,27.75,-2.875,False,True,156282,66568,665,"[14, 249]","[250, 642]",434,2026-08-11T13:54:06+09:00
2566,3,no,T16,primary,no,24.375,27.75,-3.375,False,True,156282,66568,665,"[14, 249]","[250, 642]",434,2026-08-11T13:54:07+09:00
2566,3,no,T20,primary,no,24.5,28.0,-3.5,False,True,156282,66568,665,"[14, 249]","[250, 642]",432,2026-08-11T13:54:07+09:00
2566,3,no,T24,primary,no,24.375,28.25,-3.875,False,True,156282,66568,665,"[14, 249]","[250, 642]",431,2026-08-11T13:54:08+09:00
2566,3,no,T0,primary,no,24.75,27.875,-3.125,False,True,156282,66568,665,"[14, 249]","[250, 642]",434,2026-08-11T13:54:08+09:00
2566,3,no,Trel8,primary,no,25.25,29.5,-4.25,False,True,156282,66568,665,"[14, 249]","[250, 642]",433,2026-08-11T13:54:08+09:00
2038,3,no,M,primary,no,24.625,29.5,-4.875,False,True,363908,383163,775,"[14, 360]","[361, 753]",525,2026-08-11T13:54:09+09:00
2038,3,no,T4,primary,no,25.375,29.25,-3.875,False,True,363908,383163,775,"[14, 360]","[361, 753]",523,2026-08-11T13:54:10+09:00
2038,3,no,T8,primary,no,25.125,29.625,-4.5,False,True,363908,383163,775,"[14, 360]","[361, 753]",527,2026-08-11T13:54:10+09:00
2038,3,no,T12,primary,no,25.25,29.75,-4.5,False,True,363908,383163,775,"[14, 360]","[361, 753]",529,2026-08-11T13:54:11+09:00
2038,3,no,T16,primary,no,25.125,28.625,-3.5,False,True,363908,383163,775,"[14, 360]","[361, 753]",529,2026-08-11T13:54:11+09:00
2038,3,no,T20,primary,no,24.625,28.875,-4.25,False,True,363908,383163,775,"[14, 360]","[361, 753]",525,2026-08-11T13:54:12+09:00
2038,3,no,T24,primary,no,25.0,29.875,-4.875,False,True,363908,383163,775,"[14, 360]","[361, 753]",528,2026-08-11T13:54:12+09:00
2038,3,no,Trel8,primary,no,25.0,27.375,-2.375,False,True,363908,383163,775,"[14, 360]","[361, 753]",529,2026-08-11T13:54:13+09:00
276,3,no,M,primary,no,24.875,28.875,-4.0,False,True,205729,228297,799,"[14, 406]","[407, 776]",540,2026-08-11T13:54:13+09:00
276,3,no,T4,primary,no,24.75,27.75,-3.0,False,True,205729,228297,799,"[14, 406]","[407, 776]",539,2026-08-11T13:54:14+09:00
276,3,no,T8,primary,no,24.625,27.625,-3.0,False,True,205729,228297,799,"[14, 406]","[407, 776]",542,2026-08-11T13:54:14+09:00
276,3,no,T12,primary,no,24.625,27.625,-3.0,False,True,205729,228297,799,"[14, 406]","[407, 776]",541,2026-08-11T13:54:15+09:00
276,3,no,T16,primary,no,24.75,28.375,-3.625,False,True,205729,228297,799,"[14, 406]","[407, 776]",542,2026-08-11T13:54:16+09:00
276,3,no,T20,primary,no,24.75,28.375,-3.625,False,True,205729,228297,799,"[14, 406]","[407, 776]",539,2026-08-11T13:54:16+09:00
276,3,no,T24,primary,no,25.0,28.875,-3.875,False,True,205729,228297,799,"[14, 406]","[407, 776]",538,2026-08-11T13:54:17+09:00
276,3,no,Trel8,primary,no,25.125,30.125,-5.0,False,True,205729,228297,799,"[14, 406]","[407, 776]",542,2026-08-11T13:54:17+09:00
1604,3,no,S,primary,no,24.625,29.75,-5.125,False,True,472143,350157,565,,,333,2026-08-11T13:54:18+09:00
1604,3,no,M,primary,no,24.375,30.25,-5.875,False,True,472143,350157,959,"[14, 544]","[545, 937]",704,2026-08-11T13:54:18+09:00
1604,3,no,T4,primary,no,24.875,28.5,-3.625,False,True,472143,350157,959,"[14, 544]","[545, 937]",706,2026-08-11T13:54:19+09:00
1604,3,no,T8,primary,no,24.75,29.125,-4.375,False,True,472143,350157,959,"[14, 544]","[545, 937]",707,2026-08-11T13:54:20+09:00
1604,3,no,T12,primary,no,24.75,29.0,-4.25,False,True,472143,350157,959,"[14, 544]","[545, 937]",706,2026-08-11T13:54:20+09:00
1604,3,no,T16,primary,no,24.5,28.875,-4.375,False,True,472143,350157,959,"[14, 544]","[545, 937]",704,2026-08-11T13:54:21+09:00
1604,3,no,T20,primary,no,24.625,30.25,-5.625,False,True,472143,350157,959,"[14, 544]","[545, 937]",702,2026-08-11T13:54:22+09:00
1604,3,no,T24,primary,no,24.75,30.75,-6.0,False,True,472143,350157,959,"[14, 544]","[545, 937]",708,2026-08-11T13:54:22+09:00
1604,3,no,T0,primary,no,24.5,28.375,-3.875,False,True,472143,350157,959,"[14, 544]","[545, 937]",709,2026-08-11T13:54:23+09:00
1604,3,no,Trel8,primary,no,25.25,29.625,-4.375,False,True,472143,350157,959,"[14, 544]","[545, 937]",710,2026-08-11T13:54:24+09:00
504,3,no,M,primary,no,24.5,26.625,-2.125,False,True,199764,208566,729,"[14, 360]","[361, 707]",481,2026-08-11T13:54:24+09:00
504,3,no,T4,primary,no,24.875,26.625,-1.75,False,True,199764,208566,729,"[14, 360]","[361, 707]",481,2026-08-11T13:54:25+09:00
504,3,no,T8,primary,no,24.75,26.625,-1.875,False,True,199764,208566,729,"[14, 360]","[361, 707]",482,2026-08-11T13:54:25+09:00
504,3,no,T12,primary,no,24.75,26.5,-1.75,False,True,199764,208566,729,"[14, 360]","[361, 707]",484,2026-08-11T13:54:26+09:00
504,3,no,T16,primary,no,24.5,26.5,-2.0,False,True,199764,208566,729,"[14, 360]","[361, 707]",484,2026-08-11T13:54:26+09:00
504,3,no,T20,primary,no,24.625,26.375,-1.75,False,True,199764,208566,729,"[14, 360]","[361, 707]",484,2026-08-11T13:54:27+09:00
504,3,no,T24,primary,no,24.625,26.75,-2.125,False,True,199764,208566,729,"[14, 360]","[361, 707]",483,2026-08-11T13:54:27+09:00
504,3,no,T0,primary,no,24.625,26.625,-2.0,False,True,199764,208566,729,"[14, 360]","[361, 707]",482,2026-08-11T13:54:28+09:00
504,3,no,Trel8,primary,no,24.5,25.75,-1.25,False,True,199764,208566,729,"[14, 360]","[361, 707]",481,2026-08-11T13:54:28+09:00
2512,3,no,M,primary,no,24.875,29.125,-4.25,False,True,246928,406119,729,"[14, 360]","[361, 707]",479,2026-08-11T13:54:29+09:00
2512,3,no,T4,primary,no,25.375,29.125,-3.75,False,True,246928,406119,729,"[14, 360]","[361, 707]",479,2026-08-11T13:54:29+09:00
2512,3,no,T8,primary,no,25.25,29.25,-4.0,False,True,246928,406119,729,"[14, 360]","[361, 707]",481,2026-08-11T13:54:30+09:00
2512,3,no,T12,primary,no,25.375,29.5,-4.125,False,True,246928,406119,729,"[14, 360]","[361, 707]",482,2026-08-11T13:54:30+09:00
2512,3,no,T16,primary,no,25.5,29.125,-3.625,False,True,246928,406119,729,"[14, 360]","[361, 707]",481,2026-08-11T13:54:31+09:00
2512,3,no,T20,primary,no,25.25,30.5,-5.25,False,True,246928,406119,729,"[14, 360]","[361, 707]",483,2026-08-11T13:54:31+09:00
2512,3,no,T24,primary,no,24.875,29.25,-4.375,False,True,246928,406119,729,"[14, 360]","[361, 707]",483,2026-08-11T13:54:32+09:00
2512,3,no,T0,primary,no,25.125,29.375,-4.25,False,True,246928,406119,729,"[14, 360]","[361, 707]",482,2026-08-11T13:54:32+09:00
2512,3,no,Trel8,primary,no,25.0,26.5,-1.5,False,True,246928,406119,729,"[14, 360]","[361, 707]",482,2026-08-11T13:54:33+09:00
1054,3,no,S,primary,no,25.25,31.875,-6.625,False,True,18150,267862,427,,,249,2026-08-11T13:54:33+09:00
1054,3,no,M,primary,no,25.25,28.25,-3.0,False,True,18150,267862,821,"[14, 406]","[407, 799]",573,2026-08-11T13:54:34+09:00
1054,3,no,T4,primary,no,25.625,29.75,-4.125,False,True,18150,267862,821,"[14, 406]","[407, 799]",577,2026-08-11T13:54:34+09:00
1054,3,no,T8,primary,no,25.375,29.625,-4.25,False,True,18150,267862,821,"[14, 406]","[407, 799]",575,2026-08-11T13:54:35+09:00
1054,3,no,T12,primary,no,25.25,29.25,-4.0,False,True,18150,267862,821,"[14, 406]","[407, 799]",575,2026-08-11T13:54:35+09:00
1054,3,no,T16,primary,no,24.875,28.75,-3.875,False,True,18150,267862,821,"[14, 406]","[407, 799]",576,2026-08-11T13:54:36+09:00
1054,3,no,T20,primary,no,25.0,28.25,-3.25,False,True,18150,267862,821,"[14, 406]","[407, 799]",574,2026-08-11T13:54:36+09:00
1054,3,no,T24,primary,no,25.125,28.25,-3.125,False,True,18150,267862,821,"[14, 406]","[407, 799]",575,2026-08-11T13:54:37+09:00
1054,3,no,T0,primary,no,25.25,29.875,-4.625,False,True,18150,267862,821,"[14, 406]","[407, 799]",579,2026-08-11T13:54:38+09:00
1054,3,no,Trel8,primary,no,24.75,26.25,-1.5,False,True,18150,267862,821,"[14, 406]","[407, 799]",579,2026-08-11T13:54:38+09:00
1712,3,no,M,primary,no,24.375,29.625,-5.25,False,True,239773,237566,489,"[14, 231]","[232, 467]",283,2026-08-11T13:54:38+09:00
1712,3,no,T4,primary,no,25.125,28.25,-3.125,False,True,239773,237566,489,"[14, 231]","[232, 467]",283,2026-08-11T13:54:39+09:00
1712,3,no,T8,primary,no,24.875,28.375,-3.5,False,True,239773,237566,489,"[14, 231]","[232, 467]",284,2026-08-11T13:54:39+09:00
1712,3,no,T12,primary,no,24.875,28.375,-3.5,False,True,239773,237566,489,"[14, 231]","[232, 467]",284,2026-08-11T13:54:39+09:00
1712,3,no,T16,primary,no,24.375,28.875,-4.5,False,True,239773,237566,489,"[14, 231]","[232, 467]",285,2026-08-11T13:54:40+09:00
1712,3,no,T20,primary,no,24.5,29.25,-4.75,False,True,239773,237566,489,"[14, 231]","[232, 467]",285,2026-08-11T13:54:40+09:00
1712,3,no,T24,primary,no,24.625,30.125,-5.5,False,True,239773,237566,489,"[14, 231]","[232, 467]",283,2026-08-11T13:54:40+09:00
1712,3,no,T0,primary,no,24.625,28.0,-3.375,False,True,239773,237566,489,"[14, 231]","[232, 467]",285,2026-08-11T13:54:40+09:00
1712,3,no,Trel8,primary,no,25.125,28.0,-2.875,False,True,239773,237566,489,"[14, 231]","[232, 467]",283,2026-08-11T13:54:41+09:00
1290,3,no,S,primary,no,25.0,28.625,-3.625,False,True,201148,202810,335,,,183,2026-08-11T13:54:41+09:00
1290,3,no,M,primary,no,24.25,26.75,-2.5,False,True,201148,202810,683,"[14, 314]","[315, 661]",444,2026-08-11T13:54:41+09:00
1290,3,no,T4,primary,no,25.0,27.375,-2.375,False,True,201148,202810,683,"[14, 314]","[315, 661]",444,2026-08-11T13:54:42+09:00
1290,3,no,T8,primary,no,24.75,27.25,-2.5,False,True,201148,202810,683,"[14, 314]","[315, 661]",448,2026-08-11T13:54:42+09:00
1290,3,no,T12,primary,no,24.75,27.375,-2.625,False,True,201148,202810,683,"[14, 314]","[315, 661]",448,2026-08-11T13:54:43+09:00
1290,3,no,T16,primary,no,24.5,26.75,-2.25,False,True,201148,202810,683,"[14, 314]","[315, 661]",448,2026-08-11T13:54:43+09:00
1290,3,no,T20,primary,no,24.375,26.625,-2.25,False,True,201148,202810,683,"[14, 314]","[315, 661]",447,2026-08-11T13:54:44+09:00
1290,3,no,T24,primary,no,24.625,27.0,-2.375,False,True,201148,202810,683,"[14, 314]","[315, 661]",448,2026-08-11T13:54:44+09:00
1290,3,no,T0,primary,no,24.5,27.25,-2.75,False,True,201148,202810,683,"[14, 314]","[315, 661]",447,2026-08-11T13:54:45+09:00
1290,3,no,Trel8,primary,no,24.5,26.25,-1.75,False,True,201148,202810,683,"[14, 314]","[315, 661]",449,2026-08-11T13:54:45+09:00
1460,3,no,M,primary,no,25.0,27.625,-2.625,False,True,115626,305978,821,"[14, 406]","[407, 799]",574,2026-08-11T13:54:46+09:00
1460,3,no,T4,primary,no,25.125,27.625,-2.5,False,True,115626,305978,821,"[14, 406]","[407, 799]",575,2026-08-11T13:54:46+09:00
1460,3,no,T8,primary,no,24.875,27.625,-2.75,False,True,115626,305978,821,"[14, 406]","[407, 799]",577,2026-08-11T13:54:47+09:00
1460,3,no,T12,primary,no,25.125,27.75,-2.625,False,True,115626,305978,821,"[14, 406]","[407, 799]",577,2026-08-11T13:54:47+09:00
1460,3,no,T16,primary,no,25.0,27.5,-2.5,False,True,115626,305978,821,"[14, 406]","[407, 799]",576,2026-08-11T13:54:48+09:00
1460,3,no,T20,primary,no,25.0,27.625,-2.625,False,True,115626,305978,821,"[14, 406]","[407, 799]",577,2026-08-11T13:54:49+09:00
1460,3,no,T24,primary,no,25.125,27.75,-2.625,False,True,115626,305978,821,"[14, 406]","[407, 799]",578,2026-08-11T13:54:49+09:00
1460,3,no,T0,primary,no,24.75,27.875,-3.125,False,True,115626,305978,821,"[14, 406]","[407, 799]",580,2026-08-11T13:54:50+09:00
1460,3,no,Trel8,primary,no,24.875,26.25,-1.375,False,True,115626,305978,821,"[14, 406]","[407, 799]",580,2026-08-11T13:54:50+09:00
2082,3,no,M,primary,no,25.875,25.875,0.0,True,True,445200,450100,775,"[14, 360]","[361, 753]",526,2026-08-11T13:54:51+09:00
2082,3,no,T4,primary,no,25.875,26.125,-0.25,False,True,445200,450100,775,"[14, 360]","[361, 753]",526,2026-08-11T13:54:51+09:00
2082,3,no,T8,primary,no,26.0,26.125,-0.125,False,True,445200,450100,775,"[14, 360]","[361, 753]",527,2026-08-11T13:54:52+09:00
2082,3,no,T12,primary,no,25.875,26.0,-0.125,False,True,445200,450100,775,"[14, 360]","[361, 753]",526,2026-08-11T13:54:52+09:00
2082,3,no,T16,primary,no,25.75,26.0,-0.25,False,True,445200,450100,775,"[14, 360]","[361, 753]",525,2026-08-11T13:54:53+09:00
2082,3,no,T20,primary,no,25.75,25.75,0.0,True,True,445200,450100,775,"[14, 360]","[361, 753]",528,2026-08-11T13:54:53+09:00
2082,3,no,T24,primary,no,25.875,25.875,0.0,True,True,445200,450100,775,"[14, 360]","[361, 753]",528,2026-08-11T13:54:54+09:00
2082,3,no,T0,primary,no,26.125,26.125,0.0,True,True,445200,450100,775,"[14, 360]","[361, 753]",525,2026-08-11T13:54:55+09:00
2082,3,no,Trel8,primary,no,25.0,27.25,-2.25,False,True,445200,450100,775,"[14, 360]","[361, 753]",524,2026-08-11T13:54:55+09:00
1738,3,no,M,primary,no,24.125,28.5,-4.375,False,True,431615,373713,601,"[14, 360]","[361, 578]",356,2026-08-11T13:54:55+09:00
1738,3,no,T4,primary,no,25.375,27.75,-2.375,False,True,431615,373713,601,"[14, 360]","[361, 578]",358,2026-08-11T13:54:56+09:00
1738,3,no,T8,primary,no,25.25,27.875,-2.625,False,True,431615,373713,601,"[14, 360]","[361, 578]",357,2026-08-11T13:54:56+09:00
1738,3,no,T12,primary,no,25.0,27.875,-2.875,False,True,431615,373713,601,"[14, 360]","[361, 578]",361,2026-08-11T13:54:57+09:00
1738,3,no,T16,primary,no,24.75,27.75,-3.0,False,True,431615,373713,601,"[14, 360]","[361, 578]",360,2026-08-11T13:54:57+09:00
1738,3,no,T20,primary,no,24.75,28.0,-3.25,False,True,431615,373713,601,"[14, 360]","[361, 578]",359,2026-08-11T13:54:57+09:00
1738,3,no,T24,primary,no,24.375,28.5,-4.125,False,True,431615,373713,601,"[14, 360]","[361, 578]",360,2026-08-11T13:54:58+09:00
1738,3,no,Trel8,primary,no,24.75,27.5,-2.75,False,True,431615,373713,601,"[14, 360]","[361, 578]",359,2026-08-11T13:54:58+09:00
1900,3,no,S,primary,no,24.875,28.0,-3.125,False,True,31971,542095,521,,,303,2026-08-11T13:54:58+09:00
1900,3,no,M,primary,no,24.875,29.625,-4.75,False,True,31971,542095,869,"[14, 499]","[500, 846]",607,2026-08-11T13:54:59+09:00
1900,3,no,T4,primary,no,25.125,27.5,-2.375,False,True,31971,542095,869,"[14, 499]","[500, 846]",606,2026-08-11T13:55:00+09:00
1900,3,no,T8,primary,no,24.875,27.625,-2.75,False,True,31971,542095,869,"[14, 499]","[500, 846]",609,2026-08-11T13:55:00+09:00
1900,3,no,T12,primary,no,25.125,28.0,-2.875,False,True,31971,542095,869,"[14, 499]","[500, 846]",610,2026-08-11T13:55:01+09:00
1900,3,no,T16,primary,no,25.0,27.875,-2.875,False,True,31971,542095,869,"[14, 499]","[500, 846]",611,2026-08-11T13:55:01+09:00
1900,3,no,T20,primary,no,25.0,28.625,-3.625,False,True,31971,542095,869,"[14, 499]","[500, 846]",609,2026-08-11T13:55:02+09:00
1900,3,no,T24,primary,no,25.125,29.875,-4.75,False,True,31971,542095,869,"[14, 499]","[500, 846]",612,2026-08-11T13:55:03+09:00
1900,3,no,T0,primary,no,25.125,27.75,-2.625,False,True,31971,542095,869,"[14, 499]","[500, 846]",612,2026-08-11T13:55:03+09:00
1900,3,no,Trel8,primary,no,25.125,29.75,-4.625,False,True,31971,542095,869,"[14, 499]","[500, 846]",608,2026-08-11T13:55:04+09:00
1830,3,no,S,primary,no,25.25,27.75,-2.5,False,True,198397,400062,331,,,182,2026-08-11T13:55:04+09:00
1830,3,no,M,primary,no,24.75,26.875,-2.125,False,True,198397,400062,702,"[14, 309]","[310, 679]",456,2026-08-11T13:55:05+09:00
1830,3,no,T4,primary,no,25.5,26.375,-0.875,False,True,198397,400062,702,"[14, 309]","[310, 679]",456,2026-08-11T13:55:05+09:00
1830,3,no,T8,primary,no,25.25,26.375,-1.125,False,True,198397,400062,702,"[14, 309]","[310, 679]",459,2026-08-11T13:55:05+09:00
1830,3,no,T12,primary,no,25.375,26.75,-1.375,False,True,198397,400062,702,"[14, 309]","[310, 679]",459,2026-08-11T13:55:06+09:00
1830,3,no,T16,primary,no,24.75,26.375,-1.625,False,True,198397,400062,702,"[14, 309]","[310, 679]",458,2026-08-11T13:55:06+09:00
1830,3,no,T20,primary,no,24.75,26.375,-1.625,False,True,198397,400062,702,"[14, 309]","[310, 679]",458,2026-08-11T13:55:07+09:00
1830,3,no,T24,primary,no,24.875,26.875,-2.0,False,True,198397,400062,702,"[14, 309]","[310, 679]",457,2026-08-11T13:55:07+09:00
1830,3,no,T0,primary,no,25.375,26.375,-1.0,False,True,198397,400062,702,"[14, 309]","[310, 679]",458,2026-08-11T13:55:08+09:00
1830,3,no,Trel8,primary,no,25.0,28.375,-3.375,False,True,198397,400062,702,"[14, 309]","[310, 679]",456,2026-08-11T13:55:08+09:00
2938,3,no,S,primary,no,24.25,28.125,-3.875,False,True,235203,135478,427,,,248,2026-08-11T13:55:09+09:00
2938,3,no,M,primary,no,24.5,28.625,-4.125,False,True,235203,135478,775,"[14, 406]","[407, 753]",524,2026-08-11T13:55:09+09:00
2938,3,no,T4,primary,no,25.125,27.75,-2.625,False,True,235203,135478,775,"[14, 406]","[407, 753]",526,2026-08-11T13:55:10+09:00
2938,3,no,T8,primary,no,24.875,27.75,-2.875,False,True,235203,135478,775,"[14, 406]","[407, 753]",525,2026-08-11T13:55:10+09:00
2938,3,no,T12,primary,no,25.0,27.625,-2.625,False,True,235203,135478,775,"[14, 406]","[407, 753]",524,2026-08-11T13:55:11+09:00
2938,3,no,T16,primary,no,24.875,27.375,-2.5,False,True,235203,135478,775,"[14, 406]","[407, 753]",529,2026-08-11T13:55:11+09:00
2938,3,no,T20,primary,no,24.625,27.75,-3.125,False,True,235203,135478,775,"[14, 406]","[407, 753]",528,2026-08-11T13:55:12+09:00
2938,3,no,T24,primary,no,24.75,28.75,-4.0,False,True,235203,135478,775,"[14, 406]","[407, 753]",528,2026-08-11T13:55:12+09:00
2938,3,no,T0,primary,no,24.625,27.625,-3.0,False,True,235203,135478,775,"[14, 406]","[407, 753]",528,2026-08-11T13:55:13+09:00
2938,3,no,Trel8,primary,no,24.75,26.5,-1.75,False,True,235203,135478,775,"[14, 406]","[407, 753]",527,2026-08-11T13:55:13+09:00
2314,3,no,S,primary,no,25.375,27.125,-1.75,False,True,42685,540645,382,,,205,2026-08-11T13:55:14+09:00
2314,3,no,M,primary,no,25.0,28.375,-3.375,False,True,42685,540645,869,"[14, 360]","[361, 846]",603,2026-08-11T13:55:14+09:00
2314,3,no,T4,primary,no,25.375,26.5,-1.125,False,True,42685,540645,869,"[14, 360]","[361, 846]",606,2026-08-11T13:55:15+09:00
2314,3,no,T8,primary,no,25.25,26.5,-1.25,False,True,42685,540645,869,"[14, 360]","[361, 846]",610,2026-08-11T13:55:15+09:00
2314,3,no,T12,primary,no,25.25,26.625,-1.375,False,True,42685,540645,869,"[14, 360]","[361, 846]",611,2026-08-11T13:55:16+09:00
2314,3,no,T16,primary,no,25.0,27.0,-2.0,False,True,42685,540645,869,"[14, 360]","[361, 846]",612,2026-08-11T13:55:17+09:00
2314,3,no,T20,primary,no,24.875,27.0,-2.125,False,True,42685,540645,869,"[14, 360]","[361, 846]",609,2026-08-11T13:55:17+09:00
2314,3,no,T24,primary,no,25.125,28.5,-3.375,False,True,42685,540645,869,"[14, 360]","[361, 846]",608,2026-08-11T13:55:18+09:00
2314,3,no,T0,primary,no,25.25,26.75,-1.5,False,True,42685,540645,869,"[14, 360]","[361, 846]",613,2026-08-11T13:55:18+09:00
2314,3,no,Trel8,primary,no,25.0,29.5,-4.5,False,True,42685,540645,869,"[14, 360]","[361, 846]",610,2026-08-11T13:55:19+09:00
2982,3,no,M,primary,no,24.625,27.125,-2.5,False,True,497599,40821,618,"[14, 360]","[361, 596]",377,2026-08-11T13:55:19+09:00
2982,3,no,T4,primary,no,25.375,26.875,-1.5,False,True,497599,40821,618,"[14, 360]","[361, 596]",377,2026-08-11T13:55:20+09:00
2982,3,no,T8,primary,no,25.125,26.875,-1.75,False,True,497599,40821,618,"[14, 360]","[361, 596]",377,2026-08-11T13:55:20+09:00
2982,3,no,T12,primary,no,25.125,26.75,-1.625,False,True,497599,40821,618,"[14, 360]","[361, 596]",380,2026-08-11T13:55:21+09:00
2982,3,no,T16,primary,no,24.75,26.75,-2.0,False,True,497599,40821,618,"[14, 360]","[361, 596]",380,2026-08-11T13:55:21+09:00
2982,3,no,T20,primary,no,24.875,26.875,-2.0,False,True,497599,40821,618,"[14, 360]","[361, 596]",379,2026-08-11T13:55:21+09:00
2982,3,no,T24,primary,no,24.75,27.25,-2.5,False,True,497599,40821,618,"[14, 360]","[361, 596]",376,2026-08-11T13:55:22+09:00
2982,3,no,T0,primary,no,25.125,27.0,-1.875,False,True,497599,40821,618,"[14, 360]","[361, 596]",379,2026-08-11T13:55:22+09:00
2982,3,no,Trel8,primary,no,24.875,28.25,-3.375,False,True,497599,40821,618,"[14, 360]","[361, 596]",381,2026-08-11T13:55:22+09:00
570,3,no,S,primary,no,24.75,28.0,-3.25,False,True,227227,392382,252,,,123,2026-08-11T13:55:23+09:00
570,3,no,M,primary,no,24.0,28.0,-4.0,False,True,227227,392382,600,"[14, 231]","[232, 578]",357,2026-08-11T13:55:23+09:00
570,3,no,T4,primary,no,25.0,27.25,-2.25,False,True,227227,392382,600,"[14, 231]","[232, 578]",358,2026-08-11T13:55:23+09:00
570,3,no,T8,primary,no,24.75,27.375,-2.625,False,True,227227,392382,600,"[14, 231]","[232, 578]",358,2026-08-11T13:55:24+09:00
570,3,no,T12,primary,no,24.625,27.125,-2.5,False,True,227227,392382,600,"[14, 231]","[232, 578]",359,2026-08-11T13:55:24+09:00
570,3,no,T16,primary,no,24.5,27.75,-3.25,False,True,227227,392382,600,"[14, 231]","[232, 578]",359,2026-08-11T13:55:24+09:00
570,3,no,T20,primary,no,24.5,28.125,-3.625,False,True,227227,392382,600,"[14, 231]","[232, 578]",358,2026-08-11T13:55:25+09:00
570,3,no,T24,primary,no,24.375,28.25,-3.875,False,True,227227,392382,600,"[14, 231]","[232, 578]",359,2026-08-11T13:55:25+09:00
570,3,no,T0,primary,no,25.0,27.375,-2.375,False,True,227227,392382,600,"[14, 231]","[232, 578]",359,2026-08-11T13:55:26+09:00
570,3,no,Trel8,primary,no,24.875,29.25,-4.375,False,True,227227,392382,600,"[14, 231]","[232, 578]",359,2026-08-11T13:55:26+09:00
822,3,no,M,primary,no,24.5,25.5,-1.0,False,True,500473,307842,775,"[14, 406]","[407, 753]",521,2026-08-11T13:55:26+09:00
822,3,no,T4,primary,no,25.125,25.375,-0.25,False,True,500473,307842,775,"[14, 406]","[407, 753]",524,2026-08-11T13:55:27+09:00
822,3,no,T8,primary,no,24.875,25.5,-0.625,False,True,500473,307842,775,"[14, 406]","[407, 753]",526,2026-08-11T13:55:27+09:00
822,3,no,T12,primary,no,25.0,25.5,-0.5,False,True,500473,307842,775,"[14, 406]","[407, 753]",527,2026-08-11T13:55:28+09:00
822,3,no,T16,primary,no,24.5,24.875,-0.375,False,True,500473,307842,775,"[14, 406]","[407, 753]",527,2026-08-11T13:55:29+09:00
822,3,no,T20,primary,no,24.5,25.0,-0.5,False,True,500473,307842,775,"[14, 406]","[407, 753]",526,2026-08-11T13:55:29+09:00
822,3,no,T24,primary,no,24.375,25.375,-1.0,False,True,500473,307842,775,"[14, 406]","[407, 753]",529,2026-08-11T13:55:30+09:00
822,3,no,T0,primary,no,24.875,25.25,-0.375,False,True,500473,307842,775,"[14, 406]","[407, 753]",528,2026-08-11T13:55:30+09:00
822,3,no,Trel8,primary,no,25.0,26.25,-1.25,False,True,500473,307842,775,"[14, 406]","[407, 753]",525,2026-08-11T13:55:31+09:00
916,3,no,M,primary,no,24.875,30.125,-5.25,False,True,539251,105611,706,"[14, 337]","[338, 684]",457,2026-08-11T13:55:31+09:00
916,3,no,T4,primary,no,25.125,28.5,-3.375,False,True,539251,105611,706,"[14, 337]","[338, 684]",457,2026-08-11T13:55:32+09:00
916,3,no,T8,primary,no,25.125,28.75,-3.625,False,True,539251,105611,706,"[14, 337]","[338, 684]",457,2026-08-11T13:55:32+09:00
916,3,no,T12,primary,no,25.25,29.0,-3.75,False,True,539251,105611,706,"[14, 337]","[338, 684]",459,2026-08-11T13:55:33+09:00
916,3,no,T16,primary,no,24.75,28.5,-3.75,False,True,539251,105611,706,"[14, 337]","[338, 684]",458,2026-08-11T13:55:33+09:00
916,3,no,T20,primary,no,24.875,29.5,-4.625,False,True,539251,105611,706,"[14, 337]","[338, 684]",457,2026-08-11T13:55:33+09:00
916,3,no,T24,primary,no,25.125,30.375,-5.25,False,True,539251,105611,706,"[14, 337]","[338, 684]",459,2026-08-11T13:55:34+09:00
916,3,no,T0,primary,no,25.25,28.5,-3.25,False,True,539251,105611,706,"[14, 337]","[338, 684]",460,2026-08-11T13:55:34+09:00
916,3,no,Trel8,primary,no,25.125,28.875,-3.75,False,True,539251,105611,706,"[14, 337]","[338, 684]",460,2026-08-11T13:55:35+09:00
806,3,no,S,primary,no,24.875,26.625,-1.75,False,True,102439,180045,271,,,134,2026-08-11T13:55:35+09:00
806,3,no,M,primary,no,24.75,27.375,-2.625,False,True,102439,180045,665,"[14, 249]","[250, 642]",432,2026-08-11T13:55:35+09:00
806,3,no,T4,primary,no,25.375,26.5,-1.125,False,True,102439,180045,665,"[14, 249]","[250, 642]",431,2026-08-11T13:55:36+09:00
806,3,no,T8,primary,no,25.0,26.25,-1.25,False,True,102439,180045,665,"[14, 249]","[250, 642]",434,2026-08-11T13:55:36+09:00
806,3,no,T12,primary,no,25.0,26.125,-1.125,False,True,102439,180045,665,"[14, 249]","[250, 642]",435,2026-08-11T13:55:37+09:00
806,3,no,T16,primary,no,24.875,26.25,-1.375,False,True,102439,180045,665,"[14, 249]","[250, 642]",435,2026-08-11T13:55:37+09:00
806,3,no,T20,primary,no,24.875,26.5,-1.625,False,True,102439,180045,665,"[14, 249]","[250, 642]",436,2026-08-11T13:55:38+09:00
806,3,no,T24,primary,no,25.0,27.5,-2.5,False,True,102439,180045,665,"[14, 249]","[250, 642]",434,2026-08-11T13:55:38+09:00
806,3,no,T0,primary,no,25.25,26.75,-1.5,False,True,102439,180045,665,"[14, 249]","[250, 642]",433,2026-08-11T13:55:38+09:00
806,3,no,Trel8,primary,no,25.0,26.5,-1.5,False,True,102439,180045,665,"[14, 249]","[250, 642]",434,2026-08-11T13:55:39+09:00
2572,3,no,M,primary,no,25.125,30.75,-5.625,False,True,52689,463842,776,"[14, 360]","[361, 753]",525,2026-08-11T13:55:39+09:00
2572,3,no,T4,primary,no,25.75,30.0,-4.25,False,True,52689,463842,776,"[14, 360]","[361, 753]",521,2026-08-11T13:55:40+09:00
2572,3,no,T8,primary,no,25.75,30.5,-4.75,False,True,52689,463842,776,"[14, 360]","[361, 753]",525,2026-08-11T13:55:41+09:00
2572,3,no,T12,primary,no,25.75,30.375,-4.625,False,True,52689,463842,776,"[14, 360]","[361, 753]",528,2026-08-11T13:55:41+09:00
2572,3,no,T16,primary,no,25.25,30.375,-5.125,False,True,52689,463842,776,"[14, 360]","[361, 753]",526,2026-08-11T13:55:42+09:00
2572,3,no,T20,primary,no,25.5,30.875,-5.375,False,True,52689,463842,776,"[14, 360]","[361, 753]",525,2026-08-11T13:55:42+09:00
2572,3,no,T24,primary,no,25.5,31.25,-5.75,False,True,52689,463842,776,"[14, 360]","[361, 753]",526,2026-08-11T13:55:43+09:00
2572,3,no,T0,primary,no,25.375,29.375,-4.0,False,True,52689,463842,776,"[14, 360]","[361, 753]",528,2026-08-11T13:55:43+09:00
2572,3,no,Trel8,primary,no,25.5,27.625,-2.125,False,True,52689,463842,776,"[14, 360]","[361, 753]",529,2026-08-11T13:55:44+09:00
2448,3,no,S,primary,no,24.75,27.0,-2.25,False,True,238029,52835,427,,,249,2026-08-11T13:55:44+09:00
2448,3,no,M,primary,no,24.625,26.75,-2.125,False,True,238029,52835,821,"[14, 406]","[407, 799]",575,2026-08-11T13:55:45+09:00
2448,3,no,T4,primary,no,24.75,26.75,-2.0,False,True,238029,52835,821,"[14, 406]","[407, 799]",577,2026-08-11T13:55:45+09:00
2448,3,no,T8,primary,no,24.75,26.75,-2.0,False,True,238029,52835,821,"[14, 406]","[407, 799]",581,2026-08-11T13:55:46+09:00
2448,3,no,T12,primary,no,24.875,26.75,-1.875,False,True,238029,52835,821,"[14, 406]","[407, 799]",578,2026-08-11T13:55:46+09:00
2448,3,no,T16,primary,no,24.625,26.625,-2.0,False,True,238029,52835,821,"[14, 406]","[407, 799]",576,2026-08-11T13:55:47+09:00
2448,3,no,T20,primary,no,24.625,26.25,-1.625,False,True,238029,52835,821,"[14, 406]","[407, 799]",577,2026-08-11T13:55:47+09:00
2448,3,no,T24,primary,no,24.625,26.75,-2.125,False,True,238029,52835,821,"[14, 406]","[407, 799]",577,2026-08-11T13:55:48+09:00
2448,3,no,T0,primary,no,24.5,26.5,-2.0,False,True,238029,52835,821,"[14, 406]","[407, 799]",577,2026-08-11T13:55:49+09:00
2448,3,no,Trel8,primary,no,24.375,26.375,-2.0,False,True,238029,52835,821,"[14, 406]","[407, 799]",573,2026-08-11T13:55:49+09:00
2474,3,no,M,primary,no,24.5,29.625,-5.125,False,True,388237,436875,776,"[14, 360]","[361, 753]",524,2026-08-11T13:55:50+09:00
2474,3,no,T4,primary,no,25.0,28.25,-3.25,False,True,388237,436875,776,"[14, 360]","[361, 753]",523,2026-08-11T13:55:50+09:00
2474,3,no,T8,primary,no,24.875,28.25,-3.375,False,True,388237,436875,776,"[14, 360]","[361, 753]",524,2026-08-11T13:55:51+09:00
2474,3,no,T12,primary,no,25.0,28.25,-3.25,False,True,388237,436875,776,"[14, 360]","[361, 753]",524,2026-08-11T13:55:51+09:00
2474,3,no,T16,primary,no,24.875,29.0,-4.125,False,True,388237,436875,776,"[14, 360]","[361, 753]",524,2026-08-11T13:55:52+09:00
2474,3,no,T20,primary,no,24.875,29.25,-4.375,False,True,388237,436875,776,"[14, 360]","[361, 753]",524,2026-08-11T13:55:52+09:00
2474,3,no,T24,primary,no,24.75,29.75,-5.0,False,True,388237,436875,776,"[14, 360]","[361, 753]",527,2026-08-11T13:55:53+09:00
2474,3,no,T0,primary,no,24.75,28.0,-3.25,False,True,388237,436875,776,"[14, 360]","[361, 753]",528,2026-08-11T13:55:53+09:00
2474,3,no,Trel8,primary,no,25.5,31.0,-5.5,False,True,388237,436875,776,"[14, 360]","[361, 753]",528,2026-08-11T13:55:54+09:00
10,3,no,S,primary,no,24.75,29.375,-4.625,False,True,210789,411943,284,,,139,2026-08-11T13:55:54+09:00
10,3,no,M,primary,no,24.75,29.625,-4.875,False,True,210789,411943,678,"[14, 262]","[263, 655]",441,2026-08-11T13:55:55+09:00
10,3,no,T4,primary,no,25.25,27.875,-2.625,False,True,210789,411943,678,"[14, 262]","[263, 655]",441,2026-08-11T13:55:55+09:00
10,3,no,T8,primary,no,25.125,28.125,-3.0,False,True,210789,411943,678,"[14, 262]","[263, 655]",444,2026-08-11T13:55:56+09:00
10,3,no,T12,primary,no,25.125,28.125,-3.0,False,True,210789,411943,678,"[14, 262]","[263, 655]",443,2026-08-11T13:55:56+09:00
10,3,no,T16,primary,no,25.125,28.375,-3.25,False,True,210789,411943,678,"[14, 262]","[263, 655]",444,2026-08-11T13:55:56+09:00
10,3,no,T20,primary,no,25.25,29.25,-4.0,False,True,210789,411943,678,"[14, 262]","[263, 655]",444,2026-08-11T13:55:57+09:00
10,3,no,T24,primary,no,25.0,30.0,-5.0,False,True,210789,411943,678,"[14, 262]","[263, 655]",443,2026-08-11T13:55:57+09:00
10,3,no,T0,primary,no,24.875,27.875,-3.0,False,True,210789,411943,678,"[14, 262]","[263, 655]",441,2026-08-11T13:55:58+09:00
10,3,no,Trel8,primary,no,25.875,29.875,-4.0,False,True,210789,411943,678,"[14, 262]","[263, 655]",440,2026-08-11T13:55:58+09:00
2192,3,no,S,primary,no,24.75,31.25,-6.5,False,True,372819,452122,381,,,205,2026-08-11T13:55:58+09:00
2192,3,no,M,primary,no,24.625,30.25,-5.625,False,True,372819,452122,729,"[14, 360]","[361, 707]",479,2026-08-11T13:55:59+09:00
2192,3,no,T4,primary,no,25.5,28.625,-3.125,False,True,372819,452122,729,"[14, 360]","[361, 707]",480,2026-08-11T13:55:59+09:00
2192,3,no,T8,primary,no,25.25,28.625,-3.375,False,True,372819,452122,729,"[14, 360]","[361, 707]",481,2026-08-11T13:56:00+09:00
2192,3,no,T12,primary,no,25.5,28.875,-3.375,False,True,372819,452122,729,"[14, 360]","[361, 707]",479,2026-08-11T13:56:00+09:00
2192,3,no,T16,primary,no,25.25,28.5,-3.25,False,True,372819,452122,729,"[14, 360]","[361, 707]",480,2026-08-11T13:56:01+09:00
2192,3,no,T20,primary,no,25.0,29.625,-4.625,False,True,372819,452122,729,"[14, 360]","[361, 707]",482,2026-08-11T13:56:01+09:00
2192,3,no,T24,primary,no,25.0,30.625,-5.625,False,True,372819,452122,729,"[14, 360]","[361, 707]",482,2026-08-11T13:56:02+09:00
2192,3,no,T0,primary,no,25.25,28.75,-3.5,False,True,372819,452122,729,"[14, 360]","[361, 707]",481,2026-08-11T13:56:02+09:00
2192,3,no,Trel8,primary,no,25.375,29.25,-3.875,False,True,372819,452122,729,"[14, 360]","[361, 707]",480,2026-08-11T13:56:03+09:00
428,3,no,M,primary,no,24.625,27.125,-2.5,False,True,80022,147494,729,"[14, 360]","[361, 707]",480,2026-08-11T13:56:03+09:00
428,3,no,T4,primary,no,25.25,28.375,-3.125,False,True,80022,147494,729,"[14, 360]","[361, 707]",479,2026-08-11T13:56:04+09:00
428,3,no,T8,primary,no,25.125,28.375,-3.25,False,True,80022,147494,729,"[14, 360]","[361, 707]",481,2026-08-11T13:56:04+09:00
428,3,no,T12,primary,no,25.25,28.375,-3.125,False,True,80022,147494,729,"[14, 360]","[361, 707]",479,2026-08-11T13:56:05+09:00
428,3,no,T16,primary,no,25.0,26.875,-1.875,False,True,80022,147494,729,"[14, 360]","[361, 707]",479,2026-08-11T13:56:05+09:00
428,3,no,T20,primary,no,24.75,27.125,-2.375,False,True,80022,147494,729,"[14, 360]","[361, 707]",482,2026-08-11T13:56:06+09:00
428,3,no,T24,primary,no,24.75,27.375,-2.625,False,True,80022,147494,729,"[14, 360]","[361, 707]",480,2026-08-11T13:56:06+09:00
428,3,no,Trel8,primary,yes,25.75,25.375,0.375,False,False,80022,147494,729,"[14, 360]","[361, 707]",480,2026-08-11T13:56:07+09:00
1562,3,no,M,primary,no,24.25,30.875,-6.625,False,True,408757,319830,729,"[14, 314]","[315, 707]",488,2026-08-11T13:56:07+09:00
1562,3,no,T4,primary,no,25.125,28.5,-3.375,False,True,408757,319830,729,"[14, 314]","[315, 707]",488,2026-08-11T13:56:08+09:00
1562,3,no,T8,primary,no,25.0,28.625,-3.625,False,True,408757,319830,729,"[14, 314]","[315, 707]",491,2026-08-11T13:56:08+09:00
1562,3,no,T12,primary,no,25.25,28.625,-3.375,False,True,408757,319830,729,"[14, 314]","[315, 707]",491,2026-08-11T13:56:09+09:00
1562,3,no,T16,primary,no,24.875,28.875,-4.0,False,True,408757,319830,729,"[14, 314]","[315, 707]",492,2026-08-11T13:56:09+09:00
1562,3,no,T20,primary,no,24.625,30.25,-5.625,False,True,408757,319830,729,"[14, 314]","[315, 707]",491,2026-08-11T13:56:10+09:00
1562,3,no,T24,primary,no,24.625,31.5,-6.875,False,True,408757,319830,729,"[14, 314]","[315, 707]",490,2026-08-11T13:56:10+09:00
1562,3,no,Trel8,primary,no,25.125,28.875,-3.75,False,True,408757,319830,729,"[14, 314]","[315, 707]",490,2026-08-11T13:56:11+09:00
2144,3,no,S,primary,no,24.625,31.25,-6.625,False,True,156704,581394,381,,,205,2026-08-11T13:56:11+09:00
2144,3,no,M,primary,no,24.0,27.0,-3.0,False,True,156704,581394,600,"[14, 360]","[361, 578]",357,2026-08-11T13:56:11+09:00
2144,3,no,T4,primary,no,24.75,30.0,-5.25,False,True,156704,581394,600,"[14, 360]","[361, 578]",357,2026-08-11T13:56:12+09:00
2144,3,no,T8,primary,no,24.5,30.125,-5.625,False,True,156704,581394,600,"[14, 360]","[361, 578]",358,2026-08-11T13:56:12+09:00
2144,3,no,T12,primary,no,24.5,29.75,-5.25,False,True,156704,581394,600,"[14, 360]","[361, 578]",358,2026-08-11T13:56:12+09:00
2144,3,no,T16,primary,no,24.625,29.0,-4.375,False,True,156704,581394,600,"[14, 360]","[361, 578]",358,2026-08-11T13:56:13+09:00
2144,3,no,T20,primary,no,24.25,27.75,-3.5,False,True,156704,581394,600,"[14, 360]","[361, 578]",359,2026-08-11T13:56:13+09:00
2144,3,no,T24,primary,no,24.25,27.5,-3.25,False,True,156704,581394,600,"[14, 360]","[361, 578]",358,2026-08-11T13:56:13+09:00
2144,3,no,T0,primary,no,24.375,29.5,-5.125,False,True,156704,581394,600,"[14, 360]","[361, 578]",358,2026-08-11T13:56:14+09:00
2144,3,no,Trel8,primary,no,24.875,26.5,-1.625,False,True,156704,581394,600,"[14, 360]","[361, 578]",356,2026-08-11T13:56:14+09:00
424,3,no,S,primary,no,24.5,30.625,-6.125,False,True,249715,357860,270,,,134,2026-08-11T13:56:14+09:00
424,3,no,M,primary,no,24.75,28.75,-4.0,False,True,249715,357860,618,"[14, 249]","[250, 596]",376,2026-08-11T13:56:15+09:00
424,3,no,T4,primary,no,25.75,29.25,-3.5,False,True,249715,357860,618,"[14, 249]","[250, 596]",377,2026-08-11T13:56:15+09:00
424,3,no,T8,primary,no,25.375,29.375,-4.0,False,True,249715,357860,618,"[14, 249]","[250, 596]",379,2026-08-11T13:56:15+09:00
424,3,no,T12,primary,no,25.5,29.25,-3.75,False,True,249715,357860,618,"[14, 249]","[250, 596]",379,2026-08-11T13:56:16+09:00
424,3,no,T16,primary,no,25.0,28.875,-3.875,False,True,249715,357860,618,"[14, 249]","[250, 596]",380,2026-08-11T13:56:16+09:00
424,3,no,T20,primary,no,25.125,29.375,-4.25,False,True,249715,357860,618,"[14, 249]","[250, 596]",380,2026-08-11T13:56:17+09:00
424,3,no,T24,primary,no,24.875,28.875,-4.0,False,True,249715,357860,618,"[14, 249]","[250, 596]",379,2026-08-11T13:56:17+09:00
424,3,no,T0,primary,no,25.5,29.5,-4.0,False,True,249715,357860,618,"[14, 249]","[250, 596]",379,2026-08-11T13:56:17+09:00
424,3,no,Trel8,primary,no,25.0,26.625,-1.625,False,True,249715,357860,618,"[14, 249]","[250, 596]",381,2026-08-11T13:56:18+09:00
1474,3,no,S,primary,no,25.0,32.25,-7.25,False,True,236370,515360,427,,,249,2026-08-11T13:56:18+09:00
1474,3,no,M,primary,no,24.125,27.25,-3.125,False,True,236370,515360,775,"[14, 406]","[407, 753]",522,2026-08-11T13:56:19+09:00
1474,3,no,T4,primary,no,25.375,30.375,-5.0,False,True,236370,515360,775,"[14, 406]","[407, 753]",524,2026-08-11T13:56:19+09:00
1474,3,no,T8,primary,no,25.125,30.625,-5.5,False,True,236370,515360,775,"[14, 406]","[407, 753]",530,2026-08-11T13:56:20+09:00
1474,3,no,T12,primary,no,25.25,30.375,-5.125,False,True,236370,515360,775,"[14, 406]","[407, 753]",526,2026-08-11T13:56:20+09:00
1474,3,no,T16,primary,no,24.75,28.25,-3.5,False,True,236370,515360,775,"[14, 406]","[407, 753]",527,2026-08-11T13:56:21+09:00
1474,3,no,T20,primary,no,24.375,27.375,-3.0,False,True,236370,515360,775,"[14, 406]","[407, 753]",529,2026-08-11T13:56:21+09:00
1474,3,no,T24,primary,no,24.25,27.5,-3.25,False,True,236370,515360,775,"[14, 406]","[407, 753]",529,2026-08-11T13:56:22+09:00
1474,3,no,T0,primary,no,25.0,30.5,-5.5,False,True,236370,515360,775,"[14, 406]","[407, 753]",527,2026-08-11T13:56:22+09:00
1474,3,no,Trel8,primary,no,24.75,25.125,-0.375,False,True,236370,515360,775,"[14, 406]","[407, 753]",524,2026-08-11T13:56:23+09:00
1610,3,no,S,primary,no,24.375,30.5,-6.125,False,True,236023,211054,270,,,134,2026-08-11T13:56:23+09:00
1610,3,no,M,primary,no,24.25,28.125,-3.875,False,True,236023,211054,595,"[14, 249]","[250, 573]",362,2026-08-11T13:56:23+09:00
1610,3,no,T4,primary,no,25.375,29.5,-4.125,False,True,236023,211054,595,"[14, 249]","[250, 573]",361,2026-08-11T13:56:24+09:00
1610,3,no,T8,primary,no,25.125,29.625,-4.5,False,True,236023,211054,595,"[14, 249]","[250, 573]",362,2026-08-11T13:56:24+09:00
1610,3,no,T12,primary,no,25.125,29.625,-4.5,False,True,236023,211054,595,"[14, 249]","[250, 573]",363,2026-08-11T13:56:24+09:00
1610,3,no,T16,primary,no,24.625,28.0,-3.375,False,True,236023,211054,595,"[14, 249]","[250, 573]",361,2026-08-11T13:56:25+09:00
1610,3,no,T20,primary,no,24.625,28.0,-3.375,False,True,236023,211054,595,"[14, 249]","[250, 573]",361,2026-08-11T13:56:25+09:00
1610,3,no,T24,primary,no,24.5,28.125,-3.625,False,True,236023,211054,595,"[14, 249]","[250, 573]",363,2026-08-11T13:56:25+09:00
1610,3,no,T0,primary,no,25.0,29.375,-4.375,False,True,236023,211054,595,"[14, 249]","[250, 573]",362,2026-08-11T13:56:26+09:00
1610,3,no,Trel8,primary,no,24.625,25.0,-0.375,False,True,236023,211054,595,"[14, 249]","[250, 573]",364,2026-08-11T13:56:26+09:00
2354,3,no,S,primary,no,24.75,27.625,-2.875,False,True,44993,303726,382,,,206,2026-08-11T13:56:26+09:00
2354,3,no,M,primary,no,25.0,30.625,-5.625,False,True,44993,303726,776,"[14, 360]","[361, 753]",523,2026-08-11T13:56:27+09:00
2354,3,no,T4,primary,no,25.75,26.875,-1.125,False,True,44993,303726,776,"[14, 360]","[361, 753]",522,2026-08-11T13:56:28+09:00
2354,3,no,T8,primary,no,25.625,26.75,-1.125,False,True,44993,303726,776,"[14, 360]","[361, 753]",524,2026-08-11T13:56:28+09:00
2354,3,no,T12,primary,no,25.75,26.75,-1.0,False,True,44993,303726,776,"[14, 360]","[361, 753]",527,2026-08-11T13:56:29+09:00
2354,3,no,T16,primary,no,25.375,28.625,-3.25,False,True,44993,303726,776,"[14, 360]","[361, 753]",524,2026-08-11T13:56:29+09:00
2354,3,no,T20,primary,no,25.375,30.375,-5.0,False,True,44993,303726,776,"[14, 360]","[361, 753]",523,2026-08-11T13:56:30+09:00
2354,3,no,T24,primary,no,25.375,31.0,-5.625,False,True,44993,303726,776,"[14, 360]","[361, 753]",525,2026-08-11T13:56:30+09:00
2354,3,no,T0,primary,no,25.625,26.75,-1.125,False,True,44993,303726,776,"[14, 360]","[361, 753]",526,2026-08-11T13:56:31+09:00
2354,3,no,Trel8,primary,no,25.125,30.125,-5.0,False,True,44993,303726,776,"[14, 360]","[361, 753]",526,2026-08-11T13:56:31+09:00
1696,3,no,M,primary,no,24.75,29.25,-4.5,False,True,348524,86133,775,"[14, 360]","[361, 753]",524,2026-08-11T13:56:32+09:00
1696,3,no,T4,primary,no,24.875,29.375,-4.5,False,True,348524,86133,775,"[14, 360]","[361, 753]",526,2026-08-11T13:56:32+09:00
1696,3,no,T8,primary,no,24.75,29.5,-4.75,False,True,348524,86133,775,"[14, 360]","[361, 753]",528,2026-08-11T13:56:33+09:00
1696,3,no,T12,primary,no,25.125,29.625,-4.5,False,True,348524,86133,775,"[14, 360]","[361, 753]",527,2026-08-11T13:56:33+09:00
1696,3,no,T16,primary,no,25.25,28.875,-3.625,False,True,348524,86133,775,"[14, 360]","[361, 753]",528,2026-08-11T13:56:34+09:00
1696,3,no,T20,primary,no,24.875,28.875,-4.0,False,True,348524,86133,775,"[14, 360]","[361, 753]",526,2026-08-11T13:56:34+09:00
1696,3,no,T24,primary,no,24.875,29.5,-4.625,False,True,348524,86133,775,"[14, 360]","[361, 753]",529,2026-08-11T13:56:35+09:00
1696,3,no,Trel8,primary,no,25.25,26.0,-0.75,False,True,348524,86133,775,"[14, 360]","[361, 753]",529,2026-08-11T13:56:35+09:00
944,3,no,S,primary,no,25.125,30.625,-5.5,False,True,111817,352491,450,,,259,2026-08-11T13:56:36+09:00
944,3,no,M,primary,no,25.125,26.75,-1.625,False,True,111817,352491,844,"[14, 429]","[430, 822]",589,2026-08-11T13:56:36+09:00
944,3,no,T4,primary,no,25.625,28.5,-2.875,False,True,111817,352491,844,"[14, 429]","[430, 822]",591,2026-08-11T13:56:37+09:00
944,3,no,T8,primary,no,25.375,28.375,-3.0,False,True,111817,352491,844,"[14, 429]","[430, 822]",592,2026-08-11T13:56:38+09:00
944,3,no,T12,primary,no,25.625,28.5,-2.875,False,True,111817,352491,844,"[14, 429]","[430, 822]",591,2026-08-11T13:56:38+09:00
944,3,no,T16,primary,no,25.375,26.125,-0.75,False,True,111817,352491,844,"[14, 429]","[430, 822]",589,2026-08-11T13:56:39+09:00
944,3,no,T20,primary,no,25.25,26.25,-1.0,False,True,111817,352491,844,"[14, 429]","[430, 822]",593,2026-08-11T13:56:39+09:00
944,3,no,T24,primary,no,25.25,26.75,-1.5,False,True,111817,352491,844,"[14, 429]","[430, 822]",591,2026-08-11T13:56:40+09:00
944,3,no,T0,primary,no,25.5,28.5,-3.0,False,True,111817,352491,844,"[14, 429]","[430, 822]",590,2026-08-11T13:56:41+09:00
944,3,no,Trel8,primary,no,25.375,25.5,-0.125,False,True,111817,352491,844,"[14, 429]","[430, 822]",590,2026-08-11T13:56:41+09:00
1678,3,no,M,primary,no,24.875,26.625,-1.75,False,True,246999,323507,845,"[14, 406]","[407, 822]",590,2026-08-11T13:56:42+09:00
1678,3,no,T4,primary,no,25.25,27.25,-2.0,False,True,246999,323507,845,"[14, 406]","[407, 822]",591,2026-08-11T13:56:42+09:00
1678,3,no,T8,primary,no,25.0,27.25,-2.25,False,True,246999,323507,845,"[14, 406]","[407, 822]",595,2026-08-11T13:56:43+09:00
1678,3,no,T12,primary,no,25.125,27.125,-2.0,False,True,246999,323507,845,"[14, 406]","[407, 822]",594,2026-08-11T13:56:44+09:00
1678,3,no,T16,primary,no,25.0,27.0,-2.0,False,True,246999,323507,845,"[14, 406]","[407, 822]",592,2026-08-11T13:56:44+09:00
1678,3,no,T20,primary,no,25.125,26.875,-1.75,False,True,246999,323507,845,"[14, 406]","[407, 822]",593,2026-08-11T13:56:45+09:00
1678,3,no,T24,primary,no,25.0,26.75,-1.75,False,True,246999,323507,845,"[14, 406]","[407, 822]",594,2026-08-11T13:56:45+09:00
1678,3,no,T0,primary,no,25.25,27.375,-2.125,False,True,246999,323507,845,"[14, 406]","[407, 822]",594,2026-08-11T13:56:46+09:00
1678,3,no,Trel8,primary,no,25.375,25.75,-0.375,False,True,246999,323507,845,"[14, 406]","[407, 822]",594,2026-08-11T13:56:46+09:00
1010,3,no,M,primary,no,25.5,27.25,-1.75,False,True,273450,329373,937,"[14, 521]","[522, 914]",684,2026-08-11T13:56:47+09:00
1010,3,no,T4,primary,no,25.875,28.625,-2.75,False,True,273450,329373,937,"[14, 521]","[522, 914]",686,2026-08-11T13:56:48+09:00
1010,3,no,T8,primary,no,25.75,29.0,-3.25,False,True,273450,329373,937,"[14, 521]","[522, 914]",688,2026-08-11T13:56:49+09:00
1010,3,no,T12,primary,no,25.75,29.0,-3.25,False,True,273450,329373,937,"[14, 521]","[522, 914]",690,2026-08-11T13:56:49+09:00
1010,3,no,T16,primary,no,25.375,27.625,-2.25,False,True,273450,329373,937,"[14, 521]","[522, 914]",687,2026-08-11T13:56:50+09:00
1010,3,no,T20,primary,no,25.75,27.125,-1.375,False,True,273450,329373,937,"[14, 521]","[522, 914]",686,2026-08-11T13:56:51+09:00
1010,3,no,T24,primary,no,25.75,27.5,-1.75,False,True,273450,329373,937,"[14, 521]","[522, 914]",690,2026-08-11T13:56:51+09:00
1010,3,no,T0,primary,no,25.5,29.0,-3.5,False,True,273450,329373,937,"[14, 521]","[522, 914]",684,2026-08-11T13:56:52+09:00
1010,3,no,Trel8,primary,no,25.5,25.5,0.0,True,True,273450,329373,937,"[14, 521]","[522, 914]",688,2026-08-11T13:56:53+09:00
150,3,no,M,primary,no,24.625,27.5,-2.875,False,True,218224,545000,729,"[14, 314]","[315, 707]",488,2026-08-11T13:56:53+09:00
150,3,no,T4,primary,no,24.875,26.125,-1.25,False,True,218224,545000,729,"[14, 314]","[315, 707]",487,2026-08-11T13:56:54+09:00
150,3,no,T8,primary,no,24.625,26.125,-1.5,False,True,218224,545000,729,"[14, 314]","[315, 707]",489,2026-08-11T13:56:54+09:00
150,3,no,T12,primary,no,24.625,26.5,-1.875,False,True,218224,545000,729,"[14, 314]","[315, 707]",489,2026-08-11T13:56:55+09:00
150,3,no,T16,primary,no,24.875,27.125,-2.25,False,True,218224,545000,729,"[14, 314]","[315, 707]",489,2026-08-11T13:56:55+09:00
150,3,no,T20,primary,no,24.75,27.25,-2.5,False,True,218224,545000,729,"[14, 314]","[315, 707]",490,2026-08-11T13:56:56+09:00
150,3,no,T24,primary,no,24.625,27.625,-3.0,False,True,218224,545000,729,"[14, 314]","[315, 707]",487,2026-08-11T13:56:56+09:00
150,3,no,T0,primary,no,24.5,25.875,-1.375,False,True,218224,545000,729,"[14, 314]","[315, 707]",486,2026-08-11T13:56:57+09:00
150,3,no,Trel8,primary,no,24.625,27.5,-2.875,False,True,218224,545000,729,"[14, 314]","[315, 707]",490,2026-08-11T13:56:57+09:00
2900,3,no,M,primary,no,25.375,27.0,-1.625,False,True,554002,255631,684,"[14, 360]","[361, 661]",445,2026-08-11T13:56:58+09:00
2900,3,no,T4,primary,no,25.5,26.5,-1.0,False,True,554002,255631,684,"[14, 360]","[361, 661]",446,2026-08-11T13:56:58+09:00
2900,3,no,T8,primary,no,25.375,26.5,-1.125,False,True,554002,255631,684,"[14, 360]","[361, 661]",444,2026-08-11T13:56:59+09:00
2900,3,no,T12,primary,no,25.375,26.375,-1.0,False,True,554002,255631,684,"[14, 360]","[361, 661]",446,2026-08-11T13:56:59+09:00
2900,3,no,T16,primary,no,25.25,26.25,-1.0,False,True,554002,255631,684,"[14, 360]","[361, 661]",445,2026-08-11T13:56:59+09:00
2900,3,no,T20,primary,no,25.25,26.125,-0.875,False,True,554002,255631,684,"[14, 360]","[361, 661]",447,2026-08-11T13:57:00+09:00
2900,3,no,T24,primary,no,25.5,27.0,-1.5,False,True,554002,255631,684,"[14, 360]","[361, 661]",446,2026-08-11T13:57:00+09:00
2900,3,no,Trel8,primary,no,25.5,26.25,-0.75,False,True,554002,255631,684,"[14, 360]","[361, 661]",444,2026-08-11T13:57:01+09:00
1102,3,no,S,primary,no,24.625,25.5,-0.875,False,True,316700,198367,404,,,225,2026-08-11T13:57:01+09:00
1102,3,no,M,primary,no,24.375,25.875,-1.5,False,True,316700,198367,936,"[14, 383]","[384, 914]",673,2026-08-11T13:57:02+09:00
1102,3,no,T4,primary,no,24.625,25.75,-1.125,False,True,316700,198367,936,"[14, 383]","[384, 914]",677,2026-08-11T13:57:02+09:00
1102,3,no,T8,primary,no,24.5,25.625,-1.125,False,True,316700,198367,936,"[14, 383]","[384, 914]",676,2026-08-11T13:57:03+09:00
1102,3,no,T12,primary,no,24.625,25.75,-1.125,False,True,316700,198367,936,"[14, 383]","[384, 914]",678,2026-08-11T13:57:04+09:00
1102,3,no,T16,primary,no,24.5,26.125,-1.625,False,True,316700,198367,936,"[14, 383]","[384, 914]",679,2026-08-11T13:57:04+09:00
1102,3,no,T20,primary,no,24.625,26.0,-1.375,False,True,316700,198367,936,"[14, 383]","[384, 914]",678,2026-08-11T13:57:05+09:00
1102,3,no,T24,primary,no,24.625,26.0,-1.375,False,True,316700,198367,936,"[14, 383]","[384, 914]",676,2026-08-11T13:57:06+09:00
1102,3,no,T0,primary,no,24.5,25.625,-1.125,False,True,316700,198367,936,"[14, 383]","[384, 914]",679,2026-08-11T13:57:06+09:00
1102,3,no,Trel8,primary,no,24.875,29.25,-4.375,False,True,316700,198367,936,"[14, 383]","[384, 914]",679,2026-08-11T13:57:07+09:00
574,3,no,S,primary,no,24.125,28.5,-4.375,False,True,397705,451877,271,,,134,2026-08-11T13:57:07+09:00
574,3,no,M,primary,no,25.0,27.875,-2.875,False,True,397705,451877,665,"[14, 249]","[250, 642]",431,2026-08-11T13:57:08+09:00
574,3,no,T4,primary,no,25.125,28.625,-3.5,False,True,397705,451877,665,"[14, 249]","[250, 642]",430,2026-08-11T13:57:08+09:00
574,3,no,T8,primary,no,25.0,28.875,-3.875,False,True,397705,451877,665,"[14, 249]","[250, 642]",434,2026-08-11T13:57:09+09:00
574,3,no,T12,primary,no,24.875,28.5,-3.625,False,True,397705,451877,665,"[14, 249]","[250, 642]",436,2026-08-11T13:57:09+09:00
574,3,no,T16,primary,no,24.875,28.125,-3.25,False,True,397705,451877,665,"[14, 249]","[250, 642]",433,2026-08-11T13:57:10+09:00
574,3,no,T20,primary,no,25.25,28.25,-3.0,False,True,397705,451877,665,"[14, 249]","[250, 642]",432,2026-08-11T13:57:10+09:00
574,3,no,T24,primary,no,25.5,28.125,-2.625,False,True,397705,451877,665,"[14, 249]","[250, 642]",431,2026-08-11T13:57:10+09:00
574,3,no,T0,primary,no,24.75,28.5,-3.75,False,True,397705,451877,665,"[14, 249]","[250, 642]",434,2026-08-11T13:57:11+09:00
574,3,no,Trel8,primary,no,24.875,31.125,-6.25,False,True,397705,451877,665,"[14, 249]","[250, 642]",435,2026-08-11T13:57:11+09:00
2160,3,no,M,primary,no,24.375,27.5,-3.125,False,True,279499,436582,730,"[14, 360]","[361, 707]",478,2026-08-11T13:57:12+09:00
2160,3,no,T4,primary,no,25.125,25.875,-0.75,False,True,279499,436582,730,"[14, 360]","[361, 707]",479,2026-08-11T13:57:12+09:00
2160,3,no,T8,primary,no,25.0,25.875,-0.875,False,True,279499,436582,730,"[14, 360]","[361, 707]",482,2026-08-11T13:57:13+09:00
2160,3,no,T12,primary,no,24.875,25.875,-1.0,False,True,279499,436582,730,"[14, 360]","[361, 707]",480,2026-08-11T13:57:13+09:00
2160,3,no,T16,primary,no,24.625,26.125,-1.5,False,True,279499,436582,730,"[14, 360]","[361, 707]",481,2026-08-11T13:57:14+09:00
2160,3,no,T20,primary,no,24.5,27.125,-2.625,False,True,279499,436582,730,"[14, 360]","[361, 707]",477,2026-08-11T13:57:14+09:00
2160,3,no,T24,primary,no,24.375,27.5,-3.125,False,True,279499,436582,730,"[14, 360]","[361, 707]",478,2026-08-11T13:57:15+09:00
2160,3,no,Trel8,primary,no,24.625,27.75,-3.125,False,True,279499,436582,730,"[14, 360]","[361, 707]",479,2026-08-11T13:57:15+09:00
2762,3,no,S,primary,no,25.25,27.5,-2.25,False,True,579231,109503,382,,,205,2026-08-11T13:57:15+09:00
2762,3,no,M,primary,no,23.75,27.0,-3.25,False,True,579231,109503,673,"[14, 360]","[361, 650]",428,2026-08-11T13:57:16+09:00
2762,3,no,T4,primary,no,25.125,27.0,-1.875,False,True,579231,109503,673,"[14, 360]","[361, 650]",429,2026-08-11T13:57:16+09:00
2762,3,no,T8,primary,no,25.125,26.875,-1.75,False,True,579231,109503,673,"[14, 360]","[361, 650]",430,2026-08-11T13:57:17+09:00
2762,3,no,T12,primary,no,24.875,26.75,-1.875,False,True,579231,109503,673,"[14, 360]","[361, 650]",429,2026-08-11T13:57:17+09:00
2762,3,no,T16,primary,no,24.625,26.375,-1.75,False,True,579231,109503,673,"[14, 360]","[361, 650]",430,2026-08-11T13:57:18+09:00
2762,3,no,T20,primary,no,24.25,26.625,-2.375,False,True,579231,109503,673,"[14, 360]","[361, 650]",427,2026-08-11T13:57:18+09:00
2762,3,no,T24,primary,no,23.875,27.25,-3.375,False,True,579231,109503,673,"[14, 360]","[361, 650]",431,2026-08-11T13:57:18+09:00
2762,3,no,T0,primary,no,25.125,27.0,-1.875,False,True,579231,109503,673,"[14, 360]","[361, 650]",428,2026-08-11T13:57:19+09:00
2762,3,no,Trel8,primary,no,24.375,26.625,-2.25,False,True,579231,109503,673,"[14, 360]","[361, 650]",429,2026-08-11T13:57:19+09:00
774,3,no,S,primary,no,24.5,27.375,-2.875,False,True,203479,84463,270,,,135,2026-08-11T13:57:19+09:00
774,3,no,M,primary,no,24.25,28.125,-3.875,False,True,203479,84463,489,"[14, 249]","[250, 467]",283,2026-08-11T13:57:20+09:00
774,3,no,T4,primary,no,24.875,27.5,-2.625,False,True,203479,84463,489,"[14, 249]","[250, 467]",283,2026-08-11T13:57:20+09:00
774,3,no,T8,primary,no,24.75,27.5,-2.75,False,True,203479,84463,489,"[14, 249]","[250, 467]",285,2026-08-11T13:57:20+09:00
774,3,no,T12,primary,no,24.5,27.5,-3.0,False,True,203479,84463,489,"[14, 249]","[250, 467]",284,2026-08-11T13:57:21+09:00
774,3,no,T16,primary,no,24.375,27.5,-3.125,False,True,203479,84463,489,"[14, 249]","[250, 467]",283,2026-08-11T13:57:21+09:00
774,3,no,T20,primary,no,24.375,27.75,-3.375,False,True,203479,84463,489,"[14, 249]","[250, 467]",283,2026-08-11T13:57:21+09:00
774,3,no,T24,primary,no,24.5,28.25,-3.75,False,True,203479,84463,489,"[14, 249]","[250, 467]",284,2026-08-11T13:57:21+09:00
774,3,no,T0,primary,no,24.75,27.375,-2.625,False,True,203479,84463,489,"[14, 249]","[250, 467]",285,2026-08-11T13:57:22+09:00
774,3,no,Trel8,primary,no,24.625,27.375,-2.75,False,True,203479,84463,489,"[14, 249]","[250, 467]",285,2026-08-11T13:57:22+09:00
1370,3,no,S,primary,no,24.875,27.125,-2.25,False,True,280810,165014,270,,,134,2026-08-11T13:57:22+09:00
1370,3,no,M,primary,no,25.0,26.75,-1.75,False,True,280810,165014,664,"[14, 249]","[250, 642]",431,2026-08-11T13:57:23+09:00
1370,3,no,T4,primary,no,25.5,27.0,-1.5,False,True,280810,165014,664,"[14, 249]","[250, 642]",433,2026-08-11T13:57:23+09:00
1370,3,no,T8,primary,no,25.375,27.0,-1.625,False,True,280810,165014,664,"[14, 249]","[250, 642]",436,2026-08-11T13:57:23+09:00
1370,3,no,T12,primary,no,25.375,26.875,-1.5,False,True,280810,165014,664,"[14, 249]","[250, 642]",434,2026-08-11T13:57:24+09:00
1370,3,no,T16,primary,no,25.25,26.625,-1.375,False,True,280810,165014,664,"[14, 249]","[250, 642]",434,2026-08-11T13:57:24+09:00
1370,3,no,T20,primary,no,25.25,26.75,-1.5,False,True,280810,165014,664,"[14, 249]","[250, 642]",432,2026-08-11T13:57:25+09:00
1370,3,no,T24,primary,no,25.125,26.875,-1.75,False,True,280810,165014,664,"[14, 249]","[250, 642]",433,2026-08-11T13:57:25+09:00
1370,3,no,T0,primary,no,25.375,27.125,-1.75,False,True,280810,165014,664,"[14, 249]","[250, 642]",431,2026-08-11T13:57:26+09:00
1370,3,no,Trel8,primary,no,25.25,26.625,-1.375,False,True,280810,165014,664,"[14, 249]","[250, 642]",430,2026-08-11T13:57:26+09:00
2726,3,no,S,primary,no,24.5,30.0,-5.5,False,True,252911,142537,382,,,204,2026-08-11T13:57:26+09:00
2726,3,no,M,primary,no,24.5,28.75,-4.25,False,True,252911,142537,730,"[14, 360]","[361, 707]",478,2026-08-11T13:57:27+09:00
2726,3,no,T4,primary,no,25.375,28.25,-2.875,False,True,252911,142537,730,"[14, 360]","[361, 707]",479,2026-08-11T13:57:27+09:00
2726,3,no,T8,primary,no,25.25,28.5,-3.25,False,True,252911,142537,730,"[14, 360]","[361, 707]",479,2026-08-11T13:57:28+09:00
2726,3,no,T12,primary,no,25.25,28.5,-3.25,False,True,252911,142537,730,"[14, 360]","[361, 707]",478,2026-08-11T13:57:28+09:00
2726,3,no,T16,primary,no,25.0,28.25,-3.25,False,True,252911,142537,730,"[14, 360]","[361, 707]",480,2026-08-11T13:57:29+09:00
2726,3,no,T20,primary,no,25.125,28.375,-3.25,False,True,252911,142537,730,"[14, 360]","[361, 707]",480,2026-08-11T13:57:29+09:00
2726,3,no,T24,primary,no,24.875,29.25,-4.375,False,True,252911,142537,730,"[14, 360]","[361, 707]",482,2026-08-11T13:57:30+09:00
2726,3,no,T0,primary,no,25.0,28.25,-3.25,False,True,252911,142537,730,"[14, 360]","[361, 707]",480,2026-08-11T13:57:30+09:00
2726,3,no,Trel8,primary,no,24.875,28.125,-3.25,False,True,252911,142537,730,"[14, 360]","[361, 707]",480,2026-08-11T13:57:31+09:00
142,3,no,M,primary,no,24.5,28.125,-3.625,False,True,542145,440067,687,"[14, 249]","[250, 665]",449,2026-08-11T13:57:31+09:00
142,3,no,T4,primary,no,25.125,27.375,-2.25,False,True,542145,440067,687,"[14, 249]","[250, 665]",450,2026-08-11T13:57:32+09:00
142,3,no,T8,primary,no,24.875,27.375,-2.5,False,True,542145,440067,687,"[14, 249]","[250, 665]",451,2026-08-11T13:57:32+09:00
142,3,no,T12,primary,no,25.0,27.375,-2.375,False,True,542145,440067,687,"[14, 249]","[250, 665]",452,2026-08-11T13:57:33+09:00
142,3,no,T16,primary,no,24.75,27.5,-2.75,False,True,542145,440067,687,"[14, 249]","[250, 665]",452,2026-08-11T13:57:33+09:00
142,3,no,T20,primary,no,24.75,27.75,-3.0,False,True,542145,440067,687,"[14, 249]","[250, 665]",452,2026-08-11T13:57:33+09:00
142,3,no,T24,primary,no,24.625,28.25,-3.625,False,True,542145,440067,687,"[14, 249]","[250, 665]",454,2026-08-11T13:57:34+09:00
142,3,no,Trel8,primary,no,24.75,27.75,-3.0,False,True,542145,440067,687,"[14, 249]","[250, 665]",450,2026-08-11T13:57:34+09:00
1570,3,no,M,primary,no,24.625,27.875,-3.25,False,True,550691,502963,821,"[14, 406]","[407, 799]",575,2026-08-11T13:57:35+09:00
1570,3,no,T4,primary,no,24.375,26.25,-1.875,False,True,550691,502963,821,"[14, 406]","[407, 799]",575,2026-08-11T13:57:36+09:00
1570,3,no,T8,primary,no,24.25,26.375,-2.125,False,True,550691,502963,821,"[14, 406]","[407, 799]",576,2026-08-11T13:57:36+09:00
1570,3,no,T12,primary,no,24.5,26.5,-2.0,False,True,550691,502963,821,"[14, 406]","[407, 799]",577,2026-08-11T13:57:37+09:00
1570,3,no,T16,primary,no,24.375,26.875,-2.5,False,True,550691,502963,821,"[14, 406]","[407, 799]",576,2026-08-11T13:57:37+09:00
1570,3,no,T20,primary,no,24.5,27.375,-2.875,False,True,550691,502963,821,"[14, 406]","[407, 799]",577,2026-08-11T13:57:38+09:00
1570,3,no,T24,primary,no,24.625,27.875,-3.25,False,True,550691,502963,821,"[14, 406]","[407, 799]",578,2026-08-11T13:57:38+09:00
1570,3,no,Trel8,primary,no,24.625,29.375,-4.75,False,True,550691,502963,821,"[14, 406]","[407, 799]",577,2026-08-11T13:57:39+09:00
2632,3,no,M,primary,no,24.75,28.0,-3.25,False,True,117527,383389,775,"[14, 360]","[361, 753]",525,2026-08-11T13:57:40+09:00
2632,3,no,T4,primary,no,25.25,30.25,-5.0,False,True,117527,383389,775,"[14, 360]","[361, 753]",525,2026-08-11T13:57:40+09:00
2632,3,no,T8,primary,no,25.0,30.25,-5.25,False,True,117527,383389,775,"[14, 360]","[361, 753]",527,2026-08-11T13:57:41+09:00
2632,3,no,T12,primary,no,25.0,30.0,-5.0,False,True,117527,383389,775,"[14, 360]","[361, 753]",528,2026-08-11T13:57:41+09:00
2632,3,no,T16,primary,no,25.0,28.75,-3.75,False,True,117527,383389,775,"[14, 360]","[361, 753]",523,2026-08-11T13:57:42+09:00
2632,3,no,T20,primary,no,24.875,27.875,-3.0,False,True,117527,383389,775,"[14, 360]","[361, 753]",525,2026-08-11T13:57:42+09:00
2632,3,no,T24,primary,no,24.875,28.25,-3.375,False,True,117527,383389,775,"[14, 360]","[361, 753]",526,2026-08-11T13:57:43+09:00
2632,3,no,Trel8,primary,no,25.25,25.875,-0.625,False,True,117527,383389,775,"[14, 360]","[361, 753]",526,2026-08-11T13:57:43+09:00
156,3,no,S,primary,no,24.5,28.125,-3.625,False,True,297078,198043,271,,,133,2026-08-11T13:57:43+09:00
156,3,no,M,primary,no,24.75,25.75,-1.0,False,True,297078,198043,665,"[14, 249]","[250, 642]",431,2026-08-11T13:57:44+09:00
156,3,no,T4,primary,no,25.25,27.625,-2.375,False,True,297078,198043,665,"[14, 249]","[250, 642]",432,2026-08-11T13:57:44+09:00
156,3,no,T8,primary,no,25.0,27.625,-2.625,False,True,297078,198043,665,"[14, 249]","[250, 642]",434,2026-08-11T13:57:45+09:00
156,3,no,T12,primary,no,24.875,27.625,-2.75,False,True,297078,198043,665,"[14, 249]","[250, 642]",435,2026-08-11T13:57:45+09:00
156,3,no,T16,primary,no,24.625,27.25,-2.625,False,True,297078,198043,665,"[14, 249]","[250, 642]",435,2026-08-11T13:57:46+09:00
156,3,no,T20,primary,no,24.75,26.25,-1.5,False,True,297078,198043,665,"[14, 249]","[250, 642]",433,2026-08-11T13:57:46+09:00
156,3,no,T24,primary,no,24.75,26.0,-1.25,False,True,297078,198043,665,"[14, 249]","[250, 642]",433,2026-08-11T13:57:46+09:00
156,3,no,T0,primary,no,24.75,27.75,-3.0,False,True,297078,198043,665,"[14, 249]","[250, 642]",436,2026-08-11T13:57:47+09:00
156,3,no,Trel8,primary,no,25.125,25.75,-0.625,False,True,297078,198043,665,"[14, 249]","[250, 642]",436,2026-08-11T13:57:47+09:00
2698,3,no,M,primary,no,24.625,25.875,-1.25,False,True,550514,495020,822,"[14, 406]","[407, 799]",576,2026-08-11T13:57:48+09:00
2698,3,no,T4,primary,no,24.875,25.875,-1.0,False,True,550514,495020,822,"[14, 406]","[407, 799]",574,2026-08-11T13:57:49+09:00
2698,3,no,T8,primary,no,24.625,26.0,-1.375,False,True,550514,495020,822,"[14, 406]","[407, 799]",577,2026-08-11T13:57:49+09:00
2698,3,no,T12,primary,no,24.875,26.0,-1.125,False,True,550514,495020,822,"[14, 406]","[407, 799]",574,2026-08-11T13:57:50+09:00
2698,3,no,T16,primary,no,24.75,25.875,-1.125,False,True,550514,495020,822,"[14, 406]","[407, 799]",575,2026-08-11T13:57:50+09:00
2698,3,no,T20,primary,no,24.625,25.75,-1.125,False,True,550514,495020,822,"[14, 406]","[407, 799]",574,2026-08-11T13:57:51+09:00
2698,3,no,T24,primary,no,24.625,26.0,-1.375,False,True,550514,495020,822,"[14, 406]","[407, 799]",578,2026-08-11T13:57:51+09:00
2698,3,no,T0,primary,no,24.75,25.875,-1.125,False,True,550514,495020,822,"[14, 406]","[407, 799]",578,2026-08-11T13:57:52+09:00
2698,3,no,Trel8,primary,no,24.75,26.375,-1.625,False,True,550514,495020,822,"[14, 406]","[407, 799]",576,2026-08-11T13:57:53+09:00
2216,3,no,M,primary,no,24.25,26.375,-2.125,False,True,394535,75032,730,"[14, 360]","[361, 707]",479,2026-08-11T13:57:53+09:00
2216,3,no,T4,primary,no,24.625,25.875,-1.25,False,True,394535,75032,730,"[14, 360]","[361, 707]",478,2026-08-11T13:57:54+09:00
2216,3,no,T8,primary,no,24.25,25.75,-1.5,False,True,394535,75032,730,"[14, 360]","[361, 707]",480,2026-08-11T13:57:54+09:00
2216,3,no,T12,primary,no,24.375,25.75,-1.375,False,True,394535,75032,730,"[14, 360]","[361, 707]",480,2026-08-11T13:57:55+09:00
2216,3,no,T16,primary,no,24.375,26.0,-1.625,False,True,394535,75032,730,"[14, 360]","[361, 707]",478,2026-08-11T13:57:55+09:00
2216,3,no,T20,primary,no,24.25,26.0,-1.75,False,True,394535,75032,730,"[14, 360]","[361, 707]",477,2026-08-11T13:57:55+09:00
2216,3,no,T24,primary,no,24.375,26.5,-2.125,False,True,394535,75032,730,"[14, 360]","[361, 707]",480,2026-08-11T13:57:56+09:00
2216,3,no,T0,primary,no,24.25,25.625,-1.375,False,True,394535,75032,730,"[14, 360]","[361, 707]",479,2026-08-11T13:57:56+09:00
2216,3,no,Trel8,primary,no,24.625,27.875,-3.25,False,True,394535,75032,730,"[14, 360]","[361, 707]",480,2026-08-11T13:57:57+09:00
1962,3,no,M,primary,no,24.375,30.5,-6.125,False,True,418471,29563,775,"[14, 406]","[407, 753]",525,2026-08-11T13:57:58+09:00
1962,3,no,T4,primary,no,25.25,29.625,-4.375,False,True,418471,29563,775,"[14, 406]","[407, 753]",529,2026-08-11T13:57:58+09:00
1962,3,no,T8,primary,no,25.0,29.75,-4.75,False,True,418471,29563,775,"[14, 406]","[407, 753]",528,2026-08-11T13:57:59+09:00
1962,3,no,T12,primary,no,25.125,29.625,-4.5,False,True,418471,29563,775,"[14, 406]","[407, 753]",529,2026-08-11T13:57:59+09:00
1962,3,no,T16,primary,no,24.75,29.375,-4.625,False,True,418471,29563,775,"[14, 406]","[407, 753]",525,2026-08-11T13:58:00+09:00
1962,3,no,T20,primary,no,24.875,29.875,-5.0,False,True,418471,29563,775,"[14, 406]","[407, 753]",527,2026-08-11T13:58:00+09:00
1962,3,no,T24,primary,no,24.875,31.0,-6.125,False,True,418471,29563,775,"[14, 406]","[407, 753]",527,2026-08-11T13:58:01+09:00
1962,3,no,Trel8,primary,no,24.625,29.0,-4.375,False,True,418471,29563,775,"[14, 406]","[407, 753]",527,2026-08-11T13:58:01+09:00
638,3,no,S,primary,no,24.75,27.5,-2.75,False,True,387098,241124,427,,,249,2026-08-11T13:58:02+09:00
638,3,no,M,primary,no,24.625,27.25,-2.625,False,True,387098,241124,821,"[14, 406]","[407, 799]",574,2026-08-11T13:58:02+09:00
638,3,no,T4,primary,no,24.875,27.125,-2.25,False,True,387098,241124,821,"[14, 406]","[407, 799]",575,2026-08-11T13:58:03+09:00
638,3,no,T8,primary,no,24.625,27.25,-2.625,False,True,387098,241124,821,"[14, 406]","[407, 799]",576,2026-08-11T13:58:03+09:00
638,3,no,T12,primary,no,24.75,27.125,-2.375,False,True,387098,241124,821,"[14, 406]","[407, 799]",577,2026-08-11T13:58:04+09:00
638,3,no,T16,primary,no,24.625,27.25,-2.625,False,True,387098,241124,821,"[14, 406]","[407, 799]",573,2026-08-11T13:58:04+09:00
638,3,no,T20,primary,no,24.75,27.125,-2.375,False,True,387098,241124,821,"[14, 406]","[407, 799]",577,2026-08-11T13:58:05+09:00
638,3,no,T24,primary,no,24.75,27.5,-2.75,False,True,387098,241124,821,"[14, 406]","[407, 799]",577,2026-08-11T13:58:06+09:00
638,3,no,T0,primary,no,24.5,27.0,-2.5,False,True,387098,241124,821,"[14, 406]","[407, 799]",578,2026-08-11T13:58:06+09:00
638,3,no,Trel8,primary,no,24.625,27.875,-3.25,False,True,387098,241124,821,"[14, 406]","[407, 799]",574,2026-08-11T13:58:07+09:00
1368,3,no,M,primary,no,24.625,30.375,-5.75,False,True,115636,209901,913,"[14, 475]","[476, 891]",660,2026-08-11T13:58:07+09:00
1368,3,no,T4,primary,no,25.125,29.25,-4.125,False,True,115636,209901,913,"[14, 475]","[476, 891]",660,2026-08-11T13:58:08+09:00
1368,3,no,T8,primary,no,25.0,29.75,-4.75,False,True,115636,209901,913,"[14, 475]","[476, 891]",660,2026-08-11T13:58:09+09:00
1368,3,no,T12,primary,no,24.875,29.5,-4.625,False,True,115636,209901,913,"[14, 475]","[476, 891]",661,2026-08-11T13:58:09+09:00
1368,3,no,T16,primary,no,24.875,29.375,-4.5,False,True,115636,209901,913,"[14, 475]","[476, 891]",665,2026-08-11T13:58:10+09:00
1368,3,no,T20,primary,no,24.875,29.75,-4.875,False,True,115636,209901,913,"[14, 475]","[476, 891]",663,2026-08-11T13:58:11+09:00
1368,3,no,T24,primary,no,25.0,30.75,-5.75,False,True,115636,209901,913,"[14, 475]","[476, 891]",662,2026-08-11T13:58:11+09:00
1368,3,no,T0,primary,no,24.875,29.625,-4.75,False,True,115636,209901,913,"[14, 475]","[476, 891]",666,2026-08-11T13:58:12+09:00
1368,3,no,Trel8,primary,no,25.375,28.25,-2.875,False,True,115636,209901,913,"[14, 475]","[476, 891]",666,2026-08-11T13:58:13+09:00
28,3,no,S,primary,no,24.125,27.875,-3.75,False,True,458338,369826,253,,,122,2026-08-11T13:58:13+09:00
28,3,no,M,primary,no,24.875,27.5,-2.625,False,True,458338,369826,647,"[14, 231]","[232, 624]",414,2026-08-11T13:58:13+09:00
28,3,no,T4,primary,no,25.125,27.625,-2.5,False,True,458338,369826,647,"[14, 231]","[232, 624]",416,2026-08-11T13:58:14+09:00
28,3,no,T8,primary,no,24.875,27.625,-2.75,False,True,458338,369826,647,"[14, 231]","[232, 624]",415,2026-08-11T13:58:14+09:00
28,3,no,T12,primary,no,25.0,27.75,-2.75,False,True,458338,369826,647,"[14, 231]","[232, 624]",417,2026-08-11T13:58:15+09:00
28,3,no,T16,primary,no,24.75,27.875,-3.125,False,True,458338,369826,647,"[14, 231]","[232, 624]",417,2026-08-11T13:58:15+09:00
28,3,no,T20,primary,no,25.125,27.5,-2.375,False,True,458338,369826,647,"[14, 231]","[232, 624]",413,2026-08-11T13:58:15+09:00
28,3,no,T24,primary,no,25.0,27.625,-2.625,False,True,458338,369826,647,"[14, 231]","[232, 624]",413,2026-08-11T13:58:16+09:00
28,3,no,T0,primary,no,25.0,27.5,-2.5,False,True,458338,369826,647,"[14, 231]","[232, 624]",417,2026-08-11T13:58:16+09:00
28,3,no,Trel8,primary,no,25.0,26.375,-1.375,False,True,458338,369826,647,"[14, 231]","[232, 624]",416,2026-08-11T13:58:17+09:00
1404,3,no,M,primary,no,24.25,25.875,-1.625,False,True,463522,556246,706,"[14, 406]","[407, 684]",457,2026-08-11T13:58:17+09:00
1404,3,no,T4,primary,no,24.875,27.5,-2.625,False,True,463522,556246,706,"[14, 406]","[407, 684]",458,2026-08-11T13:58:18+09:00
1404,3,no,T8,primary,no,24.75,27.625,-2.875,False,True,463522,556246,706,"[14, 406]","[407, 684]",460,2026-08-11T13:58:18+09:00
1404,3,no,T12,primary,no,24.75,27.625,-2.875,False,True,463522,556246,706,"[14, 406]","[407, 684]",459,2026-08-11T13:58:19+09:00
1404,3,no,T16,primary,no,24.375,27.125,-2.75,False,True,463522,556246,706,"[14, 406]","[407, 684]",459,2026-08-11T13:58:19+09:00
1404,3,no,T20,primary,no,24.375,26.25,-1.875,False,True,463522,556246,706,"[14, 406]","[407, 684]",458,2026-08-11T13:58:19+09:00
1404,3,no,T24,primary,no,24.25,26.125,-1.875,False,True,463522,556246,706,"[14, 406]","[407, 684]",457,2026-08-11T13:58:20+09:00
1404,3,no,Trel8,primary,no,24.75,25.0,-0.25,False,True,463522,556246,706,"[14, 406]","[407, 684]",455,2026-08-11T13:58:20+09:00
18,3,no,S,primary,yes,25.5,24.875,0.625,False,False,429109,464824,381,,,205,2026-08-11T13:58:21+09:00
18,3,no,M,primary,no,24.375,25.25,-0.875,False,True,429109,464824,775,"[14, 360]","[361, 753]",525,2026-08-11T13:58:21+09:00
18,3,no,T4,primary,yes,24.625,24.375,0.25,False,False,429109,464824,775,"[14, 360]","[361, 753]",525,2026-08-11T13:58:22+09:00
18,3,no,T8,primary,yes,24.625,24.5,0.125,False,False,429109,464824,775,"[14, 360]","[361, 753]",526,2026-08-11T13:58:22+09:00
18,3,no,T12,primary,yes,24.625,24.5,0.125,False,False,429109,464824,775,"[14, 360]","[361, 753]",525,2026-08-11T13:58:23+09:00
18,3,no,T16,primary,no,24.125,24.5,-0.375,False,True,429109,464824,775,"[14, 360]","[361, 753]",529,2026-08-11T13:58:23+09:00
18,3,no,T20,primary,no,24.375,24.875,-0.5,False,True,429109,464824,775,"[14, 360]","[361, 753]",528,2026-08-11T13:58:24+09:00
18,3,no,T24,primary,no,24.25,25.125,-0.875,False,True,429109,464824,775,"[14, 360]","[361, 753]",525,2026-08-11T13:58:24+09:00
18,3,no,T0,primary,yes,24.75,24.375,0.375,False,False,429109,464824,775,"[14, 360]","[361, 753]",528,2026-08-11T13:58:25+09:00
18,3,no,Trel8,primary,no,24.5,25.5,-1.0,False,True,429109,464824,775,"[14, 360]","[361, 753]",529,2026-08-11T13:58:25+09:00
2756,3,no,M,primary,no,25.0,26.625,-1.625,False,True,536073,142484,776,"[14, 406]","[407, 753]",525,2026-08-11T13:58:26+09:00
2756,3,no,T4,primary,no,25.25,26.0,-0.75,False,True,536073,142484,776,"[14, 406]","[407, 753]",525,2026-08-11T13:58:26+09:00
2756,3,no,T8,primary,no,25.0,26.0,-1.0,False,True,536073,142484,776,"[14, 406]","[407, 753]",525,2026-08-11T13:58:27+09:00
2756,3,no,T12,primary,no,25.125,26.25,-1.125,False,True,536073,142484,776,"[14, 406]","[407, 753]",527,2026-08-11T13:58:28+09:00
2756,3,no,T16,primary,no,25.25,26.5,-1.25,False,True,536073,142484,776,"[14, 406]","[407, 753]",525,2026-08-11T13:58:28+09:00
2756,3,no,T20,primary,no,25.375,26.125,-0.75,False,True,536073,142484,776,"[14, 406]","[407, 753]",525,2026-08-11T13:58:29+09:00
2756,3,no,T24,primary,no,25.25,26.875,-1.625,False,True,536073,142484,776,"[14, 406]","[407, 753]",524,2026-08-11T13:58:29+09:00
2756,3,no,T0,primary,no,25.0,26.125,-1.125,False,True,536073,142484,776,"[14, 406]","[407, 753]",525,2026-08-11T13:58:30+09:00
2756,3,no,Trel8,primary,no,25.375,27.0,-1.625,False,True,536073,142484,776,"[14, 406]","[407, 753]",526,2026-08-11T13:58:30+09:00
546,3,no,S,primary,no,24.375,28.0,-3.625,False,True,13348,560349,381,,,205,2026-08-11T13:58:30+09:00
546,3,no,M,primary,no,24.625,28.25,-3.625,False,True,13348,560349,775,"[14, 360]","[361, 753]",526,2026-08-11T13:58:31+09:00
546,3,no,T4,primary,no,25.125,27.25,-2.125,False,True,13348,560349,775,"[14, 360]","[361, 753]",526,2026-08-11T13:58:31+09:00
546,3,no,T8,primary,no,25.0,27.25,-2.25,False,True,13348,560349,775,"[14, 360]","[361, 753]",529,2026-08-11T13:58:32+09:00
546,3,no,T12,primary,no,25.0,27.0,-2.0,False,True,13348,560349,775,"[14, 360]","[361, 753]",527,2026-08-11T13:58:33+09:00
546,3,no,T16,primary,no,24.75,26.75,-2.0,False,True,13348,560349,775,"[14, 360]","[361, 753]",526,2026-08-11T13:58:33+09:00
546,3,no,T20,primary,no,24.625,27.625,-3.0,False,True,13348,560349,775,"[14, 360]","[361, 753]",524,2026-08-11T13:58:34+09:00
546,3,no,T24,primary,no,24.625,28.25,-3.625,False,True,13348,560349,775,"[14, 360]","[361, 753]",525,2026-08-11T13:58:34+09:00
546,3,no,T0,primary,no,24.875,27.0,-2.125,False,True,13348,560349,775,"[14, 360]","[361, 753]",525,2026-08-11T13:58:35+09:00
546,3,no,Trel8,primary,no,24.75,26.75,-2.0,False,True,13348,560349,775,"[14, 360]","[361, 753]",527,2026-08-11T13:58:35+09:00
1254,3,no,S,primary,no,23.75,28.875,-5.125,False,True,388983,185201,270,,,135,2026-08-11T13:58:35+09:00
1254,3,no,M,primary,no,25.375,30.25,-4.875,False,True,388983,185201,618,"[14, 249]","[250, 596]",378,2026-08-11T13:58:36+09:00
1254,3,no,T4,primary,no,25.125,28.625,-3.5,False,True,388983,185201,618,"[14, 249]","[250, 596]",379,2026-08-11T13:58:36+09:00
1254,3,no,T8,primary,no,25.0,28.625,-3.625,False,True,388983,185201,618,"[14, 249]","[250, 596]",379,2026-08-11T13:58:36+09:00
1254,3,no,T12,primary,no,25.125,28.75,-3.625,False,True,388983,185201,618,"[14, 249]","[250, 596]",381,2026-08-11T13:58:37+09:00
1254,3,no,T16,primary,no,25.25,28.75,-3.5,False,True,388983,185201,618,"[14, 249]","[250, 596]",381,2026-08-11T13:58:37+09:00
1254,3,no,T20,primary,no,25.375,29.25,-3.875,False,True,388983,185201,618,"[14, 249]","[250, 596]",380,2026-08-11T13:58:38+09:00
1254,3,no,T24,primary,no,25.625,30.625,-5.0,False,True,388983,185201,618,"[14, 249]","[250, 596]",379,2026-08-11T13:58:38+09:00
1254,3,no,T0,primary,no,24.625,28.625,-4.0,False,True,388983,185201,618,"[14, 249]","[250, 596]",378,2026-08-11T13:58:38+09:00
1254,3,no,Trel8,primary,no,25.625,28.125,-2.5,False,True,388983,185201,618,"[14, 249]","[250, 596]",383,2026-08-11T13:58:39+09:00
628,3,no,M,primary,no,24.75,26.875,-2.125,False,True,94944,487002,776,"[14, 360]","[361, 753]",523,2026-08-11T13:58:39+09:00
628,3,no,T4,primary,no,24.875,27.25,-2.375,False,True,94944,487002,776,"[14, 360]","[361, 753]",525,2026-08-11T13:58:40+09:00
628,3,no,T8,primary,no,24.75,27.25,-2.5,False,True,94944,487002,776,"[14, 360]","[361, 753]",525,2026-08-11T13:58:40+09:00
628,3,no,T12,primary,no,24.75,27.0,-2.25,False,True,94944,487002,776,"[14, 360]","[361, 753]",524,2026-08-11T13:58:41+09:00
628,3,no,T16,primary,no,24.75,26.875,-2.125,False,True,94944,487002,776,"[14, 360]","[361, 753]",526,2026-08-11T13:58:41+09:00
628,3,no,T20,primary,no,24.875,26.75,-1.875,False,True,94944,487002,776,"[14, 360]","[361, 753]",527,2026-08-11T13:58:42+09:00
628,3,no,T24,primary,no,24.875,26.875,-2.0,False,True,94944,487002,776,"[14, 360]","[361, 753]",526,2026-08-11T13:58:42+09:00
628,3,no,Trel8,primary,no,25.125,25.625,-0.5,False,True,94944,487002,776,"[14, 360]","[361, 753]",525,2026-08-11T13:58:43+09:00
342,3,no,S,primary,no,24.25,28.125,-3.875,False,True,60213,179112,427,,,249,2026-08-11T13:58:43+09:00
342,3,no,M,primary,no,23.375,28.75,-5.375,False,True,60213,179112,664,"[14, 406]","[407, 642]",430,2026-08-11T13:58:44+09:00
342,3,no,T4,primary,no,24.75,28.0,-3.25,False,True,60213,179112,664,"[14, 406]","[407, 642]",431,2026-08-11T13:58:44+09:00
342,3,no,T8,primary,no,24.5,28.0,-3.5,False,True,60213,179112,664,"[14, 406]","[407, 642]",434,2026-08-11T13:58:45+09:00
342,3,no,T12,primary,no,24.25,27.875,-3.625,False,True,60213,179112,664,"[14, 406]","[407, 642]",433,2026-08-11T13:58:45+09:00
342,3,no,T16,primary,no,24.0,28.0,-4.0,False,True,60213,179112,664,"[14, 406]","[407, 642]",433,2026-08-11T13:58:45+09:00
342,3,no,T20,primary,no,24.0,28.375,-4.375,False,True,60213,179112,664,"[14, 406]","[407, 642]",434,2026-08-11T13:58:46+09:00
342,3,no,T24,primary,no,23.625,29.125,-5.5,False,True,60213,179112,664,"[14, 406]","[407, 642]",433,2026-08-11T13:58:46+09:00
342,3,no,T0,primary,no,24.375,27.75,-3.375,False,True,60213,179112,664,"[14, 406]","[407, 642]",430,2026-08-11T13:58:47+09:00
342,3,no,Trel8,primary,no,24.25,27.625,-3.375,False,True,60213,179112,664,"[14, 406]","[407, 642]",430,2026-08-11T13:58:47+09:00
2827,4,yes,S,primary,yes,29.125,24.625,4.5,False,True,159969,331777,381,,,205,2026-08-11T13:58:47+09:00
2827,4,yes,M,primary,yes,29.25,25.0,4.25,False,True,159969,331777,729,"[14, 360]","[361, 707]",479,2026-08-11T13:58:48+09:00
2827,4,yes,T4,primary,yes,27.125,24.75,2.375,False,True,159969,331777,729,"[14, 360]","[361, 707]",479,2026-08-11T13:58:48+09:00
2827,4,yes,T8,primary,yes,27.125,24.75,2.375,False,True,159969,331777,729,"[14, 360]","[361, 707]",481,2026-08-11T13:58:49+09:00
2827,4,yes,T12,primary,yes,27.0,24.625,2.375,False,True,159969,331777,729,"[14, 360]","[361, 707]",480,2026-08-11T13:58:49+09:00
2827,4,yes,T16,primary,yes,27.0,24.375,2.625,False,True,159969,331777,729,"[14, 360]","[361, 707]",482,2026-08-11T13:58:50+09:00
2827,4,yes,T20,primary,yes,28.25,24.75,3.5,False,True,159969,331777,729,"[14, 360]","[361, 707]",483,2026-08-11T13:58:50+09:00
2827,4,yes,T24,primary,yes,29.5,25.125,4.375,False,True,159969,331777,729,"[14, 360]","[361, 707]",482,2026-08-11T13:58:51+09:00
2827,4,yes,T0,primary,yes,27.375,24.625,2.75,False,True,159969,331777,729,"[14, 360]","[361, 707]",481,2026-08-11T13:58:51+09:00
2827,4,yes,Trel8,primary,no,24.875,25.5,-0.625,False,False,159969,331777,729,"[14, 360]","[361, 707]",480,2026-08-11T13:58:52+09:00
967,4,yes,S,primary,yes,28.125,24.625,3.5,False,True,358255,383494,222,,,107,2026-08-11T13:58:52+09:00
967,4,yes,M,primary,yes,27.75,24.875,2.875,False,True,358255,383494,533,"[14, 199]","[200, 509]",310,2026-08-11T13:58:52+09:00
967,4,yes,T4,primary,yes,27.0,24.625,2.375,False,True,358255,383494,533,"[14, 199]","[200, 509]",310,2026-08-11T13:58:53+09:00
967,4,yes,T8,primary,yes,27.0,24.5,2.5,False,True,358255,383494,533,"[14, 199]","[200, 509]",308,2026-08-11T13:58:53+09:00
967,4,yes,T12,primary,yes,26.875,24.5,2.375,False,True,358255,383494,533,"[14, 199]","[200, 509]",312,2026-08-11T13:58:53+09:00
967,4,yes,T16,primary,yes,26.625,24.5,2.125,False,True,358255,383494,533,"[14, 199]","[200, 509]",310,2026-08-11T13:58:53+09:00
967,4,yes,T20,primary,yes,26.5,24.75,1.75,False,True,358255,383494,533,"[14, 199]","[200, 509]",312,2026-08-11T13:58:54+09:00
967,4,yes,T24,primary,yes,28.0,25.125,2.875,False,True,358255,383494,533,"[14, 199]","[200, 509]",310,2026-08-11T13:58:54+09:00
967,4,yes,T0,primary,yes,26.75,24.25,2.5,False,True,358255,383494,533,"[14, 199]","[200, 509]",311,2026-08-11T13:58:54+09:00
967,4,yes,Trel8,primary,yes,28.375,24.875,3.5,False,True,358255,383494,533,"[14, 199]","[200, 509]",311,2026-08-11T13:58:55+09:00
161,4,yes,S,primary,yes,28.0,24.875,3.125,False,True,33270,102446,381,,,205,2026-08-11T13:58:55+09:00
161,4,yes,M,primary,yes,25.875,24.375,1.5,False,True,33270,102446,752,"[14, 360]","[361, 730]",491,2026-08-11T13:58:55+09:00
161,4,yes,T4,primary,yes,25.75,24.625,1.125,False,True,33270,102446,752,"[14, 360]","[361, 730]",491,2026-08-11T13:58:56+09:00
161,4,yes,T8,primary,yes,25.75,24.375,1.375,False,True,33270,102446,752,"[14, 360]","[361, 730]",492,2026-08-11T13:58:56+09:00
161,4,yes,T12,primary,yes,25.75,24.5,1.25,False,True,33270,102446,752,"[14, 360]","[361, 730]",493,2026-08-11T13:58:57+09:00
161,4,yes,T16,primary,yes,25.5,24.25,1.25,False,True,33270,102446,752,"[14, 360]","[361, 730]",493,2026-08-11T13:58:57+09:00
161,4,yes,T20,primary,yes,25.625,24.125,1.5,False,True,33270,102446,752,"[14, 360]","[361, 730]",495,2026-08-11T13:58:58+09:00
161,4,yes,T24,primary,yes,26.0,24.5,1.5,False,True,33270,102446,752,"[14, 360]","[361, 730]",492,2026-08-11T13:58:58+09:00
161,4,yes,T0,primary,yes,26.0,24.5,1.5,False,True,33270,102446,752,"[14, 360]","[361, 730]",493,2026-08-11T13:58:59+09:00
161,4,yes,Trel8,primary,yes,26.875,24.75,2.125,False,True,33270,102446,752,"[14, 360]","[361, 730]",492,2026-08-11T13:58:59+09:00
2047,4,yes,M,primary,no,24.5,28.375,-3.875,False,False,348469,284594,798,"[14, 360]","[361, 776]",537,2026-08-11T13:59:00+09:00
2047,4,yes,T4,primary,no,25.0,26.625,-1.625,False,False,348469,284594,798,"[14, 360]","[361, 776]",538,2026-08-11T13:59:01+09:00
2047,4,yes,T8,primary,no,24.875,26.25,-1.375,False,False,348469,284594,798,"[14, 360]","[361, 776]",540,2026-08-11T13:59:01+09:00
2047,4,yes,T12,primary,no,25.125,27.125,-2.0,False,False,348469,284594,798,"[14, 360]","[361, 776]",541,2026-08-11T13:59:02+09:00
2047,4,yes,T16,primary,no,24.625,27.875,-3.25,False,False,348469,284594,798,"[14, 360]","[361, 776]",542,2026-08-11T13:59:02+09:00
2047,4,yes,T20,primary,no,25.125,27.75,-2.625,False,False,348469,284594,798,"[14, 360]","[361, 776]",542,2026-08-11T13:59:03+09:00
2047,4,yes,T24,primary,no,24.75,28.75,-4.0,False,False,348469,284594,798,"[14, 360]","[361, 776]",543,2026-08-11T13:59:03+09:00
2047,4,yes,T0,primary,no,25.0,26.75,-1.75,False,False,348469,284594,798,"[14, 360]","[361, 776]",545,2026-08-11T13:59:04+09:00
2047,4,yes,Trel8,primary,yes,28.25,24.25,4.0,False,True,348469,284594,798,"[14, 360]","[361, 776]",541,2026-08-11T13:59:04+09:00
2135,4,yes,M,primary,yes,29.0,25.25,3.75,False,True,125524,112928,777,"[14, 360]","[361, 753]",526,2026-08-11T13:59:05+09:00
2135,4,yes,T4,primary,yes,27.875,25.0,2.875,False,True,125524,112928,777,"[14, 360]","[361, 753]",527,2026-08-11T13:59:05+09:00
2135,4,yes,T8,primary,yes,27.875,25.0,2.875,False,True,125524,112928,777,"[14, 360]","[361, 753]",527,2026-08-11T13:59:06+09:00
2135,4,yes,T12,primary,yes,27.625,24.875,2.75,False,True,125524,112928,777,"[14, 360]","[361, 753]",529,2026-08-11T13:59:07+09:00
2135,4,yes,T16,primary,yes,27.5,24.875,2.625,False,True,125524,112928,777,"[14, 360]","[361, 753]",527,2026-08-11T13:59:07+09:00
2135,4,yes,T20,primary,yes,28.0,24.875,3.125,False,True,125524,112928,777,"[14, 360]","[361, 753]",527,2026-08-11T13:59:08+09:00
2135,4,yes,T24,primary,yes,29.125,25.375,3.75,False,True,125524,112928,777,"[14, 360]","[361, 753]",526,2026-08-11T13:59:08+09:00
2135,4,yes,T0,primary,yes,28.25,24.875,3.375,False,True,125524,112928,777,"[14, 360]","[361, 753]",527,2026-08-11T13:59:09+09:00
2135,4,yes,Trel8,primary,yes,28.625,25.125,3.5,False,True,125524,112928,777,"[14, 360]","[361, 753]",528,2026-08-11T13:59:09+09:00
1793,4,yes,S,primary,yes,26.375,25.5,0.875,False,True,1171,178939,381,,,204,2026-08-11T13:59:09+09:00
1793,4,yes,M,primary,no,24.125,25.5,-1.375,False,False,1171,178939,618,"[14, 360]","[361, 596]",377,2026-08-11T13:59:10+09:00
1793,4,yes,T4,primary,yes,26.125,25.125,1.0,False,True,1171,178939,618,"[14, 360]","[361, 596]",378,2026-08-11T13:59:10+09:00
1793,4,yes,T8,primary,yes,25.875,25.0,0.875,False,True,1171,178939,618,"[14, 360]","[361, 596]",380,2026-08-11T13:59:11+09:00
1793,4,yes,T12,primary,yes,25.5,24.875,0.625,False,True,1171,178939,618,"[14, 360]","[361, 596]",381,2026-08-11T13:59:11+09:00
1793,4,yes,T16,primary,no,24.625,24.625,0.0,True,False,1171,178939,618,"[14, 360]","[361, 596]",379,2026-08-11T13:59:11+09:00
1793,4,yes,T20,primary,no,24.125,24.625,-0.5,False,False,1171,178939,618,"[14, 360]","[361, 596]",378,2026-08-11T13:59:12+09:00
1793,4,yes,T24,primary,no,24.25,25.625,-1.375,False,False,1171,178939,618,"[14, 360]","[361, 596]",380,2026-08-11T13:59:12+09:00
1793,4,yes,T0,primary,yes,25.625,24.75,0.875,False,True,1171,178939,618,"[14, 360]","[361, 596]",380,2026-08-11T13:59:12+09:00
1793,4,yes,Trel8,primary,no,24.75,27.125,-2.375,False,False,1171,178939,618,"[14, 360]","[361, 596]",379,2026-08-11T13:59:13+09:00
1751,4,yes,M,primary,no,25.375,26.25,-0.875,False,False,246199,463640,891,"[14, 360]","[361, 868]",623,2026-08-11T13:59:13+09:00
1751,4,yes,T4,primary,no,25.5,27.25,-1.75,False,False,246199,463640,891,"[14, 360]","[361, 868]",625,2026-08-11T13:59:14+09:00
1751,4,yes,T8,primary,no,25.375,27.25,-1.875,False,False,246199,463640,891,"[14, 360]","[361, 868]",627,2026-08-11T13:59:15+09:00
1751,4,yes,T12,primary,no,25.5,27.0,-1.5,False,False,246199,463640,891,"[14, 360]","[361, 868]",628,2026-08-11T13:59:15+09:00
1751,4,yes,T16,primary,no,25.625,26.375,-0.75,False,False,246199,463640,891,"[14, 360]","[361, 868]",626,2026-08-11T13:59:16+09:00
1751,4,yes,T20,primary,no,25.75,26.25,-0.5,False,False,246199,463640,891,"[14, 360]","[361, 868]",623,2026-08-11T13:59:17+09:00
1751,4,yes,T24,primary,no,25.625,26.375,-0.75,False,False,246199,463640,891,"[14, 360]","[361, 868]",630,2026-08-11T13:59:17+09:00
1751,4,yes,T0,primary,no,25.375,27.375,-2.0,False,False,246199,463640,891,"[14, 360]","[361, 868]",625,2026-08-11T13:59:18+09:00
1751,4,yes,Trel8,primary,yes,26.25,25.25,1.0,False,True,246199,463640,891,"[14, 360]","[361, 868]",625,2026-08-11T13:59:19+09:00
1587,4,yes,S,primary,yes,27.375,25.0,2.375,False,True,198312,136718,427,,,248,2026-08-11T13:59:19+09:00
1587,4,yes,M,primary,yes,26.0,24.125,1.875,False,True,198312,136718,775,"[14, 406]","[407, 753]",524,2026-08-11T13:59:19+09:00
1587,4,yes,T4,primary,yes,25.5,24.625,0.875,False,True,198312,136718,775,"[14, 406]","[407, 753]",526,2026-08-11T13:59:20+09:00
1587,4,yes,T8,primary,yes,25.375,24.5,0.875,False,True,198312,136718,775,"[14, 406]","[407, 753]",524,2026-08-11T13:59:20+09:00
1587,4,yes,T12,primary,yes,25.375,24.625,0.75,False,True,198312,136718,775,"[14, 406]","[407, 753]",524,2026-08-11T13:59:21+09:00
1587,4,yes,T16,primary,yes,25.0,24.25,0.75,False,True,198312,136718,775,"[14, 406]","[407, 753]",529,2026-08-11T13:59:21+09:00
1587,4,yes,T20,primary,yes,25.25,24.125,1.125,False,True,198312,136718,775,"[14, 406]","[407, 753]",528,2026-08-11T13:59:22+09:00
1587,4,yes,T24,primary,yes,26.0,24.125,1.875,False,True,198312,136718,775,"[14, 406]","[407, 753]",528,2026-08-11T13:59:23+09:00
1587,4,yes,T0,primary,yes,25.625,24.625,1.0,False,True,198312,136718,775,"[14, 406]","[407, 753]",525,2026-08-11T13:59:23+09:00
1587,4,yes,Trel8,primary,yes,26.125,24.375,1.75,False,True,198312,136718,775,"[14, 406]","[407, 753]",529,2026-08-11T13:59:24+09:00
2729,4,yes,M,primary,no,25.25,27.375,-2.125,False,False,252911,385586,729,"[14, 360]","[361, 707]",479,2026-08-11T13:59:24+09:00
2729,4,yes,T4,primary,no,24.75,28.625,-3.875,False,False,252911,385586,729,"[14, 360]","[361, 707]",479,2026-08-11T13:59:25+09:00
2729,4,yes,T8,primary,no,24.625,28.875,-4.25,False,False,252911,385586,729,"[14, 360]","[361, 707]",482,2026-08-11T13:59:25+09:00
2729,4,yes,T12,primary,no,24.875,29.375,-4.5,False,False,252911,385586,729,"[14, 360]","[361, 707]",481,2026-08-11T13:59:26+09:00
2729,4,yes,T16,primary,no,25.0,27.375,-2.375,False,False,252911,385586,729,"[14, 360]","[361, 707]",481,2026-08-11T13:59:26+09:00
2729,4,yes,T20,primary,no,25.125,25.375,-0.25,False,False,252911,385586,729,"[14, 360]","[361, 707]",479,2026-08-11T13:59:26+09:00
2729,4,yes,T24,primary,no,24.875,27.875,-3.0,False,False,252911,385586,729,"[14, 360]","[361, 707]",483,2026-08-11T13:59:27+09:00
2729,4,yes,T0,primary,no,24.5,28.5,-4.0,False,False,252911,385586,729,"[14, 360]","[361, 707]",483,2026-08-11T13:59:27+09:00
2729,4,yes,Trel8,primary,yes,27.0,24.875,2.125,False,True,252911,385586,729,"[14, 360]","[361, 707]",483,2026-08-11T13:59:28+09:00
535,4,yes,M,primary,yes,25.875,24.25,1.625,False,True,498374,271206,775,"[14, 406]","[407, 753]",527,2026-08-11T13:59:29+09:00
535,4,yes,T4,primary,yes,26.5,25.125,1.375,False,True,498374,271206,775,"[14, 406]","[407, 753]",525,2026-08-11T13:59:29+09:00
535,4,yes,T8,primary,yes,26.125,24.75,1.375,False,True,498374,271206,775,"[14, 406]","[407, 753]",530,2026-08-11T13:59:30+09:00
535,4,yes,T12,primary,yes,26.25,24.875,1.375,False,True,498374,271206,775,"[14, 406]","[407, 753]",527,2026-08-11T13:59:30+09:00
535,4,yes,T16,primary,yes,26.125,24.5,1.625,False,True,498374,271206,775,"[14, 406]","[407, 753]",529,2026-08-11T13:59:31+09:00
535,4,yes,T20,primary,yes,26.0,24.5,1.5,False,True,498374,271206,775,"[14, 406]","[407, 753]",526,2026-08-11T13:59:31+09:00
535,4,yes,T24,primary,yes,26.5,24.5,2.0,False,True,498374,271206,775,"[14, 406]","[407, 753]",526,2026-08-11T13:59:32+09:00
535,4,yes,T0,primary,yes,26.5,25.0,1.5,False,True,498374,271206,775,"[14, 406]","[407, 753]",524,2026-08-11T13:59:32+09:00
535,4,yes,Trel8,primary,yes,26.625,25.0,1.625,False,True,498374,271206,775,"[14, 406]","[407, 753]",526,2026-08-11T13:59:33+09:00
2505,4,yes,S,primary,yes,27.25,24.75,2.5,False,True,73182,560677,382,,,206,2026-08-11T13:59:33+09:00
2505,4,yes,M,primary,yes,25.25,24.375,0.875,False,True,73182,560677,730,"[14, 360]","[361, 707]",477,2026-08-11T13:59:33+09:00
2505,4,yes,T4,primary,yes,26.625,24.5,2.125,False,True,73182,560677,730,"[14, 360]","[361, 707]",479,2026-08-11T13:59:34+09:00
2505,4,yes,T8,primary,yes,26.125,24.25,1.875,False,True,73182,560677,730,"[14, 360]","[361, 707]",480,2026-08-11T13:59:34+09:00
2505,4,yes,T12,primary,yes,26.25,24.375,1.875,False,True,73182,560677,730,"[14, 360]","[361, 707]",481,2026-08-11T13:59:35+09:00
2505,4,yes,T16,primary,yes,25.875,24.125,1.75,False,True,73182,560677,730,"[14, 360]","[361, 707]",480,2026-08-11T13:59:35+09:00
2505,4,yes,T20,primary,yes,25.625,24.125,1.5,False,True,73182,560677,730,"[14, 360]","[361, 707]",481,2026-08-11T13:59:36+09:00
2505,4,yes,T24,primary,yes,25.25,24.375,0.875,False,True,73182,560677,730,"[14, 360]","[361, 707]",479,2026-08-11T13:59:36+09:00
2505,4,yes,T0,primary,yes,26.25,24.25,2.0,False,True,73182,560677,730,"[14, 360]","[361, 707]",479,2026-08-11T13:59:37+09:00
2505,4,yes,Trel8,primary,no,24.75,26.25,-1.5,False,False,73182,560677,730,"[14, 360]","[361, 707]",481,2026-08-11T13:59:37+09:00
1777,4,yes,S,primary,yes,27.125,25.125,2.0,False,True,245448,566249,427,,,248,2026-08-11T13:59:38+09:00
1777,4,yes,M,primary,yes,25.875,24.375,1.5,False,True,245448,566249,752,"[14, 406]","[407, 730]",498,2026-08-11T13:59:38+09:00
1777,4,yes,T4,primary,yes,26.0,24.75,1.25,False,True,245448,566249,752,"[14, 406]","[407, 730]",498,2026-08-11T13:59:39+09:00
1777,4,yes,T8,primary,yes,25.875,24.625,1.25,False,True,245448,566249,752,"[14, 406]","[407, 730]",500,2026-08-11T13:59:39+09:00
1777,4,yes,T12,primary,yes,25.5,24.5,1.0,False,True,245448,566249,752,"[14, 406]","[407, 730]",499,2026-08-11T13:59:40+09:00
1777,4,yes,T16,primary,yes,25.5,24.5,1.0,False,True,245448,566249,752,"[14, 406]","[407, 730]",503,2026-08-11T13:59:40+09:00
1777,4,yes,T20,primary,yes,25.125,24.375,0.75,False,True,245448,566249,752,"[14, 406]","[407, 730]",503,2026-08-11T13:59:41+09:00
1777,4,yes,T24,primary,yes,26.375,24.625,1.75,False,True,245448,566249,752,"[14, 406]","[407, 730]",503,2026-08-11T13:59:41+09:00
1777,4,yes,T0,primary,yes,26.125,24.625,1.5,False,True,245448,566249,752,"[14, 406]","[407, 730]",505,2026-08-11T13:59:42+09:00
1777,4,yes,Trel8,primary,no,24.875,25.25,-0.375,False,False,245448,566249,752,"[14, 406]","[407, 730]",504,2026-08-11T13:59:42+09:00
2641,4,yes,M,primary,yes,27.5,24.75,2.75,False,True,429706,491856,706,"[14, 337]","[338, 684]",457,2026-08-11T13:59:43+09:00
2641,4,yes,T4,primary,yes,25.5,25.25,0.25,False,True,429706,491856,706,"[14, 337]","[338, 684]",457,2026-08-11T13:59:43+09:00
2641,4,yes,T8,primary,yes,25.25,25.125,0.125,False,True,429706,491856,706,"[14, 337]","[338, 684]",459,2026-08-11T13:59:44+09:00
2641,4,yes,T12,primary,yes,25.375,25.125,0.25,False,True,429706,491856,706,"[14, 337]","[338, 684]",460,2026-08-11T13:59:44+09:00
2641,4,yes,T16,primary,yes,24.75,24.375,0.375,False,True,429706,491856,706,"[14, 337]","[338, 684]",459,2026-08-11T13:59:44+09:00
2641,4,yes,T20,primary,yes,26.25,24.625,1.625,False,True,429706,491856,706,"[14, 337]","[338, 684]",458,2026-08-11T13:59:45+09:00
2641,4,yes,T24,primary,yes,28.0,25.125,2.875,False,True,429706,491856,706,"[14, 337]","[338, 684]",456,2026-08-11T13:59:45+09:00
2641,4,yes,Trel8,primary,yes,28.25,25.125,3.125,False,True,429706,491856,706,"[14, 337]","[338, 684]",455,2026-08-11T13:59:46+09:00
795,4,yes,S,primary,yes,28.875,24.5,4.375,False,True,303099,297085,270,,,134,2026-08-11T13:59:46+09:00
795,4,yes,M,primary,yes,29.0,25.375,3.625,False,True,303099,297085,507,"[14, 249]","[250, 485]",294,2026-08-11T13:59:46+09:00
795,4,yes,T4,primary,yes,28.375,25.25,3.125,False,True,303099,297085,507,"[14, 249]","[250, 485]",296,2026-08-11T13:59:47+09:00
795,4,yes,T8,primary,yes,28.125,25.125,3.0,False,True,303099,297085,507,"[14, 249]","[250, 485]",298,2026-08-11T13:59:47+09:00
795,4,yes,T12,primary,yes,28.5,25.25,3.25,False,True,303099,297085,507,"[14, 249]","[250, 485]",299,2026-08-11T13:59:47+09:00
795,4,yes,T16,primary,yes,28.75,25.375,3.375,False,True,303099,297085,507,"[14, 249]","[250, 485]",298,2026-08-11T13:59:48+09:00
795,4,yes,T20,primary,yes,28.75,25.25,3.5,False,True,303099,297085,507,"[14, 249]","[250, 485]",299,2026-08-11T13:59:48+09:00
795,4,yes,T24,primary,yes,29.625,25.625,4.0,False,True,303099,297085,507,"[14, 249]","[250, 485]",299,2026-08-11T13:59:48+09:00
795,4,yes,T0,primary,yes,28.5,25.25,3.25,False,True,303099,297085,507,"[14, 249]","[250, 485]",299,2026-08-11T13:59:48+09:00
795,4,yes,Trel8,primary,yes,25.5,25.375,0.125,False,True,303099,297085,507,"[14, 249]","[250, 485]",298,2026-08-11T13:59:49+09:00
2133,4,yes,S,primary,yes,29.125,25.25,3.875,False,True,125524,121152,381,,,205,2026-08-11T13:59:49+09:00
2133,4,yes,M,primary,yes,26.375,25.0,1.375,False,True,125524,121152,683,"[14, 360]","[361, 661]",446,2026-08-11T13:59:49+09:00
2133,4,yes,T4,primary,yes,27.625,25.25,2.375,False,True,125524,121152,683,"[14, 360]","[361, 661]",443,2026-08-11T13:59:50+09:00
2133,4,yes,T8,primary,yes,27.375,25.125,2.25,False,True,125524,121152,683,"[14, 360]","[361, 661]",446,2026-08-11T13:59:50+09:00
2133,4,yes,T12,primary,yes,27.375,25.25,2.125,False,True,125524,121152,683,"[14, 360]","[361, 661]",447,2026-08-11T13:59:51+09:00
2133,4,yes,T16,primary,yes,27.375,25.0,2.375,False,True,125524,121152,683,"[14, 360]","[361, 661]",448,2026-08-11T13:59:51+09:00
2133,4,yes,T20,primary,yes,27.25,25.125,2.125,False,True,125524,121152,683,"[14, 360]","[361, 661]",446,2026-08-11T13:59:52+09:00
2133,4,yes,T24,primary,yes,26.875,25.5,1.375,False,True,125524,121152,683,"[14, 360]","[361, 661]",445,2026-08-11T13:59:52+09:00
2133,4,yes,T0,primary,yes,27.625,25.125,2.5,False,True,125524,121152,683,"[14, 360]","[361, 661]",444,2026-08-11T13:59:53+09:00
2133,4,yes,Trel8,primary,yes,27.75,25.0,2.75,False,True,125524,121152,683,"[14, 360]","[361, 661]",445,2026-08-11T13:59:53+09:00
1491,4,yes,M,primary,yes,25.625,24.875,0.75,False,True,302405,29059,664,"[14, 249]","[250, 642]",432,2026-08-11T13:59:53+09:00
1491,4,yes,T4,primary,yes,26.125,25.25,0.875,False,True,302405,29059,664,"[14, 249]","[250, 642]",433,2026-08-11T13:59:54+09:00
1491,4,yes,T8,primary,yes,25.75,25.0,0.75,False,True,302405,29059,664,"[14, 249]","[250, 642]",433,2026-08-11T13:59:54+09:00
1491,4,yes,T12,primary,yes,25.875,25.0,0.875,False,True,302405,29059,664,"[14, 249]","[250, 642]",433,2026-08-11T13:59:55+09:00
1491,4,yes,T16,primary,yes,25.5,24.75,0.75,False,True,302405,29059,664,"[14, 249]","[250, 642]",432,2026-08-11T13:59:55+09:00
1491,4,yes,T20,primary,yes,25.625,24.625,1.0,False,True,302405,29059,664,"[14, 249]","[250, 642]",434,2026-08-11T13:59:56+09:00
1491,4,yes,T24,primary,yes,25.75,24.875,0.875,False,True,302405,29059,664,"[14, 249]","[250, 642]",434,2026-08-11T13:59:56+09:00
1491,4,yes,Trel8,primary,yes,25.125,24.875,0.25,False,True,302405,29059,664,"[14, 249]","[250, 642]",431,2026-08-11T13:59:56+09:00
1677,4,yes,S,primary,no,24.375,27.75,-3.375,False,False,246999,204943,427,,,248,2026-08-11T13:59:57+09:00
1677,4,yes,M,primary,no,24.0,28.625,-4.625,False,False,246999,204943,867,"[14, 406]","[407, 845]",607,2026-08-11T13:59:57+09:00
1677,4,yes,T4,primary,no,24.5,27.5,-3.0,False,False,246999,204943,867,"[14, 406]","[407, 845]",609,2026-08-11T13:59:58+09:00
1677,4,yes,T8,primary,no,24.25,27.5,-3.25,False,False,246999,204943,867,"[14, 406]","[407, 845]",611,2026-08-11T13:59:59+09:00
1677,4,yes,T12,primary,no,24.375,27.875,-3.5,False,False,246999,204943,867,"[14, 406]","[407, 845]",606,2026-08-11T13:59:59+09:00
1677,4,yes,T16,primary,no,24.125,28.0,-3.875,False,False,246999,204943,867,"[14, 406]","[407, 845]",610,2026-08-11T14:00:00+09:00
1677,4,yes,T20,primary,no,24.125,28.25,-4.125,False,False,246999,204943,867,"[14, 406]","[407, 845]",610,2026-08-11T14:00:00+09:00
1677,4,yes,T24,primary,no,24.125,28.875,-4.75,False,False,246999,204943,867,"[14, 406]","[407, 845]",613,2026-08-11T14:00:01+09:00
1677,4,yes,T0,primary,no,24.25,27.375,-3.125,False,False,246999,204943,867,"[14, 406]","[407, 845]",611,2026-08-11T14:00:02+09:00
1677,4,yes,Trel8,primary,no,24.625,28.625,-4.0,False,False,246999,204943,867,"[14, 406]","[407, 845]",610,2026-08-11T14:00:02+09:00
431,4,yes,S,primary,yes,28.875,25.0,3.875,False,True,80022,565203,382,,,205,2026-08-11T14:00:03+09:00
431,4,yes,M,primary,yes,26.75,24.625,2.125,False,True,80022,565203,730,"[14, 360]","[361, 707]",478,2026-08-11T14:00:03+09:00
431,4,yes,T4,primary,yes,27.5,24.75,2.75,False,True,80022,565203,730,"[14, 360]","[361, 707]",477,2026-08-11T14:00:04+09:00
431,4,yes,T8,primary,yes,27.25,24.625,2.625,False,True,80022,565203,730,"[14, 360]","[361, 707]",480,2026-08-11T14:00:04+09:00
431,4,yes,T12,primary,yes,27.5,24.875,2.625,False,True,80022,565203,730,"[14, 360]","[361, 707]",480,2026-08-11T14:00:04+09:00
431,4,yes,T16,primary,yes,27.625,24.75,2.875,False,True,80022,565203,730,"[14, 360]","[361, 707]",481,2026-08-11T14:00:05+09:00
431,4,yes,T20,primary,yes,27.625,24.75,2.875,False,True,80022,565203,730,"[14, 360]","[361, 707]",480,2026-08-11T14:00:05+09:00
431,4,yes,T24,primary,yes,27.25,24.75,2.5,False,True,80022,565203,730,"[14, 360]","[361, 707]",478,2026-08-11T14:00:06+09:00
431,4,yes,T0,primary,yes,28.0,24.875,3.125,False,True,80022,565203,730,"[14, 360]","[361, 707]",479,2026-08-11T14:00:06+09:00
431,4,yes,Trel8,primary,yes,28.125,24.875,3.25,False,True,80022,565203,730,"[14, 360]","[361, 707]",481,2026-08-11T14:00:07+09:00
2409,4,yes,S,primary,yes,27.25,25.25,2.0,False,True,307262,561823,519,,,302,2026-08-11T14:00:07+09:00
2409,4,yes,M,primary,yes,26.375,25.375,1.0,False,True,307262,561823,867,"[14, 498]","[499, 845]",609,2026-08-11T14:00:08+09:00
2409,4,yes,T4,primary,yes,26.125,25.25,0.875,False,True,307262,561823,867,"[14, 498]","[499, 845]",608,2026-08-11T14:00:08+09:00
2409,4,yes,T8,primary,yes,26.0,25.25,0.75,False,True,307262,561823,867,"[14, 498]","[499, 845]",611,2026-08-11T14:00:09+09:00
2409,4,yes,T12,primary,yes,26.25,25.25,1.0,False,True,307262,561823,867,"[14, 498]","[499, 845]",611,2026-08-11T14:00:10+09:00
2409,4,yes,T16,primary,yes,26.25,25.25,1.0,False,True,307262,561823,867,"[14, 498]","[499, 845]",611,2026-08-11T14:00:10+09:00
2409,4,yes,T20,primary,yes,26.375,25.375,1.0,False,True,307262,561823,867,"[14, 498]","[499, 845]",610,2026-08-11T14:00:11+09:00
2409,4,yes,T24,primary,yes,26.625,25.375,1.25,False,True,307262,561823,867,"[14, 498]","[499, 845]",613,2026-08-11T14:00:12+09:00
2409,4,yes,T0,primary,yes,26.25,25.125,1.125,False,True,307262,561823,867,"[14, 498]","[499, 845]",613,2026-08-11T14:00:12+09:00
2409,4,yes,Trel8,primary,no,26.0,26.0,0.0,True,False,307262,561823,867,"[14, 498]","[499, 845]",607,2026-08-11T14:00:13+09:00
1135,4,yes,S,primary,yes,27.75,25.0,2.75,False,True,246145,490022,427,,,248,2026-08-11T14:00:13+09:00
1135,4,yes,M,primary,yes,25.25,24.125,1.125,False,True,246145,490022,775,"[14, 406]","[407, 753]",522,2026-08-11T14:00:14+09:00
1135,4,yes,T4,primary,yes,25.625,25.0,0.625,False,True,246145,490022,775,"[14, 406]","[407, 753]",524,2026-08-11T14:00:14+09:00
1135,4,yes,T8,primary,yes,25.625,24.875,0.75,False,True,246145,490022,775,"[14, 406]","[407, 753]",525,2026-08-11T14:00:15+09:00
1135,4,yes,T12,primary,yes,25.5,24.75,0.75,False,True,246145,490022,775,"[14, 406]","[407, 753]",523,2026-08-11T14:00:15+09:00
1135,4,yes,T16,primary,yes,25.125,24.375,0.75,False,True,246145,490022,775,"[14, 406]","[407, 753]",525,2026-08-11T14:00:16+09:00
1135,4,yes,T20,primary,yes,25.125,24.375,0.75,False,True,246145,490022,775,"[14, 406]","[407, 753]",527,2026-08-11T14:00:16+09:00
1135,4,yes,T24,primary,yes,25.25,24.25,1.0,False,True,246145,490022,775,"[14, 406]","[407, 753]",525,2026-08-11T14:00:17+09:00
1135,4,yes,T0,primary,yes,25.75,24.875,0.875,False,True,246145,490022,775,"[14, 406]","[407, 753]",525,2026-08-11T14:00:17+09:00
1135,4,yes,Trel8,primary,yes,25.375,25.0,0.375,False,True,246145,490022,775,"[14, 406]","[407, 753]",528,2026-08-11T14:00:18+09:00
183,4,yes,M,primary,yes,26.0,24.625,1.375,False,True,291936,579036,775,"[14, 406]","[407, 753]",522,2026-08-11T14:00:18+09:00
183,4,yes,T4,primary,yes,27.625,25.375,2.25,False,True,291936,579036,775,"[14, 406]","[407, 753]",524,2026-08-11T14:00:19+09:00
183,4,yes,T8,primary,yes,27.125,25.125,2.0,False,True,291936,579036,775,"[14, 406]","[407, 753]",527,2026-08-11T14:00:19+09:00
183,4,yes,T12,primary,yes,26.875,25.0,1.875,False,True,291936,579036,775,"[14, 406]","[407, 753]",530,2026-08-11T14:00:20+09:00
183,4,yes,T16,primary,yes,26.625,25.0,1.625,False,True,291936,579036,775,"[14, 406]","[407, 753]",526,2026-08-11T14:00:21+09:00
183,4,yes,T20,primary,yes,26.25,24.875,1.375,False,True,291936,579036,775,"[14, 406]","[407, 753]",528,2026-08-11T14:00:21+09:00
183,4,yes,T24,primary,yes,26.125,24.625,1.5,False,True,291936,579036,775,"[14, 406]","[407, 753]",524,2026-08-11T14:00:22+09:00
183,4,yes,T0,primary,yes,27.75,25.125,2.625,False,True,291936,579036,775,"[14, 406]","[407, 753]",524,2026-08-11T14:00:22+09:00
183,4,yes,Trel8,primary,no,25.25,25.25,0.0,True,False,291936,579036,775,"[14, 406]","[407, 753]",530,2026-08-11T14:00:23+09:00
447,4,yes,M,primary,yes,25.5,25.375,0.125,False,True,465275,294,775,"[14, 406]","[407, 753]",524,2026-08-11T14:00:23+09:00
447,4,yes,T4,primary,yes,25.25,25.125,0.125,False,True,465275,294,775,"[14, 406]","[407, 753]",525,2026-08-11T14:00:24+09:00
447,4,yes,T8,primary,yes,25.125,25.0,0.125,False,True,465275,294,775,"[14, 406]","[407, 753]",527,2026-08-11T14:00:24+09:00
447,4,yes,T12,primary,yes,25.25,24.875,0.375,False,True,465275,294,775,"[14, 406]","[407, 753]",525,2026-08-11T14:00:25+09:00
447,4,yes,T16,primary,yes,24.5,24.375,0.125,False,True,465275,294,775,"[14, 406]","[407, 753]",525,2026-08-11T14:00:25+09:00
447,4,yes,T20,primary,no,24.5,24.875,-0.375,False,False,465275,294,775,"[14, 406]","[407, 753]",528,2026-08-11T14:00:26+09:00
447,4,yes,T24,primary,yes,25.625,25.5,0.125,False,True,465275,294,775,"[14, 406]","[407, 753]",524,2026-08-11T14:00:26+09:00
447,4,yes,T0,primary,yes,25.625,25.0,0.625,False,True,465275,294,775,"[14, 406]","[407, 753]",530,2026-08-11T14:00:27+09:00
447,4,yes,Trel8,primary,yes,25.875,24.75,1.125,False,True,465275,294,775,"[14, 406]","[407, 753]",529,2026-08-11T14:00:27+09:00
1,4,yes,M,primary,yes,26.125,24.875,1.25,False,True,310196,220382,730,"[14, 360]","[361, 707]",479,2026-08-11T14:00:28+09:00
1,4,yes,T4,primary,yes,25.75,24.75,1.0,False,True,310196,220382,730,"[14, 360]","[361, 707]",480,2026-08-11T14:00:28+09:00
1,4,yes,T8,primary,yes,25.625,24.625,1.0,False,True,310196,220382,730,"[14, 360]","[361, 707]",483,2026-08-11T14:00:29+09:00
1,4,yes,T12,primary,yes,25.625,24.625,1.0,False,True,310196,220382,730,"[14, 360]","[361, 707]",481,2026-08-11T14:00:29+09:00
1,4,yes,T16,primary,yes,25.625,24.625,1.0,False,True,310196,220382,730,"[14, 360]","[361, 707]",483,2026-08-11T14:00:30+09:00
1,4,yes,T20,primary,yes,26.25,24.875,1.375,False,True,310196,220382,730,"[14, 360]","[361, 707]",479,2026-08-11T14:00:30+09:00
1,4,yes,T24,primary,yes,26.25,25.125,1.125,False,True,310196,220382,730,"[14, 360]","[361, 707]",477,2026-08-11T14:00:31+09:00
1,4,yes,T0,primary,yes,25.875,24.875,1.0,False,True,310196,220382,730,"[14, 360]","[361, 707]",482,2026-08-11T14:00:31+09:00
1,4,yes,Trel8,primary,yes,26.5,24.75,1.75,False,True,310196,220382,730,"[14, 360]","[361, 707]",482,2026-08-11T14:00:32+09:00
1967,4,yes,M,primary,no,25.25,25.75,-0.5,False,False,379404,371694,799,"[14, 383]","[384, 776]",538,2026-08-11T14:00:32+09:00
1967,4,yes,T4,primary,yes,25.75,25.625,0.125,False,True,379404,371694,799,"[14, 383]","[384, 776]",539,2026-08-11T14:00:33+09:00
1967,4,yes,T8,primary,yes,25.625,25.5,0.125,False,True,379404,371694,799,"[14, 383]","[384, 776]",541,2026-08-11T14:00:33+09:00
1967,4,yes,T12,primary,yes,25.75,25.375,0.375,False,True,379404,371694,799,"[14, 383]","[384, 776]",543,2026-08-11T14:00:34+09:00
1967,4,yes,T16,primary,yes,25.75,25.125,0.625,False,True,379404,371694,799,"[14, 383]","[384, 776]",543,2026-08-11T14:00:35+09:00
1967,4,yes,T20,primary,yes,26.125,25.125,1.0,False,True,379404,371694,799,"[14, 383]","[384, 776]",539,2026-08-11T14:00:35+09:00
1967,4,yes,T24,primary,no,25.25,25.875,-0.625,False,False,379404,371694,799,"[14, 383]","[384, 776]",539,2026-08-11T14:00:36+09:00
1967,4,yes,T0,primary,no,25.75,25.75,0.0,True,False,379404,371694,799,"[14, 383]","[384, 776]",542,2026-08-11T14:00:36+09:00
1967,4,yes,Trel8,primary,yes,26.25,24.875,1.375,False,True,379404,371694,799,"[14, 383]","[384, 776]",541,2026-08-11T14:00:37+09:00
2097,4,yes,M,primary,yes,27.25,24.75,2.5,False,True,114941,577924,775,"[14, 360]","[361, 753]",525,2026-08-11T14:00:37+09:00
2097,4,yes,T4,primary,yes,27.625,25.0,2.625,False,True,114941,577924,775,"[14, 360]","[361, 753]",523,2026-08-11T14:00:38+09:00
2097,4,yes,T8,primary,yes,27.5,24.875,2.625,False,True,114941,577924,775,"[14, 360]","[361, 753]",527,2026-08-11T14:00:38+09:00
2097,4,yes,T12,primary,yes,27.5,24.875,2.625,False,True,114941,577924,775,"[14, 360]","[361, 753]",525,2026-08-11T14:00:39+09:00
2097,4,yes,T16,primary,yes,27.375,24.875,2.5,False,True,114941,577924,775,"[14, 360]","[361, 753]",526,2026-08-11T14:00:39+09:00
2097,4,yes,T20,primary,yes,27.25,24.75,2.5,False,True,114941,577924,775,"[14, 360]","[361, 753]",526,2026-08-11T14:00:40+09:00
2097,4,yes,T24,primary,yes,27.375,24.875,2.5,False,True,114941,577924,775,"[14, 360]","[361, 753]",528,2026-08-11T14:00:40+09:00
2097,4,yes,Trel8,primary,yes,25.5,24.625,0.875,False,True,114941,577924,775,"[14, 360]","[361, 753]",530,2026-08-11T14:00:41+09:00
2369,4,yes,S,primary,yes,28.0,24.625,3.375,False,True,337502,195179,381,,,205,2026-08-11T14:00:41+09:00
2369,4,yes,M,primary,yes,25.125,24.5,0.625,False,True,337502,195179,913,"[14, 360]","[361, 891]",660,2026-08-11T14:00:42+09:00
2369,4,yes,T4,primary,yes,26.5,24.625,1.875,False,True,337502,195179,913,"[14, 360]","[361, 891]",664,2026-08-11T14:00:43+09:00
2369,4,yes,T8,primary,yes,26.375,24.625,1.75,False,True,337502,195179,913,"[14, 360]","[361, 891]",665,2026-08-11T14:00:43+09:00
2369,4,yes,T12,primary,yes,26.125,24.375,1.75,False,True,337502,195179,913,"[14, 360]","[361, 891]",665,2026-08-11T14:00:44+09:00
2369,4,yes,T16,primary,yes,25.375,24.0,1.375,False,True,337502,195179,913,"[14, 360]","[361, 891]",662,2026-08-11T14:00:45+09:00
2369,4,yes,T20,primary,yes,25.5,24.0,1.5,False,True,337502,195179,913,"[14, 360]","[361, 891]",663,2026-08-11T14:00:45+09:00
2369,4,yes,T24,primary,yes,25.5,24.625,0.875,False,True,337502,195179,913,"[14, 360]","[361, 891]",662,2026-08-11T14:00:46+09:00
2369,4,yes,T0,primary,yes,26.5,24.375,2.125,False,True,337502,195179,913,"[14, 360]","[361, 891]",664,2026-08-11T14:00:47+09:00
2369,4,yes,Trel8,primary,yes,26.75,24.625,2.125,False,True,337502,195179,913,"[14, 360]","[361, 891]",663,2026-08-11T14:00:47+09:00
1055,4,yes,M,primary,yes,26.0,24.875,1.125,False,True,18150,442875,775,"[14, 406]","[407, 753]",525,2026-08-11T14:00:48+09:00
1055,4,yes,T4,primary,yes,25.25,24.875,0.375,False,True,18150,442875,775,"[14, 406]","[407, 753]",525,2026-08-11T14:00:48+09:00
1055,4,yes,T8,primary,yes,25.125,24.625,0.5,False,True,18150,442875,775,"[14, 406]","[407, 753]",526,2026-08-11T14:00:49+09:00
1055,4,yes,T12,primary,yes,25.0,24.625,0.375,False,True,18150,442875,775,"[14, 406]","[407, 753]",528,2026-08-11T14:00:49+09:00
1055,4,yes,T16,primary,yes,24.75,24.125,0.625,False,True,18150,442875,775,"[14, 406]","[407, 753]",527,2026-08-11T14:00:50+09:00
1055,4,yes,T20,primary,yes,25.375,24.125,1.25,False,True,18150,442875,775,"[14, 406]","[407, 753]",528,2026-08-11T14:00:50+09:00
1055,4,yes,T24,primary,yes,26.125,25.125,1.0,False,True,18150,442875,775,"[14, 406]","[407, 753]",524,2026-08-11T14:00:51+09:00
1055,4,yes,T0,primary,yes,25.375,24.625,0.75,False,True,18150,442875,775,"[14, 406]","[407, 753]",525,2026-08-11T14:00:51+09:00
1055,4,yes,Trel8,primary,yes,28.125,24.75,3.375,False,True,18150,442875,775,"[14, 406]","[407, 753]",526,2026-08-11T14:00:52+09:00
2157,4,yes,M,primary,yes,28.25,24.875,3.375,False,True,279499,480657,618,"[14, 360]","[361, 596]",377,2026-08-11T14:00:52+09:00
2157,4,yes,T4,primary,yes,29.0,25.375,3.625,False,True,279499,480657,618,"[14, 360]","[361, 596]",379,2026-08-11T14:00:53+09:00
2157,4,yes,T8,primary,yes,28.625,25.125,3.5,False,True,279499,480657,618,"[14, 360]","[361, 596]",379,2026-08-11T14:00:53+09:00
2157,4,yes,T12,primary,yes,28.75,25.125,3.625,False,True,279499,480657,618,"[14, 360]","[361, 596]",380,2026-08-11T14:00:54+09:00
2157,4,yes,T16,primary,yes,28.875,25.125,3.75,False,True,279499,480657,618,"[14, 360]","[361, 596]",381,2026-08-11T14:00:54+09:00
2157,4,yes,T20,primary,yes,28.875,25.0,3.875,False,True,279499,480657,618,"[14, 360]","[361, 596]",381,2026-08-11T14:00:54+09:00
2157,4,yes,T24,primary,yes,28.625,24.875,3.75,False,True,279499,480657,618,"[14, 360]","[361, 596]",381,2026-08-11T14:00:55+09:00
2157,4,yes,T0,primary,yes,28.5,24.875,3.625,False,True,279499,480657,618,"[14, 360]","[361, 596]",380,2026-08-11T14:00:55+09:00
2157,4,yes,Trel8,primary,yes,28.0,25.375,2.625,False,True,279499,480657,618,"[14, 360]","[361, 596]",379,2026-08-11T14:00:55+09:00
2843,4,yes,M,primary,yes,25.875,24.625,1.25,False,True,555538,76956,707,"[14, 337]","[338, 684]",459,2026-08-11T14:00:56+09:00
2843,4,yes,T4,primary,no,25.0,25.625,-0.625,False,False,555538,76956,707,"[14, 337]","[338, 684]",458,2026-08-11T14:00:56+09:00
2843,4,yes,T8,primary,no,25.0,25.625,-0.625,False,False,555538,76956,707,"[14, 337]","[338, 684]",461,2026-08-11T14:00:57+09:00
2843,4,yes,T12,primary,no,25.0,25.625,-0.625,False,False,555538,76956,707,"[14, 337]","[338, 684]",460,2026-08-11T14:00:57+09:00
2843,4,yes,T16,primary,no,24.875,25.125,-0.25,False,False,555538,76956,707,"[14, 337]","[338, 684]",457,2026-08-11T14:00:58+09:00
2843,4,yes,T20,primary,yes,25.125,24.75,0.375,False,True,555538,76956,707,"[14, 337]","[338, 684]",458,2026-08-11T14:00:58+09:00
2843,4,yes,T24,primary,yes,25.875,25.0,0.875,False,True,555538,76956,707,"[14, 337]","[338, 684]",460,2026-08-11T14:00:59+09:00
2843,4,yes,T0,primary,no,25.0,25.625,-0.625,False,False,555538,76956,707,"[14, 337]","[338, 684]",460,2026-08-11T14:00:59+09:00
2843,4,yes,Trel8,primary,yes,27.125,25.125,2.0,False,True,555538,76956,707,"[14, 337]","[338, 684]",458,2026-08-11T14:01:00+09:00
1343,4,yes,M,primary,yes,25.625,24.125,1.5,False,True,120648,124803,664,"[14, 406]","[407, 642]",431,2026-08-11T14:01:00+09:00
1343,4,yes,T4,primary,yes,26.25,24.625,1.625,False,True,120648,124803,664,"[14, 406]","[407, 642]",430,2026-08-11T14:01:01+09:00
1343,4,yes,T8,primary,yes,26.0,24.5,1.5,False,True,120648,124803,664,"[14, 406]","[407, 642]",432,2026-08-11T14:01:01+09:00
1343,4,yes,T12,primary,yes,25.625,24.125,1.5,False,True,120648,124803,664,"[14, 406]","[407, 642]",434,2026-08-11T14:01:01+09:00
1343,4,yes,T16,primary,yes,25.5,24.0,1.5,False,True,120648,124803,664,"[14, 406]","[407, 642]",432,2026-08-11T14:01:02+09:00
1343,4,yes,T20,primary,yes,25.125,23.75,1.375,False,True,120648,124803,664,"[14, 406]","[407, 642]",430,2026-08-11T14:01:02+09:00
1343,4,yes,T24,primary,yes,25.5,24.0,1.5,False,True,120648,124803,664,"[14, 406]","[407, 642]",432,2026-08-11T14:01:03+09:00
1343,4,yes,T0,primary,yes,26.25,24.625,1.625,False,True,120648,124803,664,"[14, 406]","[407, 642]",432,2026-08-11T14:01:03+09:00
1343,4,yes,Trel8,primary,no,24.5,26.0,-1.5,False,False,120648,124803,664,"[14, 406]","[407, 642]",433,2026-08-11T14:01:04+09:00
347,4,yes,M,primary,yes,26.5,24.625,1.875,False,True,54025,128920,729,"[14, 360]","[361, 707]",479,2026-08-11T14:01:04+09:00
347,4,yes,T4,primary,yes,27.0,24.75,2.25,False,True,54025,128920,729,"[14, 360]","[361, 707]",478,2026-08-11T14:01:05+09:00
347,4,yes,T8,primary,yes,26.625,24.5,2.125,False,True,54025,128920,729,"[14, 360]","[361, 707]",481,2026-08-11T14:01:05+09:00
347,4,yes,T12,primary,yes,26.75,24.625,2.125,False,True,54025,128920,729,"[14, 360]","[361, 707]",482,2026-08-11T14:01:06+09:00
347,4,yes,T16,primary,yes,26.375,24.375,2.0,False,True,54025,128920,729,"[14, 360]","[361, 707]",484,2026-08-11T14:01:06+09:00
347,4,yes,T20,primary,yes,26.5,24.25,2.25,False,True,54025,128920,729,"[14, 360]","[361, 707]",480,2026-08-11T14:01:06+09:00
347,4,yes,T24,primary,yes,26.375,24.625,1.75,False,True,54025,128920,729,"[14, 360]","[361, 707]",481,2026-08-11T14:01:07+09:00
347,4,yes,Trel8,primary,yes,27.5,24.625,2.875,False,True,54025,128920,729,"[14, 360]","[361, 707]",482,2026-08-11T14:01:07+09:00
2625,4,yes,S,primary,yes,29.25,24.5,4.75,False,True,514292,391154,429,,,250,2026-08-11T14:01:08+09:00
2625,4,yes,M,primary,yes,29.25,25.0,4.25,False,True,514292,391154,666,"[14, 406]","[407, 642]",431,2026-08-11T14:01:08+09:00
2625,4,yes,T4,primary,yes,27.875,25.125,2.75,False,True,514292,391154,666,"[14, 406]","[407, 642]",434,2026-08-11T14:01:09+09:00
2625,4,yes,T8,primary,yes,27.625,24.875,2.75,False,True,514292,391154,666,"[14, 406]","[407, 642]",436,2026-08-11T14:01:09+09:00
2625,4,yes,T12,primary,yes,27.875,24.875,3.0,False,True,514292,391154,666,"[14, 406]","[407, 642]",435,2026-08-11T14:01:09+09:00
2625,4,yes,T16,primary,yes,28.125,24.875,3.25,False,True,514292,391154,666,"[14, 406]","[407, 642]",435,2026-08-11T14:01:10+09:00
2625,4,yes,T20,primary,yes,28.375,24.75,3.625,False,True,514292,391154,666,"[14, 406]","[407, 642]",435,2026-08-11T14:01:10+09:00
2625,4,yes,T24,primary,yes,29.75,25.25,4.5,False,True,514292,391154,666,"[14, 406]","[407, 642]",434,2026-08-11T14:01:11+09:00
2625,4,yes,T0,primary,yes,27.875,24.625,3.25,False,True,514292,391154,666,"[14, 406]","[407, 642]",433,2026-08-11T14:01:11+09:00
2625,4,yes,Trel8,primary,yes,27.25,24.875,2.375,False,True,514292,391154,666,"[14, 406]","[407, 642]",432,2026-08-11T14:01:12+09:00
2079,4,yes,S,primary,no,24.75,25.875,-1.125,False,False,445200,13428,381,,,205,2026-08-11T14:01:12+09:00
2079,4,yes,M,primary,yes,25.625,23.625,2.0,False,True,445200,13428,600,"[14, 360]","[361, 578]",355,2026-08-11T14:01:12+09:00
2079,4,yes,T4,primary,no,24.625,25.75,-1.125,False,False,445200,13428,600,"[14, 360]","[361, 578]",357,2026-08-11T14:01:13+09:00
2079,4,yes,T8,primary,no,24.625,25.125,-0.5,False,False,445200,13428,600,"[14, 360]","[361, 578]",358,2026-08-11T14:01:13+09:00
2079,4,yes,T12,primary,no,24.625,24.75,-0.125,False,False,445200,13428,600,"[14, 360]","[361, 578]",358,2026-08-11T14:01:13+09:00
2079,4,yes,T16,primary,no,24.25,24.875,-0.625,False,False,445200,13428,600,"[14, 360]","[361, 578]",357,2026-08-11T14:01:14+09:00
2079,4,yes,T20,primary,yes,25.375,24.25,1.125,False,True,445200,13428,600,"[14, 360]","[361, 578]",359,2026-08-11T14:01:14+09:00
2079,4,yes,T24,primary,yes,26.0,23.75,2.25,False,True,445200,13428,600,"[14, 360]","[361, 578]",357,2026-08-11T14:01:14+09:00
2079,4,yes,T0,primary,no,24.625,25.875,-1.25,False,False,445200,13428,600,"[14, 360]","[361, 578]",358,2026-08-11T14:01:15+09:00
2079,4,yes,Trel8,primary,yes,27.375,25.0,2.375,False,True,445200,13428,600,"[14, 360]","[361, 578]",358,2026-08-11T14:01:15+09:00
2781,4,yes,M,primary,yes,25.5,24.625,0.875,False,True,79213,470746,775,"[14, 406]","[407, 753]",524,2026-08-11T14:01:16+09:00
2781,4,yes,T4,primary,yes,25.5,24.75,0.75,False,True,79213,470746,775,"[14, 406]","[407, 753]",523,2026-08-11T14:01:16+09:00
2781,4,yes,T8,primary,yes,25.125,24.5,0.625,False,True,79213,470746,775,"[14, 406]","[407, 753]",525,2026-08-11T14:01:17+09:00
2781,4,yes,T12,primary,yes,25.125,24.625,0.5,False,True,79213,470746,775,"[14, 406]","[407, 753]",527,2026-08-11T14:01:17+09:00
2781,4,yes,T16,primary,yes,25.0,24.25,0.75,False,True,79213,470746,775,"[14, 406]","[407, 753]",524,2026-08-11T14:01:18+09:00
2781,4,yes,T20,primary,yes,25.375,24.625,0.75,False,True,79213,470746,775,"[14, 406]","[407, 753]",524,2026-08-11T14:01:18+09:00
2781,4,yes,T24,primary,yes,25.375,24.75,0.625,False,True,79213,470746,775,"[14, 406]","[407, 753]",529,2026-08-11T14:01:19+09:00
2781,4,yes,T0,primary,yes,25.375,24.625,0.75,False,True,79213,470746,775,"[14, 406]","[407, 753]",529,2026-08-11T14:01:19+09:00
2781,4,yes,Trel8,primary,yes,26.375,24.75,1.625,False,True,79213,470746,775,"[14, 406]","[407, 753]",528,2026-08-11T14:01:20+09:00
775,4,yes,S,primary,yes,29.375,25.375,4.0,False,True,551881,432330,428,,,250,2026-08-11T14:01:20+09:00
775,4,yes,M,primary,yes,27.625,25.0,2.625,False,True,551881,432330,776,"[14, 406]","[407, 753]",524,2026-08-11T14:01:21+09:00
775,4,yes,T4,primary,yes,28.625,25.5,3.125,False,True,551881,432330,776,"[14, 406]","[407, 753]",526,2026-08-11T14:01:21+09:00
775,4,yes,T8,primary,yes,28.625,25.5,3.125,False,True,551881,432330,776,"[14, 406]","[407, 753]",528,2026-08-11T14:01:22+09:00
775,4,yes,T12,primary,yes,28.625,25.5,3.125,False,True,551881,432330,776,"[14, 406]","[407, 753]",529,2026-08-11T14:01:22+09:00
775,4,yes,T16,primary,yes,28.125,25.375,2.75,False,True,551881,432330,776,"[14, 406]","[407, 753]",528,2026-08-11T14:01:23+09:00
775,4,yes,T20,primary,yes,27.5,25.0,2.5,False,True,551881,432330,776,"[14, 406]","[407, 753]",526,2026-08-11T14:01:23+09:00
775,4,yes,T24,primary,yes,27.75,25.125,2.625,False,True,551881,432330,776,"[14, 406]","[407, 753]",523,2026-08-11T14:01:24+09:00
775,4,yes,T0,primary,yes,28.75,25.375,3.375,False,True,551881,432330,776,"[14, 406]","[407, 753]",524,2026-08-11T14:01:24+09:00
775,4,yes,Trel8,primary,yes,26.375,24.625,1.75,False,True,551881,432330,776,"[14, 406]","[407, 753]",522,2026-08-11T14:01:25+09:00
467,4,yes,M,primary,yes,27.0,25.25,1.75,False,True,131018,266443,821,"[14, 406]","[407, 799]",573,2026-08-11T14:01:26+09:00
467,4,yes,T4,primary,yes,28.625,25.0,3.625,False,True,131018,266443,821,"[14, 406]","[407, 799]",574,2026-08-11T14:01:26+09:00
467,4,yes,T8,primary,yes,28.625,25.0,3.625,False,True,131018,266443,821,"[14, 406]","[407, 799]",579,2026-08-11T14:01:27+09:00
467,4,yes,T12,primary,yes,28.5,25.0,3.5,False,True,131018,266443,821,"[14, 406]","[407, 799]",577,2026-08-11T14:01:27+09:00
467,4,yes,T16,primary,yes,28.5,25.0,3.5,False,True,131018,266443,821,"[14, 406]","[407, 799]",577,2026-08-11T14:01:28+09:00
467,4,yes,T20,primary,yes,27.5,25.0,2.5,False,True,131018,266443,821,"[14, 406]","[407, 799]",576,2026-08-11T14:01:28+09:00
467,4,yes,T24,primary,yes,27.25,25.375,1.875,False,True,131018,266443,821,"[14, 406]","[407, 799]",574,2026-08-11T14:01:29+09:00
467,4,yes,Trel8,primary,yes,26.5,24.875,1.625,False,True,131018,266443,821,"[14, 406]","[407, 799]",573,2026-08-11T14:01:30+09:00
1167,4,yes,S,primary,no,24.625,26.625,-2.0,False,False,327038,39502,335,,,182,2026-08-11T14:01:30+09:00
1167,4,yes,M,primary,no,23.75,24.875,-1.125,False,False,327038,39502,729,"[14, 314]","[315, 707]",485,2026-08-11T14:01:30+09:00
1167,4,yes,T4,primary,no,24.5,25.875,-1.375,False,False,327038,39502,729,"[14, 314]","[315, 707]",486,2026-08-11T14:01:31+09:00
1167,4,yes,T8,primary,no,24.375,25.75,-1.375,False,False,327038,39502,729,"[14, 314]","[315, 707]",490,2026-08-11T14:01:31+09:00
1167,4,yes,T12,primary,no,24.25,25.625,-1.375,False,False,327038,39502,729,"[14, 314]","[315, 707]",488,2026-08-11T14:01:32+09:00
1167,4,yes,T16,primary,no,24.0,25.125,-1.125,False,False,327038,39502,729,"[14, 314]","[315, 707]",492,2026-08-11T14:01:32+09:00
1167,4,yes,T20,primary,no,23.875,24.75,-0.875,False,False,327038,39502,729,"[14, 314]","[315, 707]",490,2026-08-11T14:01:33+09:00
1167,4,yes,T24,primary,no,23.625,24.625,-1.0,False,False,327038,39502,729,"[14, 314]","[315, 707]",488,2026-08-11T14:01:33+09:00
1167,4,yes,T0,primary,no,24.25,25.625,-1.375,False,False,327038,39502,729,"[14, 314]","[315, 707]",489,2026-08-11T14:01:34+09:00
1167,4,yes,Trel8,primary,no,24.625,25.75,-1.125,False,False,327038,39502,729,"[14, 314]","[315, 707]",490,2026-08-11T14:01:34+09:00
1047,4,yes,S,primary,yes,26.0,25.125,0.875,False,True,205206,275791,381,,,206,2026-08-11T14:01:35+09:00
1047,4,yes,M,primary,yes,26.0,24.75,1.25,False,True,205206,275791,729,"[14, 360]","[361, 707]",479,2026-08-11T14:01:35+09:00
1047,4,yes,T4,primary,yes,25.625,24.75,0.875,False,True,205206,275791,729,"[14, 360]","[361, 707]",480,2026-08-11T14:01:35+09:00
1047,4,yes,T8,primary,yes,25.5,24.75,0.75,False,True,205206,275791,729,"[14, 360]","[361, 707]",481,2026-08-11T14:01:36+09:00
1047,4,yes,T12,primary,yes,25.5,24.75,0.75,False,True,205206,275791,729,"[14, 360]","[361, 707]",481,2026-08-11T14:01:36+09:00
1047,4,yes,T16,primary,yes,25.75,24.75,1.0,False,True,205206,275791,729,"[14, 360]","[361, 707]",481,2026-08-11T14:01:37+09:00
1047,4,yes,T20,primary,yes,27.0,24.75,2.25,False,True,205206,275791,729,"[14, 360]","[361, 707]",482,2026-08-11T14:01:37+09:00
1047,4,yes,T24,primary,yes,26.125,24.875,1.25,False,True,205206,275791,729,"[14, 360]","[361, 707]",480,2026-08-11T14:01:38+09:00
1047,4,yes,T0,primary,yes,25.75,24.75,1.0,False,True,205206,275791,729,"[14, 360]","[361, 707]",479,2026-08-11T14:01:38+09:00
1047,4,yes,Trel8,primary,yes,28.5,25.375,3.125,False,True,205206,275791,729,"[14, 360]","[361, 707]",482,2026-08-11T14:01:39+09:00
2207,4,yes,S,primary,yes,27.625,24.625,3.0,False,True,23084,226967,271,,,134,2026-08-11T14:01:39+09:00
2207,4,yes,M,primary,yes,27.375,24.75,2.625,False,True,23084,226967,619,"[14, 249]","[250, 596]",377,2026-08-11T14:01:39+09:00
2207,4,yes,T4,primary,yes,27.75,24.75,3.0,False,True,23084,226967,619,"[14, 249]","[250, 596]",379,2026-08-11T14:01:40+09:00
2207,4,yes,T8,primary,yes,27.625,24.75,2.875,False,True,23084,226967,619,"[14, 249]","[250, 596]",381,2026-08-11T14:01:40+09:00
2207,4,yes,T12,primary,yes,27.25,24.375,2.875,False,True,23084,226967,619,"[14, 249]","[250, 596]",381,2026-08-11T14:01:41+09:00
2207,4,yes,T16,primary,yes,27.125,24.25,2.875,False,True,23084,226967,619,"[14, 249]","[250, 596]",381,2026-08-11T14:01:41+09:00
2207,4,yes,T20,primary,yes,27.125,24.5,2.625,False,True,23084,226967,619,"[14, 249]","[250, 596]",381,2026-08-11T14:01:41+09:00
2207,4,yes,T24,primary,yes,27.5,24.875,2.625,False,True,23084,226967,619,"[14, 249]","[250, 596]",380,2026-08-11T14:01:42+09:00
2207,4,yes,T0,primary,yes,27.5,24.75,2.75,False,True,23084,226967,619,"[14, 249]","[250, 596]",381,2026-08-11T14:01:42+09:00
2207,4,yes,Trel8,primary,yes,27.75,24.75,3.0,False,True,23084,226967,619,"[14, 249]","[250, 596]",377,2026-08-11T14:01:42+09:00
2453,4,yes,S,primary,yes,28.125,25.0,3.125,False,True,294475,226903,428,,,249,2026-08-11T14:01:43+09:00
2453,4,yes,M,primary,yes,27.375,24.75,2.625,False,True,294475,226903,822,"[14, 406]","[407, 799]",574,2026-08-11T14:01:43+09:00
2453,4,yes,T4,primary,yes,26.625,25.0,1.625,False,True,294475,226903,822,"[14, 406]","[407, 799]",574,2026-08-11T14:01:44+09:00
2453,4,yes,T8,primary,yes,26.5,24.875,1.625,False,True,294475,226903,822,"[14, 406]","[407, 799]",578,2026-08-11T14:01:44+09:00
2453,4,yes,T12,primary,yes,26.5,24.75,1.75,False,True,294475,226903,822,"[14, 406]","[407, 799]",578,2026-08-11T14:01:45+09:00
2453,4,yes,T16,primary,yes,26.625,24.875,1.75,False,True,294475,226903,822,"[14, 406]","[407, 799]",577,2026-08-11T14:01:46+09:00
2453,4,yes,T20,primary,yes,26.75,24.625,2.125,False,True,294475,226903,822,"[14, 406]","[407, 799]",578,2026-08-11T14:01:46+09:00
2453,4,yes,T24,primary,yes,27.75,24.875,2.875,False,True,294475,226903,822,"[14, 406]","[407, 799]",578,2026-08-11T14:01:47+09:00
2453,4,yes,T0,primary,yes,26.875,24.875,2.0,False,True,294475,226903,822,"[14, 406]","[407, 799]",580,2026-08-11T14:01:47+09:00
2453,4,yes,Trel8,primary,yes,26.0,25.125,0.875,False,True,294475,226903,822,"[14, 406]","[407, 799]",579,2026-08-11T14:01:48+09:00
1955,4,yes,S,primary,no,24.75,24.875,-0.125,False,False,572260,114504,427,,,248,2026-08-11T14:01:48+09:00
1955,4,yes,M,primary,no,23.875,24.25,-0.375,False,False,572260,114504,664,"[14, 406]","[407, 642]",430,2026-08-11T14:01:49+09:00
1955,4,yes,T4,primary,no,24.375,24.625,-0.25,False,False,572260,114504,664,"[14, 406]","[407, 642]",433,2026-08-11T14:01:49+09:00
1955,4,yes,T8,primary,no,24.25,24.5,-0.25,False,False,572260,114504,664,"[14, 406]","[407, 642]",434,2026-08-11T14:01:50+09:00
1955,4,yes,T12,primary,no,23.75,24.0,-0.25,False,False,572260,114504,664,"[14, 406]","[407, 642]",433,2026-08-11T14:01:50+09:00
1955,4,yes,T16,primary,no,23.25,23.625,-0.375,False,False,572260,114504,664,"[14, 406]","[407, 642]",433,2026-08-11T14:01:50+09:00
1955,4,yes,T20,primary,yes,23.875,23.75,0.125,False,True,572260,114504,664,"[14, 406]","[407, 642]",433,2026-08-11T14:01:51+09:00
1955,4,yes,T24,primary,no,23.875,24.125,-0.25,False,False,572260,114504,664,"[14, 406]","[407, 642]",433,2026-08-11T14:01:51+09:00
1955,4,yes,T0,primary,no,24.125,24.375,-0.25,False,False,572260,114504,664,"[14, 406]","[407, 642]",432,2026-08-11T14:01:52+09:00
1955,4,yes,Trel8,primary,yes,25.375,25.0,0.375,False,True,572260,114504,664,"[14, 406]","[407, 642]",431,2026-08-11T14:01:52+09:00
1537,4,yes,M,primary,yes,28.0,25.125,2.875,False,True,318209,191342,844,"[14, 406]","[407, 822]",589,2026-08-11T14:01:53+09:00
1537,4,yes,T4,primary,yes,27.75,25.25,2.5,False,True,318209,191342,844,"[14, 406]","[407, 822]",590,2026-08-11T14:01:53+09:00
1537,4,yes,T8,primary,yes,27.625,25.125,2.5,False,True,318209,191342,844,"[14, 406]","[407, 822]",594,2026-08-11T14:01:54+09:00
1537,4,yes,T12,primary,yes,27.625,25.0,2.625,False,True,318209,191342,844,"[14, 406]","[407, 822]",591,2026-08-11T14:01:55+09:00
1537,4,yes,T16,primary,yes,27.25,24.75,2.5,False,True,318209,191342,844,"[14, 406]","[407, 822]",587,2026-08-11T14:01:55+09:00
1537,4,yes,T20,primary,yes,27.0,24.75,2.25,False,True,318209,191342,844,"[14, 406]","[407, 822]",593,2026-08-11T14:01:56+09:00
1537,4,yes,T24,primary,yes,28.0,25.125,2.875,False,True,318209,191342,844,"[14, 406]","[407, 822]",591,2026-08-11T14:01:56+09:00
1537,4,yes,Trel8,primary,no,24.5,25.125,-0.625,False,False,318209,191342,844,"[14, 406]","[407, 822]",593,2026-08-11T14:01:57+09:00
377,4,yes,M,primary,yes,26.375,24.875,1.5,False,True,311327,432106,822,"[14, 406]","[407, 799]",575,2026-08-11T14:01:58+09:00
377,4,yes,T4,primary,no,25.25,26.0,-0.75,False,False,311327,432106,822,"[14, 406]","[407, 799]",575,2026-08-11T14:01:58+09:00
377,4,yes,T8,primary,no,25.125,26.0,-0.875,False,False,311327,432106,822,"[14, 406]","[407, 799]",579,2026-08-11T14:01:59+09:00
377,4,yes,T12,primary,no,25.25,26.0,-0.75,False,False,311327,432106,822,"[14, 406]","[407, 799]",579,2026-08-11T14:01:59+09:00
377,4,yes,T16,primary,no,25.25,25.25,0.0,True,False,311327,432106,822,"[14, 406]","[407, 799]",578,2026-08-11T14:02:00+09:00
377,4,yes,T20,primary,yes,26.5,24.5,2.0,False,True,311327,432106,822,"[14, 406]","[407, 799]",577,2026-08-11T14:02:00+09:00
377,4,yes,T24,primary,yes,26.375,24.875,1.5,False,True,311327,432106,822,"[14, 406]","[407, 799]",573,2026-08-11T14:02:01+09:00
377,4,yes,T0,primary,no,25.0,26.125,-1.125,False,False,311327,432106,822,"[14, 406]","[407, 799]",577,2026-08-11T14:02:02+09:00
377,4,yes,Trel8,primary,yes,26.75,24.0,2.75,False,True,311327,432106,822,"[14, 406]","[407, 799]",576,2026-08-11T14:02:02+09:00
2445,4,yes,S,primary,yes,27.875,24.875,3.0,False,True,238029,526536,428,,,248,2026-08-11T14:02:03+09:00
2445,4,yes,M,primary,yes,26.875,24.375,2.5,False,True,238029,526536,776,"[14, 406]","[407, 753]",522,2026-08-11T14:02:03+09:00
2445,4,yes,T4,primary,yes,28.125,25.125,3.0,False,True,238029,526536,776,"[14, 406]","[407, 753]",525,2026-08-11T14:02:04+09:00
2445,4,yes,T8,primary,yes,27.875,25.0,2.875,False,True,238029,526536,776,"[14, 406]","[407, 753]",525,2026-08-11T14:02:04+09:00
2445,4,yes,T12,primary,yes,27.5,24.75,2.75,False,True,238029,526536,776,"[14, 406]","[407, 753]",525,2026-08-11T14:02:05+09:00
2445,4,yes,T16,primary,yes,27.625,24.75,2.875,False,True,238029,526536,776,"[14, 406]","[407, 753]",525,2026-08-11T14:02:05+09:00
2445,4,yes,T20,primary,yes,27.375,24.75,2.625,False,True,238029,526536,776,"[14, 406]","[407, 753]",524,2026-08-11T14:02:06+09:00
2445,4,yes,T24,primary,yes,27.0,24.625,2.375,False,True,238029,526536,776,"[14, 406]","[407, 753]",526,2026-08-11T14:02:06+09:00
2445,4,yes,T0,primary,yes,27.875,25.0,2.875,False,True,238029,526536,776,"[14, 406]","[407, 753]",526,2026-08-11T14:02:07+09:00
2445,4,yes,Trel8,primary,yes,27.625,24.625,3.0,False,True,238029,526536,776,"[14, 406]","[407, 753]",526,2026-08-11T14:02:07+09:00
2955,4,yes,M,primary,no,24.375,24.875,-0.5,False,False,323752,383223,601,"[14, 360]","[361, 578]",357,2026-08-11T14:02:08+09:00
2955,4,yes,T4,primary,yes,25.375,24.5,0.875,False,True,323752,383223,601,"[14, 360]","[361, 578]",355,2026-08-11T14:02:08+09:00
2955,4,yes,T8,primary,yes,25.25,24.375,0.875,False,True,323752,383223,601,"[14, 360]","[361, 578]",357,2026-08-11T14:02:08+09:00
2955,4,yes,T12,primary,yes,25.125,24.125,1.0,False,True,323752,383223,601,"[14, 360]","[361, 578]",359,2026-08-11T14:02:09+09:00
2955,4,yes,T16,primary,yes,24.75,24.0,0.75,False,True,323752,383223,601,"[14, 360]","[361, 578]",357,2026-08-11T14:02:09+09:00
2955,4,yes,T20,primary,yes,24.25,24.125,0.125,False,True,323752,383223,601,"[14, 360]","[361, 578]",360,2026-08-11T14:02:09+09:00
2955,4,yes,T24,primary,no,24.125,24.5,-0.375,False,False,323752,383223,601,"[14, 360]","[361, 578]",358,2026-08-11T14:02:10+09:00
2955,4,yes,Trel8,primary,no,24.875,26.875,-2.0,False,False,323752,383223,601,"[14, 360]","[361, 578]",359,2026-08-11T14:02:10+09:00
947,4,yes,S,primary,yes,29.125,25.375,3.75,False,True,111817,70201,450,,,258,2026-08-11T14:02:10+09:00
947,4,yes,M,primary,yes,28.0,24.75,3.25,False,True,111817,70201,798,"[14, 429]","[430, 776]",539,2026-08-11T14:02:11+09:00
947,4,yes,T4,primary,yes,28.0,25.125,2.875,False,True,111817,70201,798,"[14, 429]","[430, 776]",541,2026-08-11T14:02:12+09:00
947,4,yes,T8,primary,yes,27.875,25.125,2.75,False,True,111817,70201,798,"[14, 429]","[430, 776]",540,2026-08-11T14:02:12+09:00
947,4,yes,T12,primary,yes,27.75,25.0,2.75,False,True,111817,70201,798,"[14, 429]","[430, 776]",541,2026-08-11T14:02:13+09:00
947,4,yes,T16,primary,yes,28.125,25.0,3.125,False,True,111817,70201,798,"[14, 429]","[430, 776]",542,2026-08-11T14:02:13+09:00
947,4,yes,T20,primary,yes,27.75,24.75,3.0,False,True,111817,70201,798,"[14, 429]","[430, 776]",541,2026-08-11T14:02:14+09:00
947,4,yes,T24,primary,yes,28.125,24.875,3.25,False,True,111817,70201,798,"[14, 429]","[430, 776]",538,2026-08-11T14:02:14+09:00
947,4,yes,T0,primary,yes,28.125,25.125,3.0,False,True,111817,70201,798,"[14, 429]","[430, 776]",537,2026-08-11T14:02:15+09:00
947,4,yes,Trel8,primary,yes,27.625,25.0,2.625,False,True,111817,70201,798,"[14, 429]","[430, 776]",541,2026-08-11T14:02:15+09:00
1173,4,yes,M,primary,yes,25.75,23.625,2.125,False,True,513136,387098,821,"[14, 406]","[407, 799]",573,2026-08-11T14:02:16+09:00
1173,4,yes,T4,primary,no,25.375,25.5,-0.125,False,False,513136,387098,821,"[14, 406]","[407, 799]",575,2026-08-11T14:02:17+09:00
1173,4,yes,T8,primary,no,25.125,25.25,-0.125,False,False,513136,387098,821,"[14, 406]","[407, 799]",578,2026-08-11T14:02:17+09:00
1173,4,yes,T12,primary,no,25.125,25.375,-0.25,False,False,513136,387098,821,"[14, 406]","[407, 799]",576,2026-08-11T14:02:18+09:00
1173,4,yes,T16,primary,no,24.625,24.625,0.0,True,False,513136,387098,821,"[14, 406]","[407, 799]",577,2026-08-11T14:02:18+09:00
1173,4,yes,T20,primary,no,25.0,25.25,-0.25,False,False,513136,387098,821,"[14, 406]","[407, 799]",577,2026-08-11T14:02:19+09:00
1173,4,yes,T24,primary,yes,26.0,24.25,1.75,False,True,513136,387098,821,"[14, 406]","[407, 799]",576,2026-08-11T14:02:19+09:00
1173,4,yes,Trel8,primary,yes,27.5,24.5,3.0,False,True,513136,387098,821,"[14, 406]","[407, 799]",576,2026-08-11T14:02:20+09:00
21,4,yes,M,primary,yes,26.0,24.75,1.25,False,True,211674,420120,754,"[14, 337]","[338, 730]",499,2026-08-11T14:02:21+09:00
21,4,yes,T4,primary,yes,25.0,24.875,0.125,False,True,211674,420120,754,"[14, 337]","[338, 730]",500,2026-08-11T14:02:21+09:00
21,4,yes,T8,primary,no,24.875,24.875,0.0,True,False,211674,420120,754,"[14, 337]","[338, 730]",501,2026-08-11T14:02:22+09:00
21,4,yes,T12,primary,no,24.875,25.0,-0.125,False,False,211674,420120,754,"[14, 337]","[338, 730]",501,2026-08-11T14:02:22+09:00
21,4,yes,T16,primary,yes,24.875,24.5,0.375,False,True,211674,420120,754,"[14, 337]","[338, 730]",504,2026-08-11T14:02:23+09:00
21,4,yes,T20,primary,yes,25.375,24.5,0.875,False,True,211674,420120,754,"[14, 337]","[338, 730]",502,2026-08-11T14:02:23+09:00
21,4,yes,T24,primary,yes,26.25,25.0,1.25,False,True,211674,420120,754,"[14, 337]","[338, 730]",500,2026-08-11T14:02:24+09:00
21,4,yes,T0,primary,yes,24.75,24.625,0.125,False,True,211674,420120,754,"[14, 337]","[338, 730]",503,2026-08-11T14:02:24+09:00
21,4,yes,Trel8,primary,yes,27.25,24.75,2.5,False,True,211674,420120,754,"[14, 337]","[338, 730]",503,2026-08-11T14:02:25+09:00
1571,4,yes,S,primary,yes,29.25,24.875,4.375,False,True,550691,559113,427,,,250,2026-08-11T14:02:25+09:00
1571,4,yes,M,primary,yes,28.25,25.0,3.25,False,True,550691,559113,775,"[14, 406]","[407, 753]",526,2026-08-11T14:02:25+09:00
1571,4,yes,T4,primary,yes,27.625,24.875,2.75,False,True,550691,559113,775,"[14, 406]","[407, 753]",527,2026-08-11T14:02:26+09:00
1571,4,yes,T8,primary,yes,27.5,24.75,2.75,False,True,550691,559113,775,"[14, 406]","[407, 753]",527,2026-08-11T14:02:26+09:00
1571,4,yes,T12,primary,yes,27.625,24.75,2.875,False,True,550691,559113,775,"[14, 406]","[407, 753]",526,2026-08-11T14:02:27+09:00
1571,4,yes,T16,primary,yes,27.5,24.625,2.875,False,True,550691,559113,775,"[14, 406]","[407, 753]",530,2026-08-11T14:02:27+09:00
1571,4,yes,T20,primary,yes,27.625,24.75,2.875,False,True,550691,559113,775,"[14, 406]","[407, 753]",527,2026-08-11T14:02:28+09:00
1571,4,yes,T24,primary,yes,28.75,25.125,3.625,False,True,550691,559113,775,"[14, 406]","[407, 753]",527,2026-08-11T14:02:29+09:00
1571,4,yes,T0,primary,yes,28.0,24.75,3.25,False,True,550691,559113,775,"[14, 406]","[407, 753]",527,2026-08-11T14:02:29+09:00
1571,4,yes,Trel8,primary,yes,27.375,25.0,2.375,False,True,550691,559113,775,"[14, 406]","[407, 753]",527,2026-08-11T14:02:30+09:00
2063,4,yes,S,primary,yes,26.875,25.375,1.5,False,True,262736,369751,381,,,204,2026-08-11T14:02:30+09:00
2063,4,yes,M,primary,yes,26.625,25.125,1.5,False,True,262736,369751,729,"[14, 360]","[361, 707]",477,2026-08-11T14:02:30+09:00
2063,4,yes,T4,primary,yes,26.375,25.0,1.375,False,True,262736,369751,729,"[14, 360]","[361, 707]",480,2026-08-11T14:02:31+09:00
2063,4,yes,T8,primary,yes,26.375,25.0,1.375,False,True,262736,369751,729,"[14, 360]","[361, 707]",482,2026-08-11T14:02:31+09:00
2063,4,yes,T12,primary,yes,26.375,25.125,1.25,False,True,262736,369751,729,"[14, 360]","[361, 707]",481,2026-08-11T14:02:32+09:00
2063,4,yes,T16,primary,yes,26.0,24.875,1.125,False,True,262736,369751,729,"[14, 360]","[361, 707]",479,2026-08-11T14:02:32+09:00
2063,4,yes,T20,primary,yes,26.375,25.25,1.125,False,True,262736,369751,729,"[14, 360]","[361, 707]",480,2026-08-11T14:02:33+09:00
2063,4,yes,T24,primary,yes,26.625,25.25,1.375,False,True,262736,369751,729,"[14, 360]","[361, 707]",480,2026-08-11T14:02:33+09:00
2063,4,yes,T0,primary,yes,26.375,25.0,1.375,False,True,262736,369751,729,"[14, 360]","[361, 707]",481,2026-08-11T14:02:34+09:00
2063,4,yes,Trel8,primary,yes,26.375,25.125,1.25,False,True,262736,369751,729,"[14, 360]","[361, 707]",481,2026-08-11T14:02:34+09:00
2513,4,yes,M,primary,yes,28.125,25.75,2.375,False,True,246928,512479,729,"[14, 360]","[361, 707]",476,2026-08-11T14:02:35+09:00
2513,4,yes,T4,primary,yes,28.125,25.375,2.75,False,True,246928,512479,729,"[14, 360]","[361, 707]",478,2026-08-11T14:02:35+09:00
2513,4,yes,T8,primary,yes,27.75,25.25,2.5,False,True,246928,512479,729,"[14, 360]","[361, 707]",481,2026-08-11T14:02:36+09:00
2513,4,yes,T12,primary,yes,27.75,25.25,2.5,False,True,246928,512479,729,"[14, 360]","[361, 707]",485,2026-08-11T14:02:36+09:00
2513,4,yes,T16,primary,yes,27.25,25.0,2.25,False,True,246928,512479,729,"[14, 360]","[361, 707]",483,2026-08-11T14:02:37+09:00
2513,4,yes,T20,primary,yes,27.625,25.25,2.375,False,True,246928,512479,729,"[14, 360]","[361, 707]",483,2026-08-11T14:02:37+09:00
2513,4,yes,T24,primary,yes,28.375,25.75,2.625,False,True,246928,512479,729,"[14, 360]","[361, 707]",483,2026-08-11T14:02:38+09:00
2513,4,yes,T0,primary,yes,28.625,25.5,3.125,False,True,246928,512479,729,"[14, 360]","[361, 707]",483,2026-08-11T14:02:38+09:00
2513,4,yes,Trel8,primary,yes,26.125,24.75,1.375,False,True,246928,512479,729,"[14, 360]","[361, 707]",483,2026-08-11T14:02:39+09:00
2669,4,yes,S,primary,yes,29.875,25.0,4.875,False,True,123570,248284,381,,,205,2026-08-11T14:02:39+09:00
2669,4,yes,M,primary,yes,26.375,24.625,1.75,False,True,123570,248284,729,"[14, 360]","[361, 707]",480,2026-08-11T14:02:39+09:00
2669,4,yes,T4,primary,yes,27.375,25.125,2.25,False,True,123570,248284,729,"[14, 360]","[361, 707]",480,2026-08-11T14:02:40+09:00
2669,4,yes,T8,primary,yes,27.0,24.875,2.125,False,True,123570,248284,729,"[14, 360]","[361, 707]",482,2026-08-11T14:02:40+09:00
2669,4,yes,T12,primary,yes,26.875,24.875,2.0,False,True,123570,248284,729,"[14, 360]","[361, 707]",483,2026-08-11T14:02:41+09:00
2669,4,yes,T16,primary,yes,27.125,24.625,2.5,False,True,123570,248284,729,"[14, 360]","[361, 707]",482,2026-08-11T14:02:41+09:00
2669,4,yes,T20,primary,yes,27.125,24.875,2.25,False,True,123570,248284,729,"[14, 360]","[361, 707]",482,2026-08-11T14:02:42+09:00
2669,4,yes,T24,primary,yes,26.5,24.75,1.75,False,True,123570,248284,729,"[14, 360]","[361, 707]",483,2026-08-11T14:02:42+09:00
2669,4,yes,T0,primary,yes,28.125,25.125,3.0,False,True,123570,248284,729,"[14, 360]","[361, 707]",482,2026-08-11T14:02:43+09:00
2669,4,yes,Trel8,primary,yes,25.5,24.875,0.625,False,True,123570,248284,729,"[14, 360]","[361, 707]",481,2026-08-11T14:02:43+09:00
751,4,yes,S,primary,yes,28.625,24.625,4.0,False,True,140983,14352,271,,,133,2026-08-11T14:02:43+09:00
751,4,yes,M,primary,yes,28.875,25.25,3.625,False,True,140983,14352,619,"[14, 249]","[250, 596]",377,2026-08-11T14:02:44+09:00
751,4,yes,T4,primary,yes,27.625,25.125,2.5,False,True,140983,14352,619,"[14, 249]","[250, 596]",379,2026-08-11T14:02:44+09:00
751,4,yes,T8,primary,yes,27.375,25.0,2.375,False,True,140983,14352,619,"[14, 249]","[250, 596]",380,2026-08-11T14:02:44+09:00
751,4,yes,T12,primary,yes,27.25,24.875,2.375,False,True,140983,14352,619,"[14, 249]","[250, 596]",381,2026-08-11T14:02:45+09:00
751,4,yes,T16,primary,yes,27.375,24.75,2.625,False,True,140983,14352,619,"[14, 249]","[250, 596]",381,2026-08-11T14:02:45+09:00
751,4,yes,T20,primary,yes,28.125,25.0,3.125,False,True,140983,14352,619,"[14, 249]","[250, 596]",379,2026-08-11T14:02:46+09:00
751,4,yes,T24,primary,yes,29.25,25.5,3.75,False,True,140983,14352,619,"[14, 249]","[250, 596]",379,2026-08-11T14:02:46+09:00
751,4,yes,T0,primary,yes,28.0,25.0,3.0,False,True,140983,14352,619,"[14, 249]","[250, 596]",377,2026-08-11T14:02:46+09:00
751,4,yes,Trel8,primary,no,24.625,27.0,-2.375,False,False,140983,14352,619,"[14, 249]","[250, 596]",379,2026-08-11T14:02:47+09:00
733,4,yes,S,primary,yes,26.375,24.875,1.5,False,True,113701,146112,427,,,246,2026-08-11T14:02:47+09:00
733,4,yes,M,primary,yes,24.75,24.125,0.625,False,True,113701,146112,664,"[14, 406]","[407, 642]",428,2026-08-11T14:02:48+09:00
733,4,yes,T4,primary,yes,25.875,24.625,1.25,False,True,113701,146112,664,"[14, 406]","[407, 642]",433,2026-08-11T14:02:48+09:00
733,4,yes,T8,primary,yes,25.5,24.25,1.25,False,True,113701,146112,664,"[14, 406]","[407, 642]",434,2026-08-11T14:02:48+09:00
733,4,yes,T12,primary,yes,25.375,24.25,1.125,False,True,113701,146112,664,"[14, 406]","[407, 642]",436,2026-08-11T14:02:49+09:00
733,4,yes,T16,primary,yes,25.0,24.25,0.75,False,True,113701,146112,664,"[14, 406]","[407, 642]",436,2026-08-11T14:02:49+09:00
733,4,yes,T20,primary,yes,24.625,23.75,0.875,False,True,113701,146112,664,"[14, 406]","[407, 642]",434,2026-08-11T14:02:50+09:00
733,4,yes,T24,primary,yes,24.75,24.0,0.75,False,True,113701,146112,664,"[14, 406]","[407, 642]",432,2026-08-11T14:02:50+09:00
733,4,yes,T0,primary,yes,25.75,24.5,1.25,False,True,113701,146112,664,"[14, 406]","[407, 642]",433,2026-08-11T14:02:51+09:00
733,4,yes,Trel8,primary,no,25.125,25.375,-0.25,False,False,113701,146112,664,"[14, 406]","[407, 642]",434,2026-08-11T14:02:51+09:00
1949,4,yes,M,primary,yes,26.625,24.25,2.375,False,True,384970,343643,646,"[14, 231]","[232, 624]",415,2026-08-11T14:02:51+09:00
1949,4,yes,T4,primary,yes,27.0,25.125,1.875,False,True,384970,343643,646,"[14, 231]","[232, 624]",414,2026-08-11T14:02:52+09:00
1949,4,yes,T8,primary,yes,26.75,24.875,1.875,False,True,384970,343643,646,"[14, 231]","[232, 624]",414,2026-08-11T14:02:52+09:00
1949,4,yes,T12,primary,yes,26.875,24.75,2.125,False,True,384970,343643,646,"[14, 231]","[232, 624]",416,2026-08-11T14:02:53+09:00
1949,4,yes,T16,primary,yes,26.5,24.25,2.25,False,True,384970,343643,646,"[14, 231]","[232, 624]",416,2026-08-11T14:02:53+09:00
1949,4,yes,T20,primary,yes,26.5,24.375,2.125,False,True,384970,343643,646,"[14, 231]","[232, 624]",417,2026-08-11T14:02:54+09:00
1949,4,yes,T24,primary,yes,27.125,24.5,2.625,False,True,384970,343643,646,"[14, 231]","[232, 624]",416,2026-08-11T14:02:54+09:00
1949,4,yes,T0,primary,yes,26.875,25.125,1.75,False,True,384970,343643,646,"[14, 231]","[232, 624]",417,2026-08-11T14:02:54+09:00
1949,4,yes,Trel8,primary,yes,25.875,23.75,2.125,False,True,384970,343643,646,"[14, 231]","[232, 624]",418,2026-08-11T14:02:55+09:00
685,4,yes,M,primary,yes,26.25,24.375,1.875,False,True,69196,198530,844,"[14, 429]","[430, 822]",589,2026-08-11T14:02:55+09:00
685,4,yes,T4,primary,yes,26.375,24.75,1.625,False,True,69196,198530,844,"[14, 429]","[430, 822]",590,2026-08-11T14:02:56+09:00
685,4,yes,T8,primary,yes,26.125,24.625,1.5,False,True,69196,198530,844,"[14, 429]","[430, 822]",592,2026-08-11T14:02:57+09:00
685,4,yes,T12,primary,yes,26.5,24.75,1.75,False,True,69196,198530,844,"[14, 429]","[430, 822]",589,2026-08-11T14:02:57+09:00
685,4,yes,T16,primary,yes,26.25,24.25,2.0,False,True,69196,198530,844,"[14, 429]","[430, 822]",590,2026-08-11T14:02:58+09:00
685,4,yes,T20,primary,yes,26.625,24.5,2.125,False,True,69196,198530,844,"[14, 429]","[430, 822]",594,2026-08-11T14:02:58+09:00
685,4,yes,T24,primary,yes,26.625,24.5,2.125,False,True,69196,198530,844,"[14, 429]","[430, 822]",588,2026-08-11T14:02:59+09:00
685,4,yes,Trel8,primary,yes,25.75,24.625,1.125,False,True,69196,198530,844,"[14, 429]","[430, 822]",587,2026-08-11T14:03:00+09:00
2189,4,yes,M,primary,no,24.625,25.0,-0.375,False,False,332908,511430,775,"[14, 406]","[407, 753]",521,2026-08-11T14:03:00+09:00
2189,4,yes,T4,primary,no,24.75,26.25,-1.5,False,False,332908,511430,775,"[14, 406]","[407, 753]",523,2026-08-11T14:03:01+09:00
2189,4,yes,T8,primary,no,24.75,26.375,-1.625,False,False,332908,511430,775,"[14, 406]","[407, 753]",527,2026-08-11T14:03:01+09:00
2189,4,yes,T12,primary,no,24.75,26.375,-1.625,False,False,332908,511430,775,"[14, 406]","[407, 753]",525,2026-08-11T14:03:02+09:00
2189,4,yes,T16,primary,no,24.5,26.375,-1.875,False,False,332908,511430,775,"[14, 406]","[407, 753]",525,2026-08-11T14:03:02+09:00
2189,4,yes,T20,primary,no,24.375,25.25,-0.875,False,False,332908,511430,775,"[14, 406]","[407, 753]",528,2026-08-11T14:03:03+09:00
2189,4,yes,T24,primary,no,24.875,25.25,-0.375,False,False,332908,511430,775,"[14, 406]","[407, 753]",525,2026-08-11T14:03:03+09:00
2189,4,yes,Trel8,primary,yes,25.5,24.125,1.375,False,True,332908,511430,775,"[14, 406]","[407, 753]",522,2026-08-11T14:03:04+09:00
2009,4,yes,S,primary,yes,27.375,24.375,3.0,False,True,263594,178331,288,,,138,2026-08-11T14:03:04+09:00
2009,4,yes,M,primary,yes,28.125,24.625,3.5,False,True,263594,178331,682,"[14, 267]","[268, 660]",445,2026-08-11T14:03:04+09:00
2009,4,yes,T4,primary,yes,27.125,25.125,2.0,False,True,263594,178331,682,"[14, 267]","[268, 660]",446,2026-08-11T14:03:05+09:00
2009,4,yes,T8,primary,yes,27.125,25.125,2.0,False,True,263594,178331,682,"[14, 267]","[268, 660]",447,2026-08-11T14:03:05+09:00
2009,4,yes,T12,primary,yes,27.0,24.875,2.125,False,True,263594,178331,682,"[14, 267]","[268, 660]",446,2026-08-11T14:03:06+09:00
2009,4,yes,T16,primary,yes,26.625,24.625,2.0,False,True,263594,178331,682,"[14, 267]","[268, 660]",446,2026-08-11T14:03:06+09:00
2009,4,yes,T20,primary,yes,27.375,24.625,2.75,False,True,263594,178331,682,"[14, 267]","[268, 660]",448,2026-08-11T14:03:07+09:00
2009,4,yes,T24,primary,yes,28.5,24.875,3.625,False,True,263594,178331,682,"[14, 267]","[268, 660]",448,2026-08-11T14:03:07+09:00
2009,4,yes,T0,primary,yes,27.125,25.125,2.0,False,True,263594,178331,682,"[14, 267]","[268, 660]",450,2026-08-11T14:03:08+09:00
2009,4,yes,Trel8,primary,yes,26.75,24.75,2.0,False,True,263594,178331,682,"[14, 267]","[268, 660]",449,2026-08-11T14:03:08+09:00
225,4,yes,M,primary,no,25.125,26.0,-0.875,False,False,360600,465346,959,"[14, 406]","[407, 937]",703,2026-08-11T14:03:09+09:00
225,4,yes,T4,primary,no,25.125,26.375,-1.25,False,False,360600,465346,959,"[14, 406]","[407, 937]",704,2026-08-11T14:03:09+09:00
225,4,yes,T8,primary,no,25.125,26.5,-1.375,False,False,360600,465346,959,"[14, 406]","[407, 937]",707,2026-08-11T14:03:10+09:00
225,4,yes,T12,primary,no,25.0,26.375,-1.375,False,False,360600,465346,959,"[14, 406]","[407, 937]",707,2026-08-11T14:03:11+09:00
225,4,yes,T16,primary,no,24.75,26.25,-1.5,False,False,360600,465346,959,"[14, 406]","[407, 937]",706,2026-08-11T14:03:12+09:00
225,4,yes,T20,primary,no,24.875,25.5,-0.625,False,False,360600,465346,959,"[14, 406]","[407, 937]",709,2026-08-11T14:03:12+09:00
225,4,yes,T24,primary,no,25.25,26.125,-0.875,False,False,360600,465346,959,"[14, 406]","[407, 937]",703,2026-08-11T14:03:13+09:00
225,4,yes,Trel8,primary,no,25.375,25.375,0.0,True,False,360600,465346,959,"[14, 406]","[407, 937]",704,2026-08-11T14:03:14+09:00
2347,4,yes,M,primary,yes,28.375,24.5,3.875,False,True,477598,288579,600,"[14, 231]","[232, 578]",356,2026-08-11T14:03:14+09:00
2347,4,yes,T4,primary,yes,27.5,25.125,2.375,False,True,477598,288579,600,"[14, 231]","[232, 578]",356,2026-08-11T14:03:14+09:00
2347,4,yes,T8,primary,yes,27.5,25.0,2.5,False,True,477598,288579,600,"[14, 231]","[232, 578]",357,2026-08-11T14:03:15+09:00
2347,4,yes,T12,primary,yes,27.5,24.75,2.75,False,True,477598,288579,600,"[14, 231]","[232, 578]",358,2026-08-11T14:03:15+09:00
2347,4,yes,T16,primary,yes,27.5,24.625,2.875,False,True,477598,288579,600,"[14, 231]","[232, 578]",357,2026-08-11T14:03:16+09:00
2347,4,yes,T20,primary,yes,27.5,24.75,2.75,False,True,477598,288579,600,"[14, 231]","[232, 578]",358,2026-08-11T14:03:16+09:00
2347,4,yes,T24,primary,yes,29.125,25.0,4.125,False,True,477598,288579,600,"[14, 231]","[232, 578]",358,2026-08-11T14:03:16+09:00
2347,4,yes,Trel8,primary,yes,27.0,24.875,2.125,False,True,477598,288579,600,"[14, 231]","[232, 578]",357,2026-08-11T14:03:17+09:00
2589,4,yes,S,primary,no,24.875,27.5,-2.625,False,False,142056,213403,382,,,206,2026-08-11T14:03:17+09:00
2589,4,yes,M,primary,no,25.125,26.75,-1.625,False,False,142056,213403,730,"[14, 360]","[361, 707]",479,2026-08-11T14:03:17+09:00
2589,4,yes,T4,primary,no,25.25,27.0,-1.75,False,False,142056,213403,730,"[14, 360]","[361, 707]",477,2026-08-11T14:03:18+09:00
2589,4,yes,T8,primary,no,24.875,26.75,-1.875,False,False,142056,213403,730,"[14, 360]","[361, 707]",481,2026-08-11T14:03:18+09:00
2589,4,yes,T12,primary,no,25.0,26.875,-1.875,False,False,142056,213403,730,"[14, 360]","[361, 707]",482,2026-08-11T14:03:19+09:00
2589,4,yes,T16,primary,no,24.875,26.125,-1.25,False,False,142056,213403,730,"[14, 360]","[361, 707]",479,2026-08-11T14:03:19+09:00
2589,4,yes,T20,primary,no,25.25,26.0,-0.75,False,False,142056,213403,730,"[14, 360]","[361, 707]",479,2026-08-11T14:03:20+09:00
2589,4,yes,T24,primary,no,25.0,26.75,-1.75,False,False,142056,213403,730,"[14, 360]","[361, 707]",481,2026-08-11T14:03:20+09:00
2589,4,yes,T0,primary,no,25.0,27.0,-2.0,False,False,142056,213403,730,"[14, 360]","[361, 707]",481,2026-08-11T14:03:21+09:00
2589,4,yes,Trel8,primary,yes,26.625,25.0,1.625,False,True,142056,213403,730,"[14, 360]","[361, 707]",482,2026-08-11T14:03:21+09:00
215,4,yes,M,primary,no,24.25,25.625,-1.375,False,False,170517,105647,582,"[14, 213]","[214, 560]",347,2026-08-11T14:03:22+09:00
215,4,yes,T4,primary,no,25.5,26.0,-0.5,False,False,170517,105647,582,"[14, 213]","[214, 560]",347,2026-08-11T14:03:22+09:00
215,4,yes,T8,primary,no,25.25,25.875,-0.625,False,False,170517,105647,582,"[14, 213]","[214, 560]",349,2026-08-11T14:03:22+09:00
215,4,yes,T12,primary,no,25.125,26.0,-0.875,False,False,170517,105647,582,"[14, 213]","[214, 560]",350,2026-08-11T14:03:23+09:00
215,4,yes,T16,primary,no,24.625,25.875,-1.25,False,False,170517,105647,582,"[14, 213]","[214, 560]",351,2026-08-11T14:03:23+09:00
215,4,yes,T20,primary,no,24.375,25.375,-1.0,False,False,170517,105647,582,"[14, 213]","[214, 560]",350,2026-08-11T14:03:23+09:00
215,4,yes,T24,primary,no,24.375,25.875,-1.5,False,False,170517,105647,582,"[14, 213]","[214, 560]",347,2026-08-11T14:03:24+09:00
215,4,yes,T0,primary,no,25.5,25.875,-0.375,False,False,170517,105647,582,"[14, 213]","[214, 560]",346,2026-08-11T14:03:24+09:00
215,4,yes,Trel8,primary,no,24.75,25.375,-0.625,False,False,170517,105647,582,"[14, 213]","[214, 560]",348,2026-08-11T14:03:24+09:00
2539,4,yes,S,primary,yes,27.25,24.875,2.375,False,True,462805,249672,428,,,249,2026-08-11T14:03:25+09:00
2539,4,yes,M,primary,yes,28.125,25.125,3.0,False,True,462805,249672,753,"[14, 406]","[407, 730]",501,2026-08-11T14:03:25+09:00
2539,4,yes,T4,primary,yes,27.375,25.0,2.375,False,True,462805,249672,753,"[14, 406]","[407, 730]",503,2026-08-11T14:03:26+09:00
2539,4,yes,T8,primary,yes,27.25,24.875,2.375,False,True,462805,249672,753,"[14, 406]","[407, 730]",501,2026-08-11T14:03:26+09:00
2539,4,yes,T12,primary,yes,27.375,24.875,2.5,False,True,462805,249672,753,"[14, 406]","[407, 730]",502,2026-08-11T14:03:27+09:00
2539,4,yes,T16,primary,yes,27.125,24.75,2.375,False,True,462805,249672,753,"[14, 406]","[407, 730]",504,2026-08-11T14:03:27+09:00
2539,4,yes,T20,primary,yes,27.875,25.125,2.75,False,True,462805,249672,753,"[14, 406]","[407, 730]",504,2026-08-11T14:03:28+09:00
2539,4,yes,T24,primary,yes,28.25,25.25,3.0,False,True,462805,249672,753,"[14, 406]","[407, 730]",505,2026-08-11T14:03:28+09:00
2539,4,yes,T0,primary,yes,27.0,24.625,2.375,False,True,462805,249672,753,"[14, 406]","[407, 730]",505,2026-08-11T14:03:29+09:00
2539,4,yes,Trel8,primary,yes,26.875,24.875,2.0,False,True,462805,249672,753,"[14, 406]","[407, 730]",504,2026-08-11T14:03:29+09:00
1697,4,yes,S,primary,no,24.25,27.0,-2.75,False,False,348524,477534,382,,,206,2026-08-11T14:03:29+09:00
1697,4,yes,M,primary,no,24.375,24.75,-0.375,False,False,348524,477534,592,"[14, 360]","[361, 569]",356,2026-08-11T14:03:30+09:00
1697,4,yes,T4,primary,no,24.5,26.375,-1.875,False,False,348524,477534,592,"[14, 360]","[361, 569]",357,2026-08-11T14:03:30+09:00
1697,4,yes,T8,primary,no,24.375,26.5,-2.125,False,False,348524,477534,592,"[14, 360]","[361, 569]",357,2026-08-11T14:03:31+09:00
1697,4,yes,T12,primary,no,24.375,26.5,-2.125,False,False,348524,477534,592,"[14, 360]","[361, 569]",358,2026-08-11T14:03:31+09:00
1697,4,yes,T16,primary,no,24.0,25.875,-1.875,False,False,348524,477534,592,"[14, 360]","[361, 569]",359,2026-08-11T14:03:31+09:00
1697,4,yes,T20,primary,no,23.875,24.375,-0.5,False,False,348524,477534,592,"[14, 360]","[361, 569]",358,2026-08-11T14:03:32+09:00
1697,4,yes,T24,primary,no,24.375,24.75,-0.375,False,False,348524,477534,592,"[14, 360]","[361, 569]",360,2026-08-11T14:03:32+09:00
1697,4,yes,T0,primary,no,24.25,26.25,-2.0,False,False,348524,477534,592,"[14, 360]","[361, 569]",359,2026-08-11T14:03:32+09:00
1697,4,yes,Trel8,primary,yes,26.75,24.625,2.125,False,True,348524,477534,592,"[14, 360]","[361, 569]",356,2026-08-11T14:03:33+09:00
663,4,yes,S,primary,yes,28.125,25.125,3.0,False,True,245642,319607,427,,,250,2026-08-11T14:03:33+09:00
663,4,yes,M,primary,yes,25.125,25.0,0.125,False,True,245642,319607,959,"[14, 406]","[407, 937]",706,2026-08-11T14:03:34+09:00
663,4,yes,T4,primary,yes,26.5,24.75,1.75,False,True,245642,319607,959,"[14, 406]","[407, 937]",708,2026-08-11T14:03:34+09:00
663,4,yes,T8,primary,yes,26.0,24.5,1.5,False,True,245642,319607,959,"[14, 406]","[407, 937]",705,2026-08-11T14:03:35+09:00
663,4,yes,T12,primary,yes,26.125,24.625,1.5,False,True,245642,319607,959,"[14, 406]","[407, 937]",705,2026-08-11T14:03:36+09:00
663,4,yes,T16,primary,yes,25.625,24.25,1.375,False,True,245642,319607,959,"[14, 406]","[407, 937]",708,2026-08-11T14:03:37+09:00
663,4,yes,T20,primary,yes,25.875,24.5,1.375,False,True,245642,319607,959,"[14, 406]","[407, 937]",706,2026-08-11T14:03:37+09:00
663,4,yes,T24,primary,yes,25.125,25.0,0.125,False,True,245642,319607,959,"[14, 406]","[407, 937]",706,2026-08-11T14:03:38+09:00
663,4,yes,T0,primary,yes,27.0,24.75,2.25,False,True,245642,319607,959,"[14, 406]","[407, 937]",709,2026-08-11T14:03:39+09:00
663,4,yes,Trel8,primary,yes,27.5,24.75,2.75,False,True,245642,319607,959,"[14, 406]","[407, 937]",708,2026-08-11T14:03:39+09:00
399,4,yes,M,primary,yes,27.0,25.125,1.875,False,True,21645,51540,618,"[14, 249]","[250, 596]",378,2026-08-11T14:03:40+09:00
399,4,yes,T4,primary,no,25.5,27.0,-1.5,False,False,21645,51540,618,"[14, 249]","[250, 596]",378,2026-08-11T14:03:40+09:00
399,4,yes,T8,primary,no,25.25,27.0,-1.75,False,False,21645,51540,618,"[14, 249]","[250, 596]",379,2026-08-11T14:03:41+09:00
399,4,yes,T12,primary,no,25.125,27.0,-1.875,False,False,21645,51540,618,"[14, 249]","[250, 596]",382,2026-08-11T14:03:41+09:00
399,4,yes,T16,primary,no,24.75,27.0,-2.25,False,False,21645,51540,618,"[14, 249]","[250, 596]",382,2026-08-11T14:03:41+09:00
399,4,yes,T20,primary,no,24.875,25.875,-1.0,False,False,21645,51540,618,"[14, 249]","[250, 596]",381,2026-08-11T14:03:42+09:00
399,4,yes,T24,primary,yes,26.875,25.375,1.5,False,True,21645,51540,618,"[14, 249]","[250, 596]",381,2026-08-11T14:03:42+09:00
399,4,yes,T0,primary,no,25.125,27.125,-2.0,False,False,21645,51540,618,"[14, 249]","[250, 596]",383,2026-08-11T14:03:42+09:00
399,4,yes,Trel8,primary,yes,27.75,25.375,2.375,False,True,21645,51540,618,"[14, 249]","[250, 596]",382,2026-08-11T14:03:43+09:00
2191,4,yes,S,primary,yes,28.0,24.125,3.875,False,True,372819,269344,381,,,207,2026-08-11T14:03:43+09:00
2191,4,yes,M,primary,yes,27.375,24.25,3.125,False,True,372819,269344,729,"[14, 360]","[361, 707]",481,2026-08-11T14:03:44+09:00
2191,4,yes,T4,primary,yes,27.75,24.875,2.875,False,True,372819,269344,729,"[14, 360]","[361, 707]",480,2026-08-11T14:03:44+09:00
2191,4,yes,T8,primary,yes,27.5,24.875,2.625,False,True,372819,269344,729,"[14, 360]","[361, 707]",484,2026-08-11T14:03:45+09:00
2191,4,yes,T12,primary,yes,27.625,24.75,2.875,False,True,372819,269344,729,"[14, 360]","[361, 707]",483,2026-08-11T14:03:45+09:00
2191,4,yes,T16,primary,yes,27.5,24.75,2.75,False,True,372819,269344,729,"[14, 360]","[361, 707]",482,2026-08-11T14:03:46+09:00
2191,4,yes,T20,primary,yes,27.25,24.625,2.625,False,True,372819,269344,729,"[14, 360]","[361, 707]",483,2026-08-11T14:03:46+09:00
2191,4,yes,T24,primary,yes,27.5,24.5,3.0,False,True,372819,269344,729,"[14, 360]","[361, 707]",482,2026-08-11T14:03:47+09:00
2191,4,yes,T0,primary,yes,27.75,24.5,3.25,False,True,372819,269344,729,"[14, 360]","[361, 707]",483,2026-08-11T14:03:47+09:00
2191,4,yes,Trel8,primary,yes,27.375,25.0,2.375,False,True,372819,269344,729,"[14, 360]","[361, 707]",484,2026-08-11T14:03:47+09:00
1065,4,yes,M,primary,no,24.875,25.5,-0.625,False,False,278771,363831,753,"[14, 406]","[407, 730]",502,2026-08-11T14:03:48+09:00
1065,4,yes,T4,primary,no,25.25,26.5,-1.25,False,False,278771,363831,753,"[14, 406]","[407, 730]",501,2026-08-11T14:03:49+09:00
1065,4,yes,T8,primary,no,25.0,26.375,-1.375,False,False,278771,363831,753,"[14, 406]","[407, 730]",504,2026-08-11T14:03:49+09:00
1065,4,yes,T12,primary,no,25.125,26.625,-1.5,False,False,278771,363831,753,"[14, 406]","[407, 730]",505,2026-08-11T14:03:50+09:00
1065,4,yes,T16,primary,no,24.75,26.375,-1.625,False,False,278771,363831,753,"[14, 406]","[407, 730]",505,2026-08-11T14:03:50+09:00
1065,4,yes,T20,primary,no,24.75,26.125,-1.375,False,False,278771,363831,753,"[14, 406]","[407, 730]",505,2026-08-11T14:03:51+09:00
1065,4,yes,T24,primary,no,24.875,25.625,-0.75,False,False,278771,363831,753,"[14, 406]","[407, 730]",502,2026-08-11T14:03:51+09:00
1065,4,yes,T0,primary,no,25.0,26.625,-1.625,False,False,278771,363831,753,"[14, 406]","[407, 730]",502,2026-08-11T14:03:52+09:00
1065,4,yes,Trel8,primary,yes,25.0,24.625,0.375,False,True,278771,363831,753,"[14, 406]","[407, 730]",506,2026-08-11T14:03:52+09:00
1247,4,yes,S,primary,yes,25.75,25.25,0.5,False,True,383185,215213,252,,,123,2026-08-11T14:03:52+09:00
1247,4,yes,M,primary,no,24.0,24.125,-0.125,False,False,383185,215213,554,"[14, 231]","[232, 532]",333,2026-08-11T14:03:53+09:00
1247,4,yes,T4,primary,no,25.125,25.5,-0.375,False,False,383185,215213,554,"[14, 231]","[232, 532]",332,2026-08-11T14:03:53+09:00
1247,4,yes,T8,primary,no,25.0,25.5,-0.5,False,False,383185,215213,554,"[14, 231]","[232, 532]",332,2026-08-11T14:03:53+09:00
1247,4,yes,T12,primary,no,24.875,25.125,-0.25,False,False,383185,215213,554,"[14, 231]","[232, 532]",335,2026-08-11T14:03:54+09:00
1247,4,yes,T16,primary,no,24.125,24.5,-0.375,False,False,383185,215213,554,"[14, 231]","[232, 532]",334,2026-08-11T14:03:54+09:00
1247,4,yes,T20,primary,no,24.0,24.5,-0.5,False,False,383185,215213,554,"[14, 231]","[232, 532]",335,2026-08-11T14:03:54+09:00
1247,4,yes,T24,primary,no,23.875,23.875,0.0,True,False,383185,215213,554,"[14, 231]","[232, 532]",333,2026-08-11T14:03:55+09:00
1247,4,yes,T0,primary,no,25.25,25.625,-0.375,False,False,383185,215213,554,"[14, 231]","[232, 532]",334,2026-08-11T14:03:55+09:00
1247,4,yes,Trel8,primary,no,24.625,25.375,-0.75,False,False,383185,215213,554,"[14, 231]","[232, 532]",332,2026-08-11T14:03:55+09:00
855,4,yes,M,primary,no,25.0,26.625,-1.625,False,False,270609,33835,776,"[14, 360]","[361, 753]",525,2026-08-11T14:03:56+09:00
855,4,yes,T4,primary,yes,25.625,24.875,0.75,False,True,270609,33835,776,"[14, 360]","[361, 753]",526,2026-08-11T14:03:56+09:00
855,4,yes,T8,primary,yes,25.625,24.875,0.75,False,True,270609,33835,776,"[14, 360]","[361, 753]",526,2026-08-11T14:03:57+09:00
855,4,yes,T12,primary,yes,25.25,24.75,0.5,False,True,270609,33835,776,"[14, 360]","[361, 753]",524,2026-08-11T14:03:57+09:00
855,4,yes,T16,primary,no,25.0,25.0,0.0,True,False,270609,33835,776,"[14, 360]","[361, 753]",526,2026-08-11T14:03:58+09:00
855,4,yes,T20,primary,no,25.0,26.0,-1.0,False,False,270609,33835,776,"[14, 360]","[361, 753]",528,2026-08-11T14:03:58+09:00
855,4,yes,T24,primary,no,25.125,26.625,-1.5,False,False,270609,33835,776,"[14, 360]","[361, 753]",528,2026-08-11T14:03:59+09:00
855,4,yes,T0,primary,yes,26.0,24.875,1.125,False,True,270609,33835,776,"[14, 360]","[361, 753]",527,2026-08-11T14:03:59+09:00
855,4,yes,Trel8,primary,no,25.125,28.25,-3.125,False,False,270609,33835,776,"[14, 360]","[361, 753]",526,2026-08-11T14:04:00+09:00
1825,4,yes,M,primary,yes,26.875,24.875,2.0,False,True,198397,546569,724,"[14, 309]","[310, 702]",482,2026-08-11T14:04:01+09:00
1825,4,yes,T4,primary,yes,26.875,25.0,1.875,False,True,198397,546569,724,"[14, 309]","[310, 702]",482,2026-08-11T14:04:01+09:00
1825,4,yes,T8,primary,yes,26.75,25.0,1.75,False,True,198397,546569,724,"[14, 309]","[310, 702]",485,2026-08-11T14:04:02+09:00
1825,4,yes,T12,primary,yes,26.625,24.75,1.875,False,True,198397,546569,724,"[14, 309]","[310, 702]",485,2026-08-11T14:04:02+09:00
1825,4,yes,T16,primary,yes,25.75,24.875,0.875,False,True,198397,546569,724,"[14, 309]","[310, 702]",483,2026-08-11T14:04:02+09:00
1825,4,yes,T20,primary,yes,26.375,24.75,1.625,False,True,198397,546569,724,"[14, 309]","[310, 702]",483,2026-08-11T14:04:03+09:00
1825,4,yes,T24,primary,yes,27.0,25.0,2.0,False,True,198397,546569,724,"[14, 309]","[310, 702]",487,2026-08-11T14:04:03+09:00
1825,4,yes,Trel8,primary,yes,27.5,24.875,2.625,False,True,198397,546569,724,"[14, 309]","[310, 702]",486,2026-08-11T14:04:04+09:00
2027,4,yes,M,primary,no,25.0,27.5,-2.5,False,False,91954,176037,775,"[14, 406]","[407, 753]",525,2026-08-11T14:04:04+09:00
2027,4,yes,T4,primary,no,25.5,25.875,-0.375,False,False,91954,176037,775,"[14, 406]","[407, 753]",526,2026-08-11T14:04:05+09:00
2027,4,yes,T8,primary,no,25.25,25.875,-0.625,False,False,91954,176037,775,"[14, 406]","[407, 753]",529,2026-08-11T14:04:06+09:00
2027,4,yes,T12,primary,no,25.125,26.75,-1.625,False,False,91954,176037,775,"[14, 406]","[407, 753]",531,2026-08-11T14:04:06+09:00
2027,4,yes,T16,primary,no,25.0,27.125,-2.125,False,False,91954,176037,775,"[14, 406]","[407, 753]",526,2026-08-11T14:04:07+09:00
2027,4,yes,T20,primary,no,24.625,26.75,-2.125,False,False,91954,176037,775,"[14, 406]","[407, 753]",526,2026-08-11T14:04:07+09:00
2027,4,yes,T24,primary,no,25.0,27.625,-2.625,False,False,91954,176037,775,"[14, 406]","[407, 753]",527,2026-08-11T14:04:08+09:00
2027,4,yes,T0,primary,no,25.375,25.875,-0.5,False,False,91954,176037,775,"[14, 406]","[407, 753]",529,2026-08-11T14:04:08+09:00
2027,4,yes,Trel8,primary,no,24.875,25.25,-0.375,False,False,91954,176037,775,"[14, 406]","[407, 753]",528,2026-08-11T14:04:09+09:00
1869,4,yes,M,primary,yes,26.0,24.375,1.625,False,True,304387,542938,730,"[14, 360]","[361, 707]",479,2026-08-11T14:04:09+09:00
1869,4,yes,T4,primary,yes,25.625,25.125,0.5,False,True,304387,542938,730,"[14, 360]","[361, 707]",481,2026-08-11T14:04:10+09:00
1869,4,yes,T8,primary,yes,25.375,25.0,0.375,False,True,304387,542938,730,"[14, 360]","[361, 707]",481,2026-08-11T14:04:10+09:00
1869,4,yes,T12,primary,yes,25.375,25.0,0.375,False,True,304387,542938,730,"[14, 360]","[361, 707]",483,2026-08-11T14:04:11+09:00
1869,4,yes,T16,primary,yes,25.25,24.875,0.375,False,True,304387,542938,730,"[14, 360]","[361, 707]",480,2026-08-11T14:04:11+09:00
1869,4,yes,T20,primary,yes,25.375,24.625,0.75,False,True,304387,542938,730,"[14, 360]","[361, 707]",481,2026-08-11T14:04:12+09:00
1869,4,yes,T24,primary,yes,26.125,24.625,1.5,False,True,304387,542938,730,"[14, 360]","[361, 707]",481,2026-08-11T14:04:12+09:00
1869,4,yes,Trel8,primary,yes,26.625,24.5,2.125,False,True,304387,542938,730,"[14, 360]","[361, 707]",483,2026-08-11T14:04:13+09:00
2609,4,yes,M,primary,yes,27.75,25.125,2.625,False,True,574454,163057,775,"[14, 360]","[361, 753]",526,2026-08-11T14:04:13+09:00
2609,4,yes,T4,primary,yes,26.375,24.875,1.5,False,True,574454,163057,775,"[14, 360]","[361, 753]",527,2026-08-11T14:04:14+09:00
2609,4,yes,T8,primary,yes,26.125,24.75,1.375,False,True,574454,163057,775,"[14, 360]","[361, 753]",529,2026-08-11T14:04:14+09:00
2609,4,yes,T12,primary,yes,26.125,24.75,1.375,False,True,574454,163057,775,"[14, 360]","[361, 753]",529,2026-08-11T14:04:15+09:00
2609,4,yes,T16,primary,yes,26.0,24.5,1.5,False,True,574454,163057,775,"[14, 360]","[361, 753]",528,2026-08-11T14:04:15+09:00
2609,4,yes,T20,primary,yes,26.625,24.625,2.0,False,True,574454,163057,775,"[14, 360]","[361, 753]",524,2026-08-11T14:04:16+09:00
2609,4,yes,T24,primary,yes,28.25,25.25,3.0,False,True,574454,163057,775,"[14, 360]","[361, 753]",527,2026-08-11T14:04:16+09:00
2609,4,yes,T0,primary,yes,26.375,24.875,1.5,False,True,574454,163057,775,"[14, 360]","[361, 753]",528,2026-08-11T14:04:17+09:00
2609,4,yes,Trel8,primary,yes,27.0,24.875,2.125,False,True,574454,163057,775,"[14, 360]","[361, 753]",531,2026-08-11T14:04:17+09:00
2791,4,yes,S,primary,yes,26.875,25.25,1.625,False,True,514248,94795,270,,,135,2026-08-11T14:04:18+09:00
2791,4,yes,M,primary,yes,27.125,25.625,1.5,False,True,514248,94795,507,"[14, 249]","[250, 485]",297,2026-08-11T14:04:18+09:00
2791,4,yes,T4,primary,yes,26.625,25.5,1.125,False,True,514248,94795,507,"[14, 249]","[250, 485]",298,2026-08-11T14:04:18+09:00
2791,4,yes,T8,primary,yes,26.625,25.5,1.125,False,True,514248,94795,507,"[14, 249]","[250, 485]",299,2026-08-11T14:04:18+09:00
2791,4,yes,T12,primary,yes,26.5,25.375,1.125,False,True,514248,94795,507,"[14, 249]","[250, 485]",299,2026-08-11T14:04:19+09:00
2791,4,yes,T16,primary,yes,26.5,25.25,1.25,False,True,514248,94795,507,"[14, 249]","[250, 485]",300,2026-08-11T14:04:19+09:00
2791,4,yes,T20,primary,yes,26.875,25.5,1.375,False,True,514248,94795,507,"[14, 249]","[250, 485]",299,2026-08-11T14:04:19+09:00
2791,4,yes,T24,primary,yes,27.25,25.625,1.625,False,True,514248,94795,507,"[14, 249]","[250, 485]",299,2026-08-11T14:04:20+09:00
2791,4,yes,T0,primary,yes,26.625,25.625,1.0,False,True,514248,94795,507,"[14, 249]","[250, 485]",299,2026-08-11T14:04:20+09:00
2791,4,yes,Trel8,primary,no,25.0,25.875,-0.875,False,False,514248,94795,507,"[14, 249]","[250, 485]",298,2026-08-11T14:04:20+09:00
1919,4,yes,S,primary,no,25.25,26.25,-1.0,False,False,196462,427341,427,,,249,2026-08-11T14:04:21+09:00
1919,4,yes,M,primary,no,24.625,25.625,-1.0,False,False,196462,427341,821,"[14, 406]","[407, 799]",575,2026-08-11T14:04:21+09:00
1919,4,yes,T4,primary,no,25.0,26.0,-1.0,False,False,196462,427341,821,"[14, 406]","[407, 799]",579,2026-08-11T14:04:22+09:00
1919,4,yes,T8,primary,no,24.75,25.75,-1.0,False,False,196462,427341,821,"[14, 406]","[407, 799]",578,2026-08-11T14:04:22+09:00
1919,4,yes,T12,primary,no,24.75,25.5,-0.75,False,False,196462,427341,821,"[14, 406]","[407, 799]",576,2026-08-11T14:04:23+09:00
1919,4,yes,T16,primary,no,24.375,25.25,-0.875,False,False,196462,427341,821,"[14, 406]","[407, 799]",578,2026-08-11T14:04:23+09:00
1919,4,yes,T20,primary,no,24.5,25.375,-0.875,False,False,196462,427341,821,"[14, 406]","[407, 799]",580,2026-08-11T14:04:24+09:00
1919,4,yes,T24,primary,no,24.75,25.75,-1.0,False,False,196462,427341,821,"[14, 406]","[407, 799]",578,2026-08-11T14:04:25+09:00
1919,4,yes,T0,primary,no,24.625,25.5,-0.875,False,False,196462,427341,821,"[14, 406]","[407, 799]",576,2026-08-11T14:04:25+09:00
1919,4,yes,Trel8,primary,no,25.0,25.125,-0.125,False,False,196462,427341,821,"[14, 406]","[407, 799]",577,2026-08-11T14:04:26+09:00
1061,4,yes,M,primary,yes,27.125,24.75,2.375,False,True,303534,545564,752,"[14, 383]","[384, 730]",492,2026-08-11T14:04:26+09:00
1061,4,yes,T4,primary,yes,27.0,24.875,2.125,False,True,303534,545564,752,"[14, 383]","[384, 730]",491,2026-08-11T14:04:27+09:00
1061,4,yes,T8,primary,yes,27.0,24.875,2.125,False,True,303534,545564,752,"[14, 383]","[384, 730]",494,2026-08-11T14:04:27+09:00
1061,4,yes,T12,primary,yes,26.875,24.75,2.125,False,True,303534,545564,752,"[14, 383]","[384, 730]",496,2026-08-11T14:04:28+09:00
1061,4,yes,T16,primary,yes,26.75,24.75,2.0,False,True,303534,545564,752,"[14, 383]","[384, 730]",496,2026-08-11T14:04:28+09:00
1061,4,yes,T20,primary,yes,26.875,24.5,2.375,False,True,303534,545564,752,"[14, 383]","[384, 730]",495,2026-08-11T14:04:29+09:00
1061,4,yes,T24,primary,yes,27.25,24.875,2.375,False,True,303534,545564,752,"[14, 383]","[384, 730]",493,2026-08-11T14:04:29+09:00
1061,4,yes,Trel8,primary,yes,25.875,24.625,1.25,False,True,303534,545564,752,"[14, 383]","[384, 730]",492,2026-08-11T14:04:30+09:00
227,4,yes,M,primary,yes,28.375,24.625,3.75,False,True,360600,111104,821,"[14, 406]","[407, 799]",575,2026-08-11T14:04:30+09:00
227,4,yes,T4,primary,yes,27.0,25.0,2.0,False,True,360600,111104,821,"[14, 406]","[407, 799]",578,2026-08-11T14:04:31+09:00
227,4,yes,T8,primary,yes,27.125,24.875,2.25,False,True,360600,111104,821,"[14, 406]","[407, 799]",580,2026-08-11T14:04:32+09:00
227,4,yes,T12,primary,yes,27.125,24.625,2.5,False,True,360600,111104,821,"[14, 406]","[407, 799]",579,2026-08-11T14:04:32+09:00
227,4,yes,T16,primary,yes,26.875,24.375,2.5,False,True,360600,111104,821,"[14, 406]","[407, 799]",578,2026-08-11T14:04:33+09:00
227,4,yes,T20,primary,yes,27.625,24.5,3.125,False,True,360600,111104,821,"[14, 406]","[407, 799]",580,2026-08-11T14:04:33+09:00
227,4,yes,T24,primary,yes,28.625,24.875,3.75,False,True,360600,111104,821,"[14, 406]","[407, 799]",576,2026-08-11T14:04:34+09:00
227,4,yes,T0,primary,yes,27.625,24.875,2.75,False,True,360600,111104,821,"[14, 406]","[407, 799]",578,2026-08-11T14:04:34+09:00
227,4,yes,Trel8,primary,yes,26.5,24.5,2.0,False,True,360600,111104,821,"[14, 406]","[407, 799]",579,2026-08-11T14:04:35+09:00
2355,4,yes,S,primary,no,25.125,26.25,-1.125,False,False,44993,472364,381,,,206,2026-08-11T14:04:35+09:00
2355,4,yes,M,primary,no,24.375,26.625,-2.25,False,False,44993,472364,775,"[14, 360]","[361, 753]",525,2026-08-11T14:04:36+09:00
2355,4,yes,T4,primary,no,25.375,26.375,-1.0,False,False,44993,472364,775,"[14, 360]","[361, 753]",527,2026-08-11T14:04:36+09:00
2355,4,yes,T8,primary,no,25.25,26.375,-1.125,False,False,44993,472364,775,"[14, 360]","[361, 753]",529,2026-08-11T14:04:37+09:00
2355,4,yes,T12,primary,no,25.125,26.375,-1.25,False,False,44993,472364,775,"[14, 360]","[361, 753]",528,2026-08-11T14:04:37+09:00
2355,4,yes,T16,primary,no,25.0,26.75,-1.75,False,False,44993,472364,775,"[14, 360]","[361, 753]",529,2026-08-11T14:04:38+09:00
2355,4,yes,T20,primary,no,25.125,27.0,-1.875,False,False,44993,472364,775,"[14, 360]","[361, 753]",526,2026-08-11T14:04:38+09:00
2355,4,yes,T24,primary,no,24.625,26.75,-2.125,False,False,44993,472364,775,"[14, 360]","[361, 753]",525,2026-08-11T14:04:39+09:00
2355,4,yes,T0,primary,no,25.375,26.375,-1.0,False,False,44993,472364,775,"[14, 360]","[361, 753]",531,2026-08-11T14:04:40+09:00
2355,4,yes,Trel8,primary,yes,25.25,24.625,0.625,False,True,44993,472364,775,"[14, 360]","[361, 753]",528,2026-08-11T14:04:40+09:00
1067,4,yes,S,primary,yes,26.75,24.875,1.875,False,True,278771,315195,427,,,249,2026-08-11T14:04:40+09:00
1067,4,yes,M,primary,yes,25.25,24.75,0.5,False,True,278771,315195,821,"[14, 406]","[407, 799]",576,2026-08-11T14:04:41+09:00
1067,4,yes,T4,primary,yes,26.25,24.875,1.375,False,True,278771,315195,821,"[14, 406]","[407, 799]",579,2026-08-11T14:04:42+09:00
1067,4,yes,T8,primary,yes,25.875,24.625,1.25,False,True,278771,315195,821,"[14, 406]","[407, 799]",580,2026-08-11T14:04:42+09:00
1067,4,yes,T12,primary,yes,26.0,24.875,1.125,False,True,278771,315195,821,"[14, 406]","[407, 799]",578,2026-08-11T14:04:43+09:00
1067,4,yes,T16,primary,yes,25.375,24.375,1.0,False,True,278771,315195,821,"[14, 406]","[407, 799]",575,2026-08-11T14:04:43+09:00
1067,4,yes,T20,primary,yes,25.625,24.75,0.875,False,True,278771,315195,821,"[14, 406]","[407, 799]",577,2026-08-11T14:04:44+09:00
1067,4,yes,T24,primary,yes,25.375,24.875,0.5,False,True,278771,315195,821,"[14, 406]","[407, 799]",577,2026-08-11T14:04:44+09:00
1067,4,yes,T0,primary,yes,26.125,24.625,1.5,False,True,278771,315195,821,"[14, 406]","[407, 799]",579,2026-08-11T14:04:45+09:00
1067,4,yes,Trel8,primary,yes,25.75,24.75,1.0,False,True,278771,315195,821,"[14, 406]","[407, 799]",578,2026-08-11T14:04:46+09:00
603,4,yes,M,primary,yes,26.75,24.375,2.375,False,True,534121,473632,775,"[14, 406]","[407, 753]",526,2026-08-11T14:04:46+09:00
603,4,yes,T4,primary,yes,26.125,24.5,1.625,False,True,534121,473632,775,"[14, 406]","[407, 753]",526,2026-08-11T14:04:47+09:00
603,4,yes,T8,primary,yes,26.0,24.25,1.75,False,True,534121,473632,775,"[14, 406]","[407, 753]",526,2026-08-11T14:04:47+09:00
603,4,yes,T12,primary,yes,26.125,24.5,1.625,False,True,534121,473632,775,"[14, 406]","[407, 753]",526,2026-08-11T14:04:48+09:00
603,4,yes,T16,primary,yes,26.0,24.5,1.5,False,True,534121,473632,775,"[14, 406]","[407, 753]",527,2026-08-11T14:04:48+09:00
603,4,yes,T20,primary,yes,25.875,24.375,1.5,False,True,534121,473632,775,"[14, 406]","[407, 753]",528,2026-08-11T14:04:49+09:00
603,4,yes,T24,primary,yes,26.875,24.375,2.5,False,True,534121,473632,775,"[14, 406]","[407, 753]",527,2026-08-11T14:04:49+09:00
603,4,yes,T0,primary,yes,26.5,24.5,2.0,False,True,534121,473632,775,"[14, 406]","[407, 753]",526,2026-08-11T14:04:50+09:00
603,4,yes,Trel8,primary,yes,25.75,25.0,0.75,False,True,534121,473632,775,"[14, 406]","[407, 753]",528,2026-08-11T14:04:50+09:00
497,4,yes,S,primary,yes,26.75,24.625,2.125,False,True,69189,550051,520,,,302,2026-08-11T14:04:51+09:00
497,4,yes,M,primary,yes,26.25,24.625,1.625,False,True,69189,550051,868,"[14, 498]","[499, 845]",609,2026-08-11T14:04:51+09:00
497,4,yes,T4,primary,yes,26.375,24.625,1.75,False,True,69189,550051,868,"[14, 498]","[499, 845]",610,2026-08-11T14:04:52+09:00
497,4,yes,T8,primary,yes,26.25,24.375,1.875,False,True,69189,550051,868,"[14, 498]","[499, 845]",612,2026-08-11T14:04:53+09:00
497,4,yes,T12,primary,yes,26.375,24.375,2.0,False,True,69189,550051,868,"[14, 498]","[499, 845]",612,2026-08-11T14:04:53+09:00
497,4,yes,T16,primary,yes,26.375,24.125,2.25,False,True,69189,550051,868,"[14, 498]","[499, 845]",612,2026-08-11T14:04:54+09:00
497,4,yes,T20,primary,yes,26.375,24.25,2.125,False,True,69189,550051,868,"[14, 498]","[499, 845]",609,2026-08-11T14:04:54+09:00
497,4,yes,T24,primary,yes,26.375,24.625,1.75,False,True,69189,550051,868,"[14, 498]","[499, 845]",609,2026-08-11T14:04:55+09:00
497,4,yes,T0,primary,yes,26.375,24.5,1.875,False,True,69189,550051,868,"[14, 498]","[499, 845]",613,2026-08-11T14:04:56+09:00
497,4,yes,Trel8,primary,yes,26.0,24.5,1.5,False,True,69189,550051,868,"[14, 498]","[499, 845]",612,2026-08-11T14:04:56+09:00
669,4,yes,M,primary,yes,27.5,24.25,3.25,False,True,237767,271728,868,"[14, 499]","[500, 846]",605,2026-08-11T14:04:57+09:00
669,4,yes,T4,primary,yes,27.25,25.0,2.25,False,True,237767,271728,868,"[14, 499]","[500, 846]",604,2026-08-11T14:04:58+09:00
669,4,yes,T8,primary,yes,27.0,24.75,2.25,False,True,237767,271728,868,"[14, 499]","[500, 846]",609,2026-08-11T14:04:58+09:00
669,4,yes,T12,primary,yes,27.25,24.875,2.375,False,True,237767,271728,868,"[14, 499]","[500, 846]",608,2026-08-11T14:04:59+09:00
669,4,yes,T16,primary,yes,27.0,24.625,2.375,False,True,237767,271728,868,"[14, 499]","[500, 846]",610,2026-08-11T14:04:59+09:00
669,4,yes,T20,primary,yes,27.375,24.75,2.625,False,True,237767,271728,868,"[14, 499]","[500, 846]",605,2026-08-11T14:05:00+09:00
669,4,yes,T24,primary,yes,27.875,24.75,3.125,False,True,237767,271728,868,"[14, 499]","[500, 846]",608,2026-08-11T14:05:01+09:00
669,4,yes,T0,primary,yes,27.375,24.75,2.625,False,True,237767,271728,868,"[14, 499]","[500, 846]",607,2026-08-11T14:05:01+09:00
669,4,yes,Trel8,primary,yes,28.375,24.625,3.75,False,True,237767,271728,868,"[14, 499]","[500, 846]",605,2026-08-11T14:05:02+09:00
1619,4,yes,M,primary,no,24.125,24.5,-0.375,False,False,214244,417339,776,"[14, 360]","[361, 753]",524,2026-08-11T14:05:02+09:00
1619,4,yes,T4,primary,yes,26.25,24.75,1.5,False,True,214244,417339,776,"[14, 360]","[361, 753]",525,2026-08-11T14:05:03+09:00
1619,4,yes,T8,primary,yes,25.875,24.5,1.375,False,True,214244,417339,776,"[14, 360]","[361, 753]",528,2026-08-11T14:05:03+09:00
1619,4,yes,T12,primary,yes,25.875,24.5,1.375,False,True,214244,417339,776,"[14, 360]","[361, 753]",525,2026-08-11T14:05:04+09:00
1619,4,yes,T16,primary,yes,25.5,24.375,1.125,False,True,214244,417339,776,"[14, 360]","[361, 753]",524,2026-08-11T14:05:04+09:00
1619,4,yes,T20,primary,yes,24.125,23.5,0.625,False,True,214244,417339,776,"[14, 360]","[361, 753]",527,2026-08-11T14:05:05+09:00
1619,4,yes,T24,primary,no,24.25,24.5,-0.25,False,False,214244,417339,776,"[14, 360]","[361, 753]",528,2026-08-11T14:05:06+09:00
1619,4,yes,Trel8,primary,no,24.125,24.75,-0.625,False,False,214244,417339,776,"[14, 360]","[361, 753]",526,2026-08-11T14:05:06+09:00
553,4,yes,M,primary,no,25.25,25.875,-0.625,False,False,190185,329687,775,"[14, 406]","[407, 753]",527,2026-08-11T14:05:07+09:00
553,4,yes,T4,primary,no,25.75,27.375,-1.625,False,False,190185,329687,775,"[14, 406]","[407, 753]",526,2026-08-11T14:05:07+09:00
553,4,yes,T8,primary,no,25.5,27.5,-2.0,False,False,190185,329687,775,"[14, 406]","[407, 753]",527,2026-08-11T14:05:08+09:00
553,4,yes,T12,primary,no,25.5,28.125,-2.625,False,False,190185,329687,775,"[14, 406]","[407, 753]",526,2026-08-11T14:05:08+09:00
553,4,yes,T16,primary,no,24.75,26.375,-1.625,False,False,190185,329687,775,"[14, 406]","[407, 753]",528,2026-08-11T14:05:09+09:00
553,4,yes,T20,primary,no,25.125,25.625,-0.5,False,False,190185,329687,775,"[14, 406]","[407, 753]",529,2026-08-11T14:05:09+09:00
553,4,yes,T24,primary,no,25.0,26.375,-1.375,False,False,190185,329687,775,"[14, 406]","[407, 753]",527,2026-08-11T14:05:10+09:00
553,4,yes,Trel8,primary,yes,28.375,24.875,3.5,False,True,190185,329687,775,"[14, 406]","[407, 753]",526,2026-08-11T14:05:10+09:00
977,4,yes,S,primary,no,25.0,27.0,-2.0,False,False,178078,337083,270,,,134,2026-08-11T14:05:10+09:00
977,4,yes,M,primary,yes,24.75,24.625,0.125,False,True,178078,337083,664,"[14, 249]","[250, 642]",430,2026-08-11T14:05:11+09:00
977,4,yes,T4,primary,no,25.375,26.25,-0.875,False,False,178078,337083,664,"[14, 249]","[250, 642]",433,2026-08-11T14:05:11+09:00
977,4,yes,T8,primary,no,25.25,26.125,-0.875,False,False,178078,337083,664,"[14, 249]","[250, 642]",434,2026-08-11T14:05:12+09:00
977,4,yes,T12,primary,no,25.125,26.0,-0.875,False,False,178078,337083,664,"[14, 249]","[250, 642]",431,2026-08-11T14:05:12+09:00
977,4,yes,T16,primary,no,24.75,25.5,-0.75,False,False,178078,337083,664,"[14, 249]","[250, 642]",431,2026-08-11T14:05:13+09:00
977,4,yes,T20,primary,yes,24.75,24.5,0.25,False,True,178078,337083,664,"[14, 249]","[250, 642]",433,2026-08-11T14:05:13+09:00
977,4,yes,T24,primary,yes,25.125,25.0,0.125,False,True,178078,337083,664,"[14, 249]","[250, 642]",434,2026-08-11T14:05:14+09:00
977,4,yes,T0,primary,no,25.25,26.25,-1.0,False,False,178078,337083,664,"[14, 249]","[250, 642]",434,2026-08-11T14:05:14+09:00
977,4,yes,Trel8,primary,yes,25.625,25.125,0.5,False,True,178078,337083,664,"[14, 249]","[250, 642]",431,2026-08-11T14:05:14+09:00
2335,4,yes,M,primary,yes,25.5,25.25,0.25,False,True,405762,27484,660,"[14, 360]","[361, 638]",419,2026-08-11T14:05:15+09:00
2335,4,yes,T4,primary,yes,26.25,25.125,1.125,False,True,405762,27484,660,"[14, 360]","[361, 638]",419,2026-08-11T14:05:15+09:00
2335,4,yes,T8,primary,yes,26.0,25.0,1.0,False,True,405762,27484,660,"[14, 360]","[361, 638]",420,2026-08-11T14:05:16+09:00
2335,4,yes,T12,primary,yes,26.125,25.0,1.125,False,True,405762,27484,660,"[14, 360]","[361, 638]",421,2026-08-11T14:05:16+09:00
2335,4,yes,T16,primary,yes,25.5,25.0,0.5,False,True,405762,27484,660,"[14, 360]","[361, 638]",421,2026-08-11T14:05:17+09:00
2335,4,yes,T20,primary,yes,25.75,25.0,0.75,False,True,405762,27484,660,"[14, 360]","[361, 638]",420,2026-08-11T14:05:17+09:00
2335,4,yes,T24,primary,yes,25.625,25.25,0.375,False,True,405762,27484,660,"[14, 360]","[361, 638]",419,2026-08-11T14:05:17+09:00
2335,4,yes,Trel8,primary,no,25.0,25.25,-0.25,False,False,405762,27484,660,"[14, 360]","[361, 638]",420,2026-08-11T14:05:18+09:00
315,4,yes,M,primary,yes,26.5,25.125,1.375,False,True,354229,168330,775,"[14, 429]","[430, 753]",523,2026-08-11T14:05:18+09:00
315,4,yes,T4,primary,yes,25.75,25.125,0.625,False,True,354229,168330,775,"[14, 429]","[430, 753]",526,2026-08-11T14:05:19+09:00
315,4,yes,T8,primary,yes,25.625,25.125,0.5,False,True,354229,168330,775,"[14, 429]","[430, 753]",528,2026-08-11T14:05:19+09:00
315,4,yes,T12,primary,yes,25.75,25.125,0.625,False,True,354229,168330,775,"[14, 429]","[430, 753]",529,2026-08-11T14:05:20+09:00
315,4,yes,T16,primary,yes,25.5,24.875,0.625,False,True,354229,168330,775,"[14, 429]","[430, 753]",528,2026-08-11T14:05:20+09:00
315,4,yes,T20,primary,yes,25.875,24.75,1.125,False,True,354229,168330,775,"[14, 429]","[430, 753]",528,2026-08-11T14:05:21+09:00
315,4,yes,T24,primary,yes,26.5,25.125,1.375,False,True,354229,168330,775,"[14, 429]","[430, 753]",526,2026-08-11T14:05:22+09:00
315,4,yes,Trel8,primary,yes,26.375,24.875,1.5,False,True,354229,168330,775,"[14, 429]","[430, 753]",527,2026-08-11T14:05:22+09:00
1739,4,yes,S,primary,yes,28.75,25.25,3.5,False,True,431615,46497,381,,,206,2026-08-11T14:05:22+09:00
1739,4,yes,M,primary,yes,27.0,23.875,3.125,False,True,431615,46497,600,"[14, 360]","[361, 578]",356,2026-08-11T14:05:23+09:00
1739,4,yes,T4,primary,yes,27.25,24.75,2.5,False,True,431615,46497,600,"[14, 360]","[361, 578]",357,2026-08-11T14:05:23+09:00
1739,4,yes,T8,primary,yes,27.125,24.625,2.5,False,True,431615,46497,600,"[14, 360]","[361, 578]",358,2026-08-11T14:05:23+09:00
1739,4,yes,T12,primary,yes,27.0,24.375,2.625,False,True,431615,46497,600,"[14, 360]","[361, 578]",360,2026-08-11T14:05:24+09:00
1739,4,yes,T16,primary,yes,26.625,24.0,2.625,False,True,431615,46497,600,"[14, 360]","[361, 578]",358,2026-08-11T14:05:24+09:00
1739,4,yes,T20,primary,yes,26.5,23.875,2.625,False,True,431615,46497,600,"[14, 360]","[361, 578]",358,2026-08-11T14:05:24+09:00
1739,4,yes,T24,primary,yes,27.25,23.875,3.375,False,True,431615,46497,600,"[14, 360]","[361, 578]",359,2026-08-11T14:05:25+09:00
1739,4,yes,T0,primary,yes,27.25,24.5,2.75,False,True,431615,46497,600,"[14, 360]","[361, 578]",358,2026-08-11T14:05:25+09:00
1739,4,yes,Trel8,primary,yes,25.75,24.375,1.375,False,True,431615,46497,600,"[14, 360]","[361, 578]",359,2026-08-11T14:05:26+09:00
569,4,yes,S,primary,yes,28.375,24.75,3.625,False,True,227227,423804,252,,,121,2026-08-11T14:05:26+09:00
569,4,yes,M,primary,yes,26.375,24.375,2.0,False,True,227227,423804,600,"[14, 231]","[232, 578]",355,2026-08-11T14:05:26+09:00
569,4,yes,T4,primary,yes,26.75,25.5,1.25,False,True,227227,423804,600,"[14, 231]","[232, 578]",355,2026-08-11T14:05:26+09:00
569,4,yes,T8,primary,yes,26.375,25.125,1.25,False,True,227227,423804,600,"[14, 231]","[232, 578]",357,2026-08-11T14:05:27+09:00
569,4,yes,T12,primary,yes,26.625,24.875,1.75,False,True,227227,423804,600,"[14, 231]","[232, 578]",360,2026-08-11T14:05:27+09:00
569,4,yes,T16,primary,yes,26.125,24.625,1.5,False,True,227227,423804,600,"[14, 231]","[232, 578]",359,2026-08-11T14:05:27+09:00
569,4,yes,T20,primary,yes,26.25,24.625,1.625,False,True,227227,423804,600,"[14, 231]","[232, 578]",357,2026-08-11T14:05:28+09:00
569,4,yes,T24,primary,yes,26.5,24.5,2.0,False,True,227227,423804,600,"[14, 231]","[232, 578]",356,2026-08-11T14:05:28+09:00
569,4,yes,T0,primary,yes,26.875,25.125,1.75,False,True,227227,423804,600,"[14, 231]","[232, 578]",357,2026-08-11T14:05:29+09:00
569,4,yes,Trel8,primary,yes,25.625,24.375,1.25,False,True,227227,423804,600,"[14, 231]","[232, 578]",358,2026-08-11T14:05:29+09:00
395,4,yes,M,primary,yes,26.0,23.5,2.5,False,True,170365,80172,775,"[14, 360]","[361, 753]",523,2026-08-11T14:05:29+09:00
395,4,yes,T4,primary,yes,28.125,25.0,3.125,False,True,170365,80172,775,"[14, 360]","[361, 753]",525,2026-08-11T14:05:30+09:00
395,4,yes,T8,primary,yes,28.0,25.0,3.0,False,True,170365,80172,775,"[14, 360]","[361, 753]",527,2026-08-11T14:05:31+09:00
395,4,yes,T12,primary,yes,27.875,24.875,3.0,False,True,170365,80172,775,"[14, 360]","[361, 753]",526,2026-08-11T14:05:31+09:00
395,4,yes,T16,primary,yes,28.0,24.75,3.25,False,True,170365,80172,775,"[14, 360]","[361, 753]",529,2026-08-11T14:05:32+09:00
395,4,yes,T20,primary,yes,27.625,24.625,3.0,False,True,170365,80172,775,"[14, 360]","[361, 753]",528,2026-08-11T14:05:32+09:00
395,4,yes,T24,primary,yes,26.25,23.625,2.625,False,True,170365,80172,775,"[14, 360]","[361, 753]",530,2026-08-11T14:05:33+09:00
395,4,yes,T0,primary,yes,28.0,24.75,3.25,False,True,170365,80172,775,"[14, 360]","[361, 753]",529,2026-08-11T14:05:33+09:00
395,4,yes,Trel8,primary,yes,25.625,24.875,0.75,False,True,170365,80172,775,"[14, 360]","[361, 753]",530,2026-08-11T14:05:34+09:00
1645,4,yes,S,primary,yes,28.5,24.75,3.75,False,True,281028,59598,427,,,249,2026-08-11T14:05:34+09:00
1645,4,yes,M,primary,yes,26.75,25.0,1.75,False,True,281028,59598,821,"[14, 406]","[407, 799]",575,2026-08-11T14:05:35+09:00
1645,4,yes,T4,primary,yes,27.75,25.125,2.625,False,True,281028,59598,821,"[14, 406]","[407, 799]",578,2026-08-11T14:05:35+09:00
1645,4,yes,T8,primary,yes,27.75,25.125,2.625,False,True,281028,59598,821,"[14, 406]","[407, 799]",579,2026-08-11T14:05:36+09:00
1645,4,yes,T12,primary,yes,27.875,25.25,2.625,False,True,281028,59598,821,"[14, 406]","[407, 799]",579,2026-08-11T14:05:36+09:00
1645,4,yes,T16,primary,yes,26.25,25.0,1.25,False,True,281028,59598,821,"[14, 406]","[407, 799]",578,2026-08-11T14:05:37+09:00
1645,4,yes,T20,primary,yes,26.375,24.875,1.5,False,True,281028,59598,821,"[14, 406]","[407, 799]",574,2026-08-11T14:05:37+09:00
1645,4,yes,T24,primary,yes,27.0,25.25,1.75,False,True,281028,59598,821,"[14, 406]","[407, 799]",576,2026-08-11T14:05:38+09:00
1645,4,yes,T0,primary,yes,27.625,24.75,2.875,False,True,281028,59598,821,"[14, 406]","[407, 799]",578,2026-08-11T14:05:39+09:00
1645,4,yes,Trel8,primary,yes,26.0,25.125,0.875,False,True,281028,59598,821,"[14, 406]","[407, 799]",576,2026-08-11T14:05:39+09:00
1083,4,yes,S,primary,no,25.125,26.125,-1.0,False,False,124629,571219,382,,,205,2026-08-11T14:05:39+09:00
1083,4,yes,M,primary,no,24.625,26.0,-1.375,False,False,124629,571219,776,"[14, 360]","[361, 753]",522,2026-08-11T14:05:40+09:00
1083,4,yes,T4,primary,no,25.25,25.75,-0.5,False,False,124629,571219,776,"[14, 360]","[361, 753]",523,2026-08-11T14:05:41+09:00
1083,4,yes,T8,primary,no,25.0,25.625,-0.625,False,False,124629,571219,776,"[14, 360]","[361, 753]",526,2026-08-11T14:05:41+09:00
1083,4,yes,T12,primary,no,25.125,25.625,-0.5,False,False,124629,571219,776,"[14, 360]","[361, 753]",525,2026-08-11T14:05:42+09:00
1083,4,yes,T16,primary,no,24.75,25.5,-0.75,False,False,124629,571219,776,"[14, 360]","[361, 753]",523,2026-08-11T14:05:42+09:00
1083,4,yes,T20,primary,no,24.875,25.625,-0.75,False,False,124629,571219,776,"[14, 360]","[361, 753]",524,2026-08-11T14:05:43+09:00
1083,4,yes,T24,primary,no,24.75,26.125,-1.375,False,False,124629,571219,776,"[14, 360]","[361, 753]",526,2026-08-11T14:05:43+09:00
1083,4,yes,T0,primary,no,25.0,25.75,-0.75,False,False,124629,571219,776,"[14, 360]","[361, 753]",524,2026-08-11T14:05:44+09:00
1083,4,yes,Trel8,primary,no,24.375,26.0,-1.625,False,False,124629,571219,776,"[14, 360]","[361, 753]",521,2026-08-11T14:05:44+09:00
2769,4,yes,S,primary,no,24.75,26.625,-1.875,False,False,92624,419386,381,,,205,2026-08-11T14:05:44+09:00
2769,4,yes,M,primary,yes,26.125,24.125,2.0,False,True,92624,419386,798,"[14, 360]","[361, 776]",539,2026-08-11T14:05:45+09:00
2769,4,yes,T4,primary,no,24.75,26.0,-1.25,False,False,92624,419386,798,"[14, 360]","[361, 776]",540,2026-08-11T14:05:46+09:00
2769,4,yes,T8,primary,no,24.625,25.625,-1.0,False,False,92624,419386,798,"[14, 360]","[361, 776]",542,2026-08-11T14:05:46+09:00
2769,4,yes,T12,primary,no,24.875,25.375,-0.5,False,False,92624,419386,798,"[14, 360]","[361, 776]",543,2026-08-11T14:05:47+09:00
2769,4,yes,T16,primary,no,24.75,25.0,-0.25,False,False,92624,419386,798,"[14, 360]","[361, 776]",543,2026-08-11T14:05:47+09:00
2769,4,yes,T20,primary,yes,25.25,24.375,0.875,False,True,92624,419386,798,"[14, 360]","[361, 776]",542,2026-08-11T14:05:48+09:00
2769,4,yes,T24,primary,yes,26.25,24.25,2.0,False,True,92624,419386,798,"[14, 360]","[361, 776]",542,2026-08-11T14:05:48+09:00
2769,4,yes,T0,primary,no,24.625,26.0,-1.375,False,False,92624,419386,798,"[14, 360]","[361, 776]",541,2026-08-11T14:05:49+09:00
2769,4,yes,Trel8,primary,yes,28.25,25.125,3.125,False,True,92624,419386,798,"[14, 360]","[361, 776]",542,2026-08-11T14:05:49+09:00
841,4,yes,S,primary,yes,28.875,25.0,3.875,False,True,443240,164170,427,,,249,2026-08-11T14:05:50+09:00
841,4,yes,M,primary,yes,28.0,25.625,2.375,False,True,443240,164170,775,"[14, 406]","[407, 753]",524,2026-08-11T14:05:50+09:00
841,4,yes,T4,primary,yes,26.875,25.625,1.25,False,True,443240,164170,775,"[14, 406]","[407, 753]",526,2026-08-11T14:05:51+09:00
841,4,yes,T8,primary,yes,26.625,25.5,1.125,False,True,443240,164170,775,"[14, 406]","[407, 753]",527,2026-08-11T14:05:51+09:00
841,4,yes,T12,primary,yes,26.75,25.375,1.375,False,True,443240,164170,775,"[14, 406]","[407, 753]",527,2026-08-11T14:05:52+09:00
841,4,yes,T16,primary,yes,26.25,25.125,1.125,False,True,443240,164170,775,"[14, 406]","[407, 753]",529,2026-08-11T14:05:52+09:00
841,4,yes,T20,primary,yes,27.125,25.0,2.125,False,True,443240,164170,775,"[14, 406]","[407, 753]",525,2026-08-11T14:05:53+09:00
841,4,yes,T24,primary,yes,28.375,25.75,2.625,False,True,443240,164170,775,"[14, 406]","[407, 753]",523,2026-08-11T14:05:53+09:00
841,4,yes,T0,primary,yes,27.125,25.25,1.875,False,True,443240,164170,775,"[14, 406]","[407, 753]",527,2026-08-11T14:05:54+09:00
841,4,yes,Trel8,primary,no,25.25,25.375,-0.125,False,False,443240,164170,775,"[14, 406]","[407, 753]",526,2026-08-11T14:05:54+09:00
599,4,yes,M,primary,yes,26.875,24.375,2.5,False,True,105732,326542,822,"[14, 406]","[407, 799]",576,2026-08-11T14:05:55+09:00
599,4,yes,T4,primary,yes,27.0,24.75,2.25,False,True,105732,326542,822,"[14, 406]","[407, 799]",571,2026-08-11T14:05:56+09:00
599,4,yes,T8,primary,yes,26.75,24.75,2.0,False,True,105732,326542,822,"[14, 406]","[407, 799]",578,2026-08-11T14:05:56+09:00
599,4,yes,T12,primary,yes,26.875,24.75,2.125,False,True,105732,326542,822,"[14, 406]","[407, 799]",576,2026-08-11T14:05:57+09:00
599,4,yes,T16,primary,yes,26.625,24.625,2.0,False,True,105732,326542,822,"[14, 406]","[407, 799]",574,2026-08-11T14:05:57+09:00
599,4,yes,T20,primary,yes,26.875,24.5,2.375,False,True,105732,326542,822,"[14, 406]","[407, 799]",576,2026-08-11T14:05:58+09:00
599,4,yes,T24,primary,yes,27.25,24.5,2.75,False,True,105732,326542,822,"[14, 406]","[407, 799]",578,2026-08-11T14:05:58+09:00
599,4,yes,Trel8,primary,yes,26.0,24.625,1.375,False,True,105732,326542,822,"[14, 406]","[407, 799]",579,2026-08-11T14:05:59+09:00
1845,4,yes,S,primary,no,24.375,26.75,-2.375,False,False,474741,523660,288,,,139,2026-08-11T14:05:59+09:00
1845,4,yes,M,primary,yes,26.375,25.0,1.375,False,True,474741,523660,525,"[14, 267]","[268, 503]",314,2026-08-11T14:06:00+09:00
1845,4,yes,T4,primary,no,24.75,26.75,-2.0,False,False,474741,523660,525,"[14, 267]","[268, 503]",313,2026-08-11T14:06:00+09:00
1845,4,yes,T8,primary,no,24.625,26.75,-2.125,False,False,474741,523660,525,"[14, 267]","[268, 503]",313,2026-08-11T14:06:00+09:00
1845,4,yes,T12,primary,no,24.5,26.75,-2.25,False,False,474741,523660,525,"[14, 267]","[268, 503]",316,2026-08-11T14:06:01+09:00
1845,4,yes,T16,primary,no,24.0,26.0,-2.0,False,False,474741,523660,525,"[14, 267]","[268, 503]",316,2026-08-11T14:06:01+09:00
1845,4,yes,T20,primary,no,24.5,25.625,-1.125,False,False,474741,523660,525,"[14, 267]","[268, 503]",316,2026-08-11T14:06:01+09:00
1845,4,yes,T24,primary,yes,26.875,25.75,1.125,False,True,474741,523660,525,"[14, 267]","[268, 503]",315,2026-08-11T14:06:01+09:00
1845,4,yes,T0,primary,no,24.75,26.875,-2.125,False,False,474741,523660,525,"[14, 267]","[268, 503]",312,2026-08-11T14:06:02+09:00
1845,4,yes,Trel8,primary,yes,26.375,25.75,0.625,False,True,474741,523660,525,"[14, 267]","[268, 503]",312,2026-08-11T14:06:02+09:00
845,4,yes,S,primary,yes,29.375,25.25,4.125,False,True,443240,523174,427,,,248,2026-08-11T14:06:02+09:00
845,4,yes,M,primary,yes,27.375,25.125,2.25,False,True,443240,523174,664,"[14, 406]","[407, 642]",431,2026-08-11T14:06:03+09:00
845,4,yes,T4,primary,yes,27.75,25.25,2.5,False,True,443240,523174,664,"[14, 406]","[407, 642]",431,2026-08-11T14:06:03+09:00
845,4,yes,T8,primary,yes,27.625,25.125,2.5,False,True,443240,523174,664,"[14, 406]","[407, 642]",434,2026-08-11T14:06:04+09:00
845,4,yes,T12,primary,yes,27.875,25.25,2.625,False,True,443240,523174,664,"[14, 406]","[407, 642]",431,2026-08-11T14:06:04+09:00
845,4,yes,T16,primary,yes,27.625,25.125,2.5,False,True,443240,523174,664,"[14, 406]","[407, 642]",430,2026-08-11T14:06:05+09:00
845,4,yes,T20,primary,yes,27.75,25.125,2.625,False,True,443240,523174,664,"[14, 406]","[407, 642]",433,2026-08-11T14:06:05+09:00
845,4,yes,T24,primary,yes,28.0,25.25,2.75,False,True,443240,523174,664,"[14, 406]","[407, 642]",432,2026-08-11T14:06:05+09:00
845,4,yes,T0,primary,yes,27.875,25.25,2.625,False,True,443240,523174,664,"[14, 406]","[407, 642]",434,2026-08-11T14:06:06+09:00
845,4,yes,Trel8,primary,yes,26.5,24.75,1.75,False,True,443240,523174,664,"[14, 406]","[407, 642]",431,2026-08-11T14:06:06+09:00
49,4,yes,S,primary,yes,27.625,24.5,3.125,False,True,544456,424155,381,,,204,2026-08-11T14:06:07+09:00
49,4,yes,M,primary,yes,26.125,24.375,1.75,False,True,544456,424155,618,"[14, 360]","[361, 596]",377,2026-08-11T14:06:07+09:00
49,4,yes,T4,primary,yes,26.875,24.625,2.25,False,True,544456,424155,618,"[14, 360]","[361, 596]",378,2026-08-11T14:06:07+09:00
49,4,yes,T8,primary,yes,26.875,24.625,2.25,False,True,544456,424155,618,"[14, 360]","[361, 596]",379,2026-08-11T14:06:08+09:00
49,4,yes,T12,primary,yes,26.75,24.5,2.25,False,True,544456,424155,618,"[14, 360]","[361, 596]",379,2026-08-11T14:06:08+09:00
49,4,yes,T16,primary,yes,26.5,24.25,2.25,False,True,544456,424155,618,"[14, 360]","[361, 596]",379,2026-08-11T14:06:08+09:00
49,4,yes,T20,primary,yes,26.5,24.375,2.125,False,True,544456,424155,618,"[14, 360]","[361, 596]",376,2026-08-11T14:06:09+09:00
49,4,yes,T24,primary,yes,26.375,24.5,1.875,False,True,544456,424155,618,"[14, 360]","[361, 596]",377,2026-08-11T14:06:09+09:00
49,4,yes,T0,primary,yes,26.875,24.5,2.375,False,True,544456,424155,618,"[14, 360]","[361, 596]",378,2026-08-11T14:06:10+09:00
49,4,yes,Trel8,primary,no,24.75,26.0,-1.25,False,False,544456,424155,618,"[14, 360]","[361, 596]",379,2026-08-11T14:06:10+09:00
1475,4,yes,S,primary,yes,26.125,25.0,1.125,False,True,236370,436470,427,,,249,2026-08-11T14:06:10+09:00
1475,4,yes,M,primary,yes,25.5,24.875,0.625,False,True,236370,436470,683,"[14, 406]","[407, 661]",445,2026-08-11T14:06:11+09:00
1475,4,yes,T4,primary,yes,25.75,25.5,0.25,False,True,236370,436470,683,"[14, 406]","[407, 661]",446,2026-08-11T14:06:11+09:00
1475,4,yes,T8,primary,yes,25.5,25.25,0.25,False,True,236370,436470,683,"[14, 406]","[407, 661]",450,2026-08-11T14:06:12+09:00
1475,4,yes,T12,primary,yes,25.625,25.5,0.125,False,True,236370,436470,683,"[14, 406]","[407, 661]",448,2026-08-11T14:06:12+09:00
1475,4,yes,T16,primary,no,25.125,25.125,0.0,True,False,236370,436470,683,"[14, 406]","[407, 661]",448,2026-08-11T14:06:13+09:00
1475,4,yes,T20,primary,yes,25.5,24.75,0.75,False,True,236370,436470,683,"[14, 406]","[407, 661]",447,2026-08-11T14:06:13+09:00
1475,4,yes,T24,primary,yes,25.625,25.0,0.625,False,True,236370,436470,683,"[14, 406]","[407, 661]",445,2026-08-11T14:06:13+09:00
1475,4,yes,T0,primary,yes,25.5,25.125,0.375,False,True,236370,436470,683,"[14, 406]","[407, 661]",447,2026-08-11T14:06:14+09:00
1475,4,yes,Trel8,primary,no,25.0,25.0,0.0,True,False,236370,436470,683,"[14, 406]","[407, 661]",446,2026-08-11T14:06:14+09:00
549,4,yes,S,primary,yes,26.625,25.625,1.0,False,True,81336,295055,372,,,198,2026-08-11T14:06:15+09:00
549,4,yes,M,primary,yes,26.125,24.875,1.25,False,True,81336,295055,766,"[14, 351]","[352, 744]",509,2026-08-11T14:06:15+09:00
549,4,yes,T4,primary,yes,25.875,25.375,0.5,False,True,81336,295055,766,"[14, 351]","[352, 744]",507,2026-08-11T14:06:16+09:00
549,4,yes,T8,primary,yes,25.75,25.25,0.5,False,True,81336,295055,766,"[14, 351]","[352, 744]",510,2026-08-11T14:06:16+09:00
549,4,yes,T12,primary,yes,25.75,25.0,0.75,False,True,81336,295055,766,"[14, 351]","[352, 744]",510,2026-08-11T14:06:17+09:00
549,4,yes,T16,primary,yes,25.375,24.5,0.875,False,True,81336,295055,766,"[14, 351]","[352, 744]",510,2026-08-11T14:06:17+09:00
549,4,yes,T20,primary,yes,26.0,24.625,1.375,False,True,81336,295055,766,"[14, 351]","[352, 744]",509,2026-08-11T14:06:18+09:00
549,4,yes,T24,primary,yes,26.5,24.875,1.625,False,True,81336,295055,766,"[14, 351]","[352, 744]",506,2026-08-11T14:06:18+09:00
549,4,yes,T0,primary,yes,26.0,25.25,0.75,False,True,81336,295055,766,"[14, 351]","[352, 744]",510,2026-08-11T14:06:19+09:00
549,4,yes,Trel8,primary,yes,25.5,24.625,0.875,False,True,81336,295055,766,"[14, 351]","[352, 744]",510,2026-08-11T14:06:19+09:00
1817,4,yes,S,primary,yes,25.125,25.0,0.125,False,True,188958,118606,428,,,248,2026-08-11T14:06:19+09:00
1817,4,yes,M,primary,no,24.5,24.75,-0.25,False,False,188958,118606,822,"[14, 406]","[407, 799]",573,2026-08-11T14:06:20+09:00
1817,4,yes,T4,primary,yes,25.375,24.75,0.625,False,True,188958,118606,822,"[14, 406]","[407, 799]",575,2026-08-11T14:06:21+09:00
1817,4,yes,T8,primary,yes,25.125,24.75,0.375,False,True,188958,118606,822,"[14, 406]","[407, 799]",576,2026-08-11T14:06:21+09:00
1817,4,yes,T12,primary,yes,25.125,24.75,0.375,False,True,188958,118606,822,"[14, 406]","[407, 799]",575,2026-08-11T14:06:22+09:00
1817,4,yes,T16,primary,yes,25.0,24.625,0.375,False,True,188958,118606,822,"[14, 406]","[407, 799]",576,2026-08-11T14:06:22+09:00
1817,4,yes,T20,primary,yes,25.0,24.75,0.25,False,True,188958,118606,822,"[14, 406]","[407, 799]",578,2026-08-11T14:06:23+09:00
1817,4,yes,T24,primary,no,24.75,25.0,-0.25,False,False,188958,118606,822,"[14, 406]","[407, 799]",579,2026-08-11T14:06:23+09:00
1817,4,yes,T0,primary,yes,25.125,24.625,0.5,False,True,188958,118606,822,"[14, 406]","[407, 799]",580,2026-08-11T14:06:24+09:00
1817,4,yes,Trel8,primary,no,24.5,24.625,-0.125,False,False,188958,118606,822,"[14, 406]","[407, 799]",576,2026-08-11T14:06:25+09:00
819,4,yes,S,primary,yes,27.375,24.375,3.0,False,True,500473,7398,427,,,250,2026-08-11T14:06:25+09:00
819,4,yes,M,primary,yes,27.125,24.5,2.625,False,True,500473,7398,729,"[14, 406]","[407, 707]",487,2026-08-11T14:06:25+09:00
819,4,yes,T4,primary,yes,26.25,24.625,1.625,False,True,500473,7398,729,"[14, 406]","[407, 707]",489,2026-08-11T14:06:26+09:00
819,4,yes,T8,primary,yes,26.125,24.625,1.5,False,True,500473,7398,729,"[14, 406]","[407, 707]",490,2026-08-11T14:06:26+09:00
819,4,yes,T12,primary,yes,26.25,24.5,1.75,False,True,500473,7398,729,"[14, 406]","[407, 707]",489,2026-08-11T14:06:27+09:00
819,4,yes,T16,primary,yes,25.875,24.25,1.625,False,True,500473,7398,729,"[14, 406]","[407, 707]",489,2026-08-11T14:06:27+09:00
819,4,yes,T20,primary,yes,27.125,24.5,2.625,False,True,500473,7398,729,"[14, 406]","[407, 707]",488,2026-08-11T14:06:28+09:00
819,4,yes,T24,primary,yes,27.25,24.625,2.625,False,True,500473,7398,729,"[14, 406]","[407, 707]",492,2026-08-11T14:06:28+09:00
819,4,yes,T0,primary,yes,26.0,24.5,1.5,False,True,500473,7398,729,"[14, 406]","[407, 707]",492,2026-08-11T14:06:29+09:00
819,4,yes,Trel8,primary,yes,27.625,24.75,2.875,False,True,500473,7398,729,"[14, 406]","[407, 707]",491,2026-08-11T14:06:29+09:00
2243,4,yes,M,primary,yes,26.625,24.75,1.875,False,True,304819,15074,664,"[14, 406]","[407, 642]",430,2026-08-11T14:06:30+09:00
2243,4,yes,T4,primary,no,25.25,26.5,-1.25,False,False,304819,15074,664,"[14, 406]","[407, 642]",431,2026-08-11T14:06:30+09:00
2243,4,yes,T8,primary,no,25.0,26.125,-1.125,False,False,304819,15074,664,"[14, 406]","[407, 642]",431,2026-08-11T14:06:31+09:00
2243,4,yes,T12,primary,no,25.0,25.75,-0.75,False,False,304819,15074,664,"[14, 406]","[407, 642]",435,2026-08-11T14:06:31+09:00
2243,4,yes,T16,primary,no,24.75,24.75,0.0,True,False,304819,15074,664,"[14, 406]","[407, 642]",433,2026-08-11T14:06:32+09:00
2243,4,yes,T20,primary,yes,25.25,24.375,0.875,False,True,304819,15074,664,"[14, 406]","[407, 642]",433,2026-08-11T14:06:32+09:00
2243,4,yes,T24,primary,yes,26.625,24.75,1.875,False,True,304819,15074,664,"[14, 406]","[407, 642]",433,2026-08-11T14:06:32+09:00
2243,4,yes,T0,primary,no,25.125,26.5,-1.375,False,False,304819,15074,664,"[14, 406]","[407, 642]",435,2026-08-11T14:06:33+09:00
2243,4,yes,Trel8,primary,yes,28.0,25.375,2.625,False,True,304819,15074,664,"[14, 406]","[407, 642]",432,2026-08-11T14:06:33+09:00
415,4,yes,S,primary,yes,27.5,24.0,3.5,False,True,7320,388481,270,,,134,2026-08-11T14:06:33+09:00
415,4,yes,M,primary,yes,26.375,24.0,2.375,False,True,7320,388481,664,"[14, 249]","[250, 642]",429,2026-08-11T14:06:34+09:00
415,4,yes,T4,primary,yes,27.0,24.5,2.5,False,True,7320,388481,664,"[14, 249]","[250, 642]",431,2026-08-11T14:06:34+09:00
415,4,yes,T8,primary,yes,27.125,24.5,2.625,False,True,7320,388481,664,"[14, 249]","[250, 642]",432,2026-08-11T14:06:35+09:00
415,4,yes,T12,primary,yes,27.0,24.25,2.75,False,True,7320,388481,664,"[14, 249]","[250, 642]",431,2026-08-11T14:06:35+09:00
415,4,yes,T16,primary,yes,26.875,24.0,2.875,False,True,7320,388481,664,"[14, 249]","[250, 642]",432,2026-08-11T14:06:36+09:00
415,4,yes,T20,primary,yes,26.75,24.125,2.625,False,True,7320,388481,664,"[14, 249]","[250, 642]",432,2026-08-11T14:06:36+09:00
415,4,yes,T24,primary,yes,26.75,24.25,2.5,False,True,7320,388481,664,"[14, 249]","[250, 642]",433,2026-08-11T14:06:37+09:00
415,4,yes,T0,primary,yes,26.875,24.0,2.875,False,True,7320,388481,664,"[14, 249]","[250, 642]",435,2026-08-11T14:06:37+09:00
415,4,yes,Trel8,primary,no,25.0,25.0,0.0,True,False,7320,388481,664,"[14, 249]","[250, 642]",435,2026-08-11T14:06:37+09:00
2783,4,yes,S,primary,yes,26.0,24.625,1.375,False,True,79213,107858,427,,,249,2026-08-11T14:06:38+09:00
2783,4,yes,M,primary,yes,26.0,24.75,1.25,False,True,79213,107858,626,"[14, 406]","[407, 604]",386,2026-08-11T14:06:38+09:00
2783,4,yes,T4,primary,yes,25.625,24.625,1.0,False,True,79213,107858,626,"[14, 406]","[407, 604]",386,2026-08-11T14:06:38+09:00
2783,4,yes,T8,primary,yes,25.25,24.375,0.875,False,True,79213,107858,626,"[14, 406]","[407, 604]",387,2026-08-11T14:06:39+09:00
2783,4,yes,T12,primary,yes,25.375,24.375,1.0,False,True,79213,107858,626,"[14, 406]","[407, 604]",387,2026-08-11T14:06:39+09:00
2783,4,yes,T16,primary,yes,25.375,24.0,1.375,False,True,79213,107858,626,"[14, 406]","[407, 604]",386,2026-08-11T14:06:40+09:00
2783,4,yes,T20,primary,yes,25.75,24.25,1.5,False,True,79213,107858,626,"[14, 406]","[407, 604]",388,2026-08-11T14:06:40+09:00
2783,4,yes,T24,primary,yes,25.5,24.5,1.0,False,True,79213,107858,626,"[14, 406]","[407, 604]",386,2026-08-11T14:06:40+09:00
2783,4,yes,T0,primary,yes,25.25,24.125,1.125,False,True,79213,107858,626,"[14, 406]","[407, 604]",385,2026-08-11T14:06:41+09:00
2783,4,yes,Trel8,primary,yes,26.75,25.75,1.0,False,True,79213,107858,626,"[14, 406]","[407, 604]",387,2026-08-11T14:06:41+09:00
2549,4,yes,S,primary,yes,29.5,25.25,4.25,False,True,163575,451155,473,,,266,2026-08-11T14:06:41+09:00
2549,4,yes,M,primary,yes,29.25,25.375,3.875,False,True,163575,451155,867,"[14, 452]","[453, 845]",609,2026-08-11T14:06:42+09:00
2549,4,yes,T4,primary,yes,28.125,25.0,3.125,False,True,163575,451155,867,"[14, 452]","[453, 845]",611,2026-08-11T14:06:43+09:00
2549,4,yes,T8,primary,yes,28.125,25.0,3.125,False,True,163575,451155,867,"[14, 452]","[453, 845]",609,2026-08-11T14:06:43+09:00
2549,4,yes,T12,primary,yes,28.0,25.0,3.0,False,True,163575,451155,867,"[14, 452]","[453, 845]",610,2026-08-11T14:06:44+09:00
2549,4,yes,T16,primary,yes,27.875,24.875,3.0,False,True,163575,451155,867,"[14, 452]","[453, 845]",610,2026-08-11T14:06:45+09:00
2549,4,yes,T20,primary,yes,29.25,25.5,3.75,False,True,163575,451155,867,"[14, 452]","[453, 845]",609,2026-08-11T14:06:45+09:00
2549,4,yes,T24,primary,yes,29.625,25.5,4.125,False,True,163575,451155,867,"[14, 452]","[453, 845]",608,2026-08-11T14:06:46+09:00
2549,4,yes,T0,primary,yes,28.375,25.0,3.375,False,True,163575,451155,867,"[14, 452]","[453, 845]",610,2026-08-11T14:06:46+09:00
2549,4,yes,Trel8,primary,yes,27.125,24.75,2.375,False,True,163575,451155,867,"[14, 452]","[453, 845]",610,2026-08-11T14:06:47+09:00
941,4,yes,M,primary,yes,25.5,25.25,0.25,False,True,280734,299601,869,"[14, 360]","[361, 846]",605,2026-08-11T14:06:48+09:00
941,4,yes,T4,primary,yes,25.75,25.5,0.25,False,True,280734,299601,869,"[14, 360]","[361, 846]",604,2026-08-11T14:06:48+09:00
941,4,yes,T8,primary,yes,25.75,25.5,0.25,False,True,280734,299601,869,"[14, 360]","[361, 846]",613,2026-08-11T14:06:49+09:00
941,4,yes,T12,primary,yes,25.75,25.5,0.25,False,True,280734,299601,869,"[14, 360]","[361, 846]",608,2026-08-11T14:06:49+09:00
941,4,yes,T16,primary,no,25.625,25.625,0.0,True,False,280734,299601,869,"[14, 360]","[361, 846]",611,2026-08-11T14:06:50+09:00
941,4,yes,T20,primary,yes,25.875,25.375,0.5,False,True,280734,299601,869,"[14, 360]","[361, 846]",612,2026-08-11T14:06:51+09:00
941,4,yes,T24,primary,yes,25.5,25.125,0.375,False,True,280734,299601,869,"[14, 360]","[361, 846]",610,2026-08-11T14:06:51+09:00
941,4,yes,T0,primary,yes,25.75,25.5,0.25,False,True,280734,299601,869,"[14, 360]","[361, 846]",608,2026-08-11T14:06:52+09:00
941,4,yes,Trel8,primary,no,25.125,25.125,0.0,True,False,280734,299601,869,"[14, 360]","[361, 846]",608,2026-08-11T14:06:53+09:00
2879,4,yes,S,primary,yes,28.125,24.625,3.5,False,True,8749,557731,382,,,205,2026-08-11T14:06:53+09:00
2879,4,yes,M,primary,yes,27.0,24.625,2.375,False,True,8749,557731,619,"[14, 360]","[361, 596]",378,2026-08-11T14:06:53+09:00
2879,4,yes,T4,primary,yes,27.0,25.125,1.875,False,True,8749,557731,619,"[14, 360]","[361, 596]",379,2026-08-11T14:06:54+09:00
2879,4,yes,T8,primary,yes,27.0,25.0,2.0,False,True,8749,557731,619,"[14, 360]","[361, 596]",380,2026-08-11T14:06:54+09:00
2879,4,yes,T12,primary,yes,26.875,24.75,2.125,False,True,8749,557731,619,"[14, 360]","[361, 596]",381,2026-08-11T14:06:54+09:00
2879,4,yes,T16,primary,yes,26.75,24.625,2.125,False,True,8749,557731,619,"[14, 360]","[361, 596]",382,2026-08-11T14:06:55+09:00
2879,4,yes,T20,primary,yes,26.5,24.5,2.0,False,True,8749,557731,619,"[14, 360]","[361, 596]",379,2026-08-11T14:06:55+09:00
2879,4,yes,T24,primary,yes,27.375,24.625,2.75,False,True,8749,557731,619,"[14, 360]","[361, 596]",381,2026-08-11T14:06:55+09:00
2879,4,yes,T0,primary,yes,27.0,24.875,2.125,False,True,8749,557731,619,"[14, 360]","[361, 596]",380,2026-08-11T14:06:56+09:00
2879,4,yes,Trel8,primary,yes,25.375,24.75,0.625,False,True,8749,557731,619,"[14, 360]","[361, 596]",378,2026-08-11T14:06:56+09:00
2353,4,yes,M,primary,yes,27.0,24.75,2.25,False,True,44993,35368,868,"[14, 360]","[361, 846]",604,2026-08-11T14:06:57+09:00
2353,4,yes,T4,primary,yes,25.5,25.125,0.375,False,True,44993,35368,868,"[14, 360]","[361, 846]",606,2026-08-11T14:06:57+09:00
2353,4,yes,T8,primary,yes,25.5,25.25,0.25,False,True,44993,35368,868,"[14, 360]","[361, 846]",607,2026-08-11T14:06:58+09:00
2353,4,yes,T12,primary,yes,25.375,25.0,0.375,False,True,44993,35368,868,"[14, 360]","[361, 846]",604,2026-08-11T14:06:59+09:00
2353,4,yes,T16,primary,yes,25.5,25.0,0.5,False,True,44993,35368,868,"[14, 360]","[361, 846]",608,2026-08-11T14:06:59+09:00
2353,4,yes,T20,primary,yes,26.25,24.875,1.375,False,True,44993,35368,868,"[14, 360]","[361, 846]",604,2026-08-11T14:07:00+09:00
2353,4,yes,T24,primary,yes,26.875,24.75,2.125,False,True,44993,35368,868,"[14, 360]","[361, 846]",606,2026-08-11T14:07:00+09:00
2353,4,yes,Trel8,primary,yes,27.125,25.125,2.0,False,True,44993,35368,868,"[14, 360]","[361, 846]",603,2026-08-11T14:07:01+09:00
1313,4,yes,M,primary,no,25.375,25.5,-0.125,False,False,333237,198464,730,"[14, 360]","[361, 707]",479,2026-08-11T14:07:02+09:00
1313,4,yes,T4,primary,no,25.5,25.75,-0.25,False,False,333237,198464,730,"[14, 360]","[361, 707]",479,2026-08-11T14:07:02+09:00
1313,4,yes,T8,primary,no,25.25,25.625,-0.375,False,False,333237,198464,730,"[14, 360]","[361, 707]",479,2026-08-11T14:07:03+09:00
1313,4,yes,T12,primary,no,25.375,25.625,-0.25,False,False,333237,198464,730,"[14, 360]","[361, 707]",478,2026-08-11T14:07:03+09:00
1313,4,yes,T16,primary,no,25.25,25.75,-0.5,False,False,333237,198464,730,"[14, 360]","[361, 707]",480,2026-08-11T14:07:04+09:00
1313,4,yes,T20,primary,no,25.375,25.625,-0.25,False,False,333237,198464,730,"[14, 360]","[361, 707]",481,2026-08-11T14:07:04+09:00
1313,4,yes,T24,primary,no,25.5,25.625,-0.125,False,False,333237,198464,730,"[14, 360]","[361, 707]",482,2026-08-11T14:07:04+09:00
1313,4,yes,Trel8,primary,yes,26.25,24.875,1.375,False,True,333237,198464,730,"[14, 360]","[361, 707]",479,2026-08-11T14:07:05+09:00
1829,4,yes,M,primary,yes,26.625,25.0,1.625,False,True,198397,566543,679,"[14, 309]","[310, 656]",436,2026-08-11T14:07:05+09:00
1829,4,yes,T4,primary,yes,26.375,25.375,1.0,False,True,198397,566543,679,"[14, 309]","[310, 656]",436,2026-08-11T14:07:06+09:00
1829,4,yes,T8,primary,yes,26.125,25.0,1.125,False,True,198397,566543,679,"[14, 309]","[310, 656]",437,2026-08-11T14:07:06+09:00
1829,4,yes,T12,primary,yes,26.0,24.875,1.125,False,True,198397,566543,679,"[14, 309]","[310, 656]",438,2026-08-11T14:07:07+09:00
1829,4,yes,T16,primary,yes,25.75,24.75,1.0,False,True,198397,566543,679,"[14, 309]","[310, 656]",436,2026-08-11T14:07:07+09:00
1829,4,yes,T20,primary,yes,26.375,24.75,1.625,False,True,198397,566543,679,"[14, 309]","[310, 656]",436,2026-08-11T14:07:08+09:00
1829,4,yes,T24,primary,yes,26.625,24.875,1.75,False,True,198397,566543,679,"[14, 309]","[310, 656]",438,2026-08-11T14:07:08+09:00
1829,4,yes,T0,primary,yes,26.375,25.125,1.25,False,True,198397,566543,679,"[14, 309]","[310, 656]",439,2026-08-11T14:07:09+09:00
1829,4,yes,Trel8,primary,yes,27.125,24.875,2.25,False,True,198397,566543,679,"[14, 309]","[310, 656]",438,2026-08-11T14:07:09+09:00
1371,4,yes,S,primary,yes,27.0,24.5,2.5,False,True,280810,302077,270,,,134,2026-08-11T14:07:09+09:00
1371,4,yes,M,primary,yes,26.875,24.625,2.25,False,True,280810,302077,489,"[14, 249]","[250, 467]",280,2026-08-11T14:07:09+09:00
1371,4,yes,T4,primary,yes,26.0,24.875,1.125,False,True,280810,302077,489,"[14, 249]","[250, 467]",282,2026-08-11T14:07:10+09:00
1371,4,yes,T8,primary,yes,25.875,24.75,1.125,False,True,280810,302077,489,"[14, 249]","[250, 467]",281,2026-08-11T14:07:10+09:00
1371,4,yes,T12,primary,yes,25.875,24.625,1.25,False,True,280810,302077,489,"[14, 249]","[250, 467]",283,2026-08-11T14:07:10+09:00
1371,4,yes,T16,primary,yes,26.0,24.5,1.5,False,True,280810,302077,489,"[14, 249]","[250, 467]",285,2026-08-11T14:07:11+09:00
1371,4,yes,T20,primary,yes,26.25,24.375,1.875,False,True,280810,302077,489,"[14, 249]","[250, 467]",285,2026-08-11T14:07:11+09:00
1371,4,yes,T24,primary,yes,27.125,24.75,2.375,False,True,280810,302077,489,"[14, 249]","[250, 467]",284,2026-08-11T14:07:11+09:00
1371,4,yes,T0,primary,yes,26.375,24.875,1.5,False,True,280810,302077,489,"[14, 249]","[250, 467]",283,2026-08-11T14:07:11+09:00
1371,4,yes,Trel8,primary,no,24.875,26.5,-1.625,False,False,280810,302077,489,"[14, 249]","[250, 467]",281,2026-08-11T14:07:12+09:00
777,4,yes,S,primary,yes,29.0,24.625,4.375,False,True,551881,223671,429,,,248,2026-08-11T14:07:12+09:00
777,4,yes,M,primary,yes,27.375,24.5,2.875,False,True,551881,223671,823,"[14, 406]","[407, 799]",571,2026-08-11T14:07:13+09:00
777,4,yes,T4,primary,yes,26.75,25.0,1.75,False,True,551881,223671,823,"[14, 406]","[407, 799]",573,2026-08-11T14:07:13+09:00
777,4,yes,T8,primary,yes,26.75,24.875,1.875,False,True,551881,223671,823,"[14, 406]","[407, 799]",578,2026-08-11T14:07:14+09:00
777,4,yes,T12,primary,yes,26.75,25.0,1.75,False,True,551881,223671,823,"[14, 406]","[407, 799]",579,2026-08-11T14:07:14+09:00
777,4,yes,T16,primary,yes,26.75,24.875,1.875,False,True,551881,223671,823,"[14, 406]","[407, 799]",579,2026-08-11T14:07:15+09:00
777,4,yes,T20,primary,yes,27.5,24.75,2.75,False,True,551881,223671,823,"[14, 406]","[407, 799]",579,2026-08-11T14:07:15+09:00
777,4,yes,T24,primary,yes,27.75,24.75,3.0,False,True,551881,223671,823,"[14, 406]","[407, 799]",578,2026-08-11T14:07:16+09:00
777,4,yes,T0,primary,yes,27.0,25.0,2.0,False,True,551881,223671,823,"[14, 406]","[407, 799]",575,2026-08-11T14:07:17+09:00
777,4,yes,Trel8,primary,yes,27.375,24.375,3.0,False,True,551881,223671,823,"[14, 406]","[407, 799]",578,2026-08-11T14:07:17+09:00
545,4,yes,S,primary,yes,29.25,25.25,4.0,False,True,13348,450483,381,,,205,2026-08-11T14:07:17+09:00
545,4,yes,M,primary,yes,29.0,25.375,3.625,False,True,13348,450483,868,"[14, 360]","[361, 846]",603,2026-08-11T14:07:18+09:00
545,4,yes,T4,primary,yes,27.375,25.125,2.25,False,True,13348,450483,868,"[14, 360]","[361, 846]",605,2026-08-11T14:07:19+09:00
545,4,yes,T8,primary,yes,27.25,24.875,2.375,False,True,13348,450483,868,"[14, 360]","[361, 846]",607,2026-08-11T14:07:19+09:00
545,4,yes,T12,primary,yes,27.5,25.0,2.5,False,True,13348,450483,868,"[14, 360]","[361, 846]",604,2026-08-11T14:07:20+09:00
545,4,yes,T16,primary,yes,27.5,24.875,2.625,False,True,13348,450483,868,"[14, 360]","[361, 846]",609,2026-08-11T14:07:20+09:00
545,4,yes,T20,primary,yes,28.125,25.0,3.125,False,True,13348,450483,868,"[14, 360]","[361, 846]",607,2026-08-11T14:07:21+09:00
545,4,yes,T24,primary,yes,29.25,25.375,3.875,False,True,13348,450483,868,"[14, 360]","[361, 846]",608,2026-08-11T14:07:22+09:00
545,4,yes,T0,primary,yes,27.5,24.875,2.625,False,True,13348,450483,868,"[14, 360]","[361, 846]",608,2026-08-11T14:07:22+09:00
545,4,yes,Trel8,primary,yes,28.25,25.125,3.125,False,True,13348,450483,868,"[14, 360]","[361, 846]",606,2026-08-11T14:07:23+09:00
1463,4,yes,M,primary,yes,25.375,25.25,0.125,False,True,115626,179265,776,"[14, 406]","[407, 753]",523,2026-08-11T14:07:23+09:00
1463,4,yes,T4,primary,no,25.375,25.5,-0.125,False,False,115626,179265,776,"[14, 406]","[407, 753]",523,2026-08-11T14:07:24+09:00
1463,4,yes,T8,primary,no,25.25,25.5,-0.25,False,False,115626,179265,776,"[14, 406]","[407, 753]",523,2026-08-11T14:07:25+09:00
1463,4,yes,T12,primary,no,25.25,25.375,-0.125,False,False,115626,179265,776,"[14, 406]","[407, 753]",525,2026-08-11T14:07:25+09:00
1463,4,yes,T16,primary,no,25.0,25.25,-0.25,False,False,115626,179265,776,"[14, 406]","[407, 753]",522,2026-08-11T14:07:26+09:00
1463,4,yes,T20,primary,yes,25.25,25.125,0.125,False,True,115626,179265,776,"[14, 406]","[407, 753]",523,2026-08-11T14:07:26+09:00
1463,4,yes,T24,primary,yes,25.5,25.25,0.25,False,True,115626,179265,776,"[14, 406]","[407, 753]",526,2026-08-11T14:07:27+09:00
1463,4,yes,T0,primary,yes,25.5,25.375,0.125,False,True,115626,179265,776,"[14, 406]","[407, 753]",528,2026-08-11T14:07:27+09:00
1463,4,yes,Trel8,primary,no,24.625,26.75,-2.125,False,False,115626,179265,776,"[14, 406]","[407, 753]",524,2026-08-11T14:07:28+09:00
833,4,yes,S,primary,yes,28.625,24.875,3.75,False,True,167110,262148,381,,,206,2026-08-11T14:07:28+09:00
833,4,yes,M,primary,yes,27.875,24.75,3.125,False,True,167110,262148,798,"[14, 360]","[361, 776]",539,2026-08-11T14:07:28+09:00
833,4,yes,T4,primary,yes,27.5,25.0,2.5,False,True,167110,262148,798,"[14, 360]","[361, 776]",540,2026-08-11T14:07:29+09:00
833,4,yes,T8,primary,yes,27.5,25.0,2.5,False,True,167110,262148,798,"[14, 360]","[361, 776]",540,2026-08-11T14:07:30+09:00
833,4,yes,T12,primary,yes,27.375,24.875,2.5,False,True,167110,262148,798,"[14, 360]","[361, 776]",539,2026-08-11T14:07:30+09:00
833,4,yes,T16,primary,yes,27.375,24.75,2.625,False,True,167110,262148,798,"[14, 360]","[361, 776]",539,2026-08-11T14:07:31+09:00
833,4,yes,T20,primary,yes,27.75,24.75,3.0,False,True,167110,262148,798,"[14, 360]","[361, 776]",541,2026-08-11T14:07:31+09:00
833,4,yes,T24,primary,yes,28.25,24.875,3.375,False,True,167110,262148,798,"[14, 360]","[361, 776]",542,2026-08-11T14:07:32+09:00
833,4,yes,T0,primary,yes,27.375,24.875,2.5,False,True,167110,262148,798,"[14, 360]","[361, 776]",538,2026-08-11T14:07:32+09:00
833,4,yes,Trel8,primary,yes,27.0,24.75,2.25,False,True,167110,262148,798,"[14, 360]","[361, 776]",539,2026-08-11T14:07:33+09:00
557,4,yes,S,primary,yes,27.375,25.25,2.125,False,True,190185,394079,427,,,250,2026-08-11T14:07:33+09:00
557,4,yes,M,primary,yes,27.0,25.125,1.875,False,True,190185,394079,821,"[14, 406]","[407, 799]",574,2026-08-11T14:07:34+09:00
557,4,yes,T4,primary,yes,26.75,25.125,1.625,False,True,190185,394079,821,"[14, 406]","[407, 799]",577,2026-08-11T14:07:34+09:00
557,4,yes,T8,primary,yes,26.25,25.0,1.25,False,True,190185,394079,821,"[14, 406]","[407, 799]",576,2026-08-11T14:07:35+09:00
557,4,yes,T12,primary,yes,26.625,25.0,1.625,False,True,190185,394079,821,"[14, 406]","[407, 799]",577,2026-08-11T14:07:35+09:00
557,4,yes,T16,primary,yes,26.75,25.0,1.75,False,True,190185,394079,821,"[14, 406]","[407, 799]",576,2026-08-11T14:07:36+09:00
557,4,yes,T20,primary,yes,26.625,24.875,1.75,False,True,190185,394079,821,"[14, 406]","[407, 799]",573,2026-08-11T14:07:37+09:00
557,4,yes,T24,primary,yes,27.0,25.0,2.0,False,True,190185,394079,821,"[14, 406]","[407, 799]",573,2026-08-11T14:07:37+09:00
557,4,yes,T0,primary,yes,27.25,25.125,2.125,False,True,190185,394079,821,"[14, 406]","[407, 799]",576,2026-08-11T14:07:38+09:00
557,4,yes,Trel8,primary,yes,26.375,24.875,1.5,False,True,190185,394079,821,"[14, 406]","[407, 799]",577,2026-08-11T14:07:38+09:00
679,4,yes,S,primary,yes,29.125,24.625,4.5,False,True,94501,423892,565,,,332,2026-08-11T14:07:39+09:00
679,4,yes,M,primary,yes,28.25,24.875,3.375,False,True,94501,423892,784,"[14, 544]","[545, 762]",521,2026-08-11T14:07:39+09:00
679,4,yes,T4,primary,yes,28.25,24.75,3.5,False,True,94501,423892,784,"[14, 544]","[545, 762]",526,2026-08-11T14:07:40+09:00
679,4,yes,T8,primary,yes,28.125,24.75,3.375,False,True,94501,423892,784,"[14, 544]","[545, 762]",528,2026-08-11T14:07:40+09:00
679,4,yes,T12,primary,yes,28.125,24.625,3.5,False,True,94501,423892,784,"[14, 544]","[545, 762]",527,2026-08-11T14:07:41+09:00
679,4,yes,T16,primary,yes,27.75,24.125,3.625,False,True,94501,423892,784,"[14, 544]","[545, 762]",529,2026-08-11T14:07:41+09:00
679,4,yes,T20,primary,yes,27.75,24.375,3.375,False,True,94501,423892,784,"[14, 544]","[545, 762]",527,2026-08-11T14:07:42+09:00
679,4,yes,T24,primary,yes,28.375,24.875,3.5,False,True,94501,423892,784,"[14, 544]","[545, 762]",528,2026-08-11T14:07:42+09:00
679,4,yes,T0,primary,yes,28.375,24.625,3.75,False,True,94501,423892,784,"[14, 544]","[545, 762]",526,2026-08-11T14:07:43+09:00
679,4,yes,Trel8,primary,yes,25.625,25.0,0.625,False,True,94501,423892,784,"[14, 544]","[545, 762]",525,2026-08-11T14:07:43+09:00
197,4,yes,S,primary,no,24.75,27.375,-2.625,False,False,526321,547196,253,,,121,2026-08-11T14:07:44+09:00
197,4,yes,M,primary,no,24.75,25.125,-0.375,False,False,526321,547196,532,"[14, 231]","[232, 509]",303,2026-08-11T14:07:44+09:00
197,4,yes,T4,primary,no,25.125,27.375,-2.25,False,False,526321,547196,532,"[14, 231]","[232, 509]",303,2026-08-11T14:07:44+09:00
197,4,yes,T8,primary,no,25.125,27.375,-2.25,False,False,526321,547196,532,"[14, 231]","[232, 509]",305,2026-08-11T14:07:45+09:00
197,4,yes,T12,primary,no,25.125,27.0,-1.875,False,False,526321,547196,532,"[14, 231]","[232, 509]",306,2026-08-11T14:07:45+09:00
197,4,yes,T16,primary,no,24.875,25.25,-0.375,False,False,526321,547196,532,"[14, 231]","[232, 509]",304,2026-08-11T14:07:45+09:00
197,4,yes,T20,primary,yes,25.25,24.25,1.0,False,True,526321,547196,532,"[14, 231]","[232, 509]",304,2026-08-11T14:07:45+09:00
197,4,yes,T24,primary,no,25.0,25.375,-0.375,False,False,526321,547196,532,"[14, 231]","[232, 509]",305,2026-08-11T14:07:46+09:00
197,4,yes,T0,primary,no,25.125,27.5,-2.375,False,False,526321,547196,532,"[14, 231]","[232, 509]",305,2026-08-11T14:07:46+09:00
197,4,yes,Trel8,primary,yes,27.0,24.75,2.25,False,True,526321,547196,532,"[14, 231]","[232, 509]",305,2026-08-11T14:07:46+09:00
1963,4,yes,M,primary,yes,29.0,25.0,4.0,False,True,379404,122020,936,"[14, 383]","[384, 914]",674,2026-08-11T14:07:47+09:00
1963,4,yes,T4,primary,yes,28.875,25.125,3.75,False,True,379404,122020,936,"[14, 383]","[384, 914]",677,2026-08-11T14:07:48+09:00
1963,4,yes,T8,primary,yes,28.875,25.0,3.875,False,True,379404,122020,936,"[14, 383]","[384, 914]",677,2026-08-11T14:07:48+09:00
1963,4,yes,T12,primary,yes,29.0,24.875,4.125,False,True,379404,122020,936,"[14, 383]","[384, 914]",678,2026-08-11T14:07:49+09:00
1963,4,yes,T16,primary,yes,29.125,25.125,4.0,False,True,379404,122020,936,"[14, 383]","[384, 914]",676,2026-08-11T14:07:50+09:00
1963,4,yes,T20,primary,yes,29.375,24.875,4.5,False,True,379404,122020,936,"[14, 383]","[384, 914]",673,2026-08-11T14:07:50+09:00
1963,4,yes,T24,primary,yes,30.0,25.375,4.625,False,True,379404,122020,936,"[14, 383]","[384, 914]",677,2026-08-11T14:07:51+09:00
1963,4,yes,Trel8,primary,yes,29.125,25.0,4.125,False,True,379404,122020,936,"[14, 383]","[384, 914]",677,2026-08-11T14:07:52+09:00
615,4,yes,M,primary,yes,24.875,23.75,1.125,False,True,580294,69340,752,"[14, 383]","[384, 730]",490,2026-08-11T14:07:52+09:00
615,4,yes,T4,primary,yes,25.125,24.25,0.875,False,True,580294,69340,752,"[14, 383]","[384, 730]",490,2026-08-11T14:07:53+09:00
615,4,yes,T8,primary,yes,24.875,24.0,0.875,False,True,580294,69340,752,"[14, 383]","[384, 730]",493,2026-08-11T14:07:53+09:00
615,4,yes,T12,primary,yes,24.875,23.875,1.0,False,True,580294,69340,752,"[14, 383]","[384, 730]",493,2026-08-11T14:07:54+09:00
615,4,yes,T16,primary,yes,24.5,23.5,1.0,False,True,580294,69340,752,"[14, 383]","[384, 730]",491,2026-08-11T14:07:54+09:00
615,4,yes,T20,primary,yes,24.75,23.75,1.0,False,True,580294,69340,752,"[14, 383]","[384, 730]",490,2026-08-11T14:07:55+09:00
615,4,yes,T24,primary,yes,25.0,24.0,1.0,False,True,580294,69340,752,"[14, 383]","[384, 730]",492,2026-08-11T14:07:55+09:00
615,4,yes,Trel8,primary,yes,25.625,24.375,1.25,False,True,580294,69340,752,"[14, 383]","[384, 730]",492,2026-08-11T14:07:56+09:00
873,4,yes,M,primary,yes,27.0,24.625,2.375,False,True,424642,440562,664,"[14, 249]","[250, 642]",431,2026-08-11T14:07:56+09:00
873,4,yes,T4,primary,no,24.875,27.5,-2.625,False,False,424642,440562,664,"[14, 249]","[250, 642]",431,2026-08-11T14:07:57+09:00
873,4,yes,T8,primary,no,24.75,27.25,-2.5,False,False,424642,440562,664,"[14, 249]","[250, 642]",432,2026-08-11T14:07:57+09:00
873,4,yes,T12,primary,no,24.75,27.0,-2.25,False,False,424642,440562,664,"[14, 249]","[250, 642]",433,2026-08-11T14:07:58+09:00
873,4,yes,T16,primary,no,23.625,26.0,-2.375,False,False,424642,440562,664,"[14, 249]","[250, 642]",433,2026-08-11T14:07:58+09:00
873,4,yes,T20,primary,yes,25.0,24.25,0.75,False,True,424642,440562,664,"[14, 249]","[250, 642]",434,2026-08-11T14:07:58+09:00
873,4,yes,T24,primary,yes,27.125,24.875,2.25,False,True,424642,440562,664,"[14, 249]","[250, 642]",433,2026-08-11T14:07:59+09:00
873,4,yes,Trel8,primary,yes,27.5,24.75,2.75,False,True,424642,440562,664,"[14, 249]","[250, 642]",433,2026-08-11T14:07:59+09:00
1075,4,yes,M,primary,yes,28.0,24.75,3.25,False,True,227204,263178,867,"[14, 406]","[407, 845]",608,2026-08-11T14:08:00+09:00
1075,4,yes,T4,primary,yes,25.625,25.0,0.625,False,True,227204,263178,867,"[14, 406]","[407, 845]",608,2026-08-11T14:08:01+09:00
1075,4,yes,T8,primary,yes,25.5,24.625,0.875,False,True,227204,263178,867,"[14, 406]","[407, 845]",609,2026-08-11T14:08:01+09:00
1075,4,yes,T12,primary,yes,25.5,24.875,0.625,False,True,227204,263178,867,"[14, 406]","[407, 845]",608,2026-08-11T14:08:02+09:00
1075,4,yes,T16,primary,yes,25.0,24.625,0.375,False,True,227204,263178,867,"[14, 406]","[407, 845]",611,2026-08-11T14:08:02+09:00
1075,4,yes,T20,primary,yes,26.875,24.75,2.125,False,True,227204,263178,867,"[14, 406]","[407, 845]",608,2026-08-11T14:08:03+09:00
1075,4,yes,T24,primary,yes,28.75,25.0,3.75,False,True,227204,263178,867,"[14, 406]","[407, 845]",613,2026-08-11T14:08:04+09:00
1075,4,yes,Trel8,primary,yes,28.5,25.0,3.5,False,True,227204,263178,867,"[14, 406]","[407, 845]",611,2026-08-11T14:08:04+09:00
955,4,yes,S,primary,yes,28.875,24.875,4.0,False,True,489728,266176,427,,,249,2026-08-11T14:08:05+09:00
955,4,yes,M,primary,yes,26.375,24.125,2.25,False,True,489728,266176,775,"[14, 406]","[407, 753]",523,2026-08-11T14:08:05+09:00
955,4,yes,T4,primary,yes,27.5,24.875,2.625,False,True,489728,266176,775,"[14, 406]","[407, 753]",525,2026-08-11T14:08:06+09:00
955,4,yes,T8,primary,yes,27.25,24.875,2.375,False,True,489728,266176,775,"[14, 406]","[407, 753]",526,2026-08-11T14:08:06+09:00
955,4,yes,T12,primary,yes,27.375,24.875,2.5,False,True,489728,266176,775,"[14, 406]","[407, 753]",526,2026-08-11T14:08:07+09:00
955,4,yes,T16,primary,yes,27.0,24.75,2.25,False,True,489728,266176,775,"[14, 406]","[407, 753]",529,2026-08-11T14:08:07+09:00
955,4,yes,T20,primary,yes,26.625,24.375,2.25,False,True,489728,266176,775,"[14, 406]","[407, 753]",525,2026-08-11T14:08:08+09:00
955,4,yes,T24,primary,yes,26.5,24.25,2.25,False,True,489728,266176,775,"[14, 406]","[407, 753]",523,2026-08-11T14:08:08+09:00
955,4,yes,T0,primary,yes,27.75,24.75,3.0,False,True,489728,266176,775,"[14, 406]","[407, 753]",528,2026-08-11T14:08:09+09:00
955,4,yes,Trel8,primary,yes,26.0,24.25,1.75,False,True,489728,266176,775,"[14, 406]","[407, 753]",527,2026-08-11T14:08:09+09:00
1691,4,yes,M,primary,yes,28.375,25.0,3.375,False,True,331366,291936,821,"[14, 406]","[407, 799]",575,2026-08-11T14:08:10+09:00
1691,4,yes,T4,primary,yes,28.125,24.875,3.25,False,True,331366,291936,821,"[14, 406]","[407, 799]",572,2026-08-11T14:08:10+09:00
1691,4,yes,T8,primary,yes,28.0,24.875,3.125,False,True,331366,291936,821,"[14, 406]","[407, 799]",578,2026-08-11T14:08:11+09:00
1691,4,yes,T12,primary,yes,28.0,24.875,3.125,False,True,331366,291936,821,"[14, 406]","[407, 799]",577,2026-08-11T14:08:12+09:00
1691,4,yes,T16,primary,yes,27.75,24.75,3.0,False,True,331366,291936,821,"[14, 406]","[407, 799]",574,2026-08-11T14:08:12+09:00
1691,4,yes,T20,primary,yes,28.0,24.75,3.25,False,True,331366,291936,821,"[14, 406]","[407, 799]",573,2026-08-11T14:08:13+09:00
1691,4,yes,T24,primary,yes,28.375,25.125,3.25,False,True,331366,291936,821,"[14, 406]","[407, 799]",580,2026-08-11T14:08:13+09:00
1691,4,yes,Trel8,primary,yes,26.75,24.875,1.875,False,True,331366,291936,821,"[14, 406]","[407, 799]",578,2026-08-11T14:08:14+09:00
2033,4,yes,M,primary,yes,29.0,25.375,3.625,False,True,454607,483027,822,"[14, 406]","[407, 799]",576,2026-08-11T14:08:15+09:00
2033,4,yes,T4,primary,yes,27.375,24.875,2.5,False,True,454607,483027,822,"[14, 406]","[407, 799]",573,2026-08-11T14:08:15+09:00
2033,4,yes,T8,primary,yes,27.25,24.75,2.5,False,True,454607,483027,822,"[14, 406]","[407, 799]",579,2026-08-11T14:08:16+09:00
2033,4,yes,T12,primary,yes,27.125,24.625,2.5,False,True,454607,483027,822,"[14, 406]","[407, 799]",577,2026-08-11T14:08:16+09:00
2033,4,yes,T16,primary,yes,27.0,24.75,2.25,False,True,454607,483027,822,"[14, 406]","[407, 799]",574,2026-08-11T14:08:17+09:00
2033,4,yes,T20,primary,yes,27.625,24.875,2.75,False,True,454607,483027,822,"[14, 406]","[407, 799]",573,2026-08-11T14:08:17+09:00
2033,4,yes,T24,primary,yes,29.375,25.5,3.875,False,True,454607,483027,822,"[14, 406]","[407, 799]",578,2026-08-11T14:08:18+09:00
2033,4,yes,T0,primary,yes,27.75,24.875,2.875,False,True,454607,483027,822,"[14, 406]","[407, 799]",577,2026-08-11T14:08:19+09:00
2033,4,yes,Trel8,primary,yes,26.0,25.0,1.0,False,True,454607,483027,822,"[14, 406]","[407, 799]",572,2026-08-11T14:08:19+09:00
1679,4,yes,S,primary,yes,25.625,24.875,0.75,False,True,246999,425151,427,,,247,2026-08-11T14:08:19+09:00
1679,4,yes,M,primary,yes,26.75,24.5,2.25,False,True,246999,425151,821,"[14, 406]","[407, 799]",573,2026-08-11T14:08:20+09:00
1679,4,yes,T4,primary,yes,25.5,24.75,0.75,False,True,246999,425151,821,"[14, 406]","[407, 799]",575,2026-08-11T14:08:21+09:00
1679,4,yes,T8,primary,yes,25.375,24.625,0.75,False,True,246999,425151,821,"[14, 406]","[407, 799]",574,2026-08-11T14:08:21+09:00
1679,4,yes,T12,primary,yes,25.5,24.625,0.875,False,True,246999,425151,821,"[14, 406]","[407, 799]",572,2026-08-11T14:08:22+09:00
1679,4,yes,T16,primary,yes,25.75,24.375,1.375,False,True,246999,425151,821,"[14, 406]","[407, 799]",577,2026-08-11T14:08:22+09:00
1679,4,yes,T20,primary,yes,26.375,24.25,2.125,False,True,246999,425151,821,"[14, 406]","[407, 799]",576,2026-08-11T14:08:23+09:00
1679,4,yes,T24,primary,yes,27.0,24.5,2.5,False,True,246999,425151,821,"[14, 406]","[407, 799]",575,2026-08-11T14:08:24+09:00
1679,4,yes,T0,primary,yes,25.5,24.75,0.75,False,True,246999,425151,821,"[14, 406]","[407, 799]",572,2026-08-11T14:08:24+09:00
1679,4,yes,Trel8,primary,yes,27.625,24.875,2.75,False,True,246999,425151,821,"[14, 406]","[407, 799]",577,2026-08-11T14:08:25+09:00
1857,4,yes,M,primary,yes,26.875,25.0,1.875,False,True,93948,420156,913,"[14, 406]","[407, 891]",667,2026-08-11T14:08:25+09:00
1857,4,yes,T4,primary,yes,26.25,25.375,0.875,False,True,93948,420156,913,"[14, 406]","[407, 891]",671,2026-08-11T14:08:26+09:00
1857,4,yes,T8,primary,yes,25.875,25.125,0.75,False,True,93948,420156,913,"[14, 406]","[407, 891]",675,2026-08-11T14:08:27+09:00
1857,4,yes,T12,primary,yes,26.125,25.25,0.875,False,True,93948,420156,913,"[14, 406]","[407, 891]",674,2026-08-11T14:08:27+09:00
1857,4,yes,T16,primary,yes,26.0,25.25,0.75,False,True,93948,420156,913,"[14, 406]","[407, 891]",669,2026-08-11T14:08:28+09:00
1857,4,yes,T20,primary,yes,26.5,24.875,1.625,False,True,93948,420156,913,"[14, 406]","[407, 891]",670,2026-08-11T14:08:29+09:00
1857,4,yes,T24,primary,yes,27.0,25.125,1.875,False,True,93948,420156,913,"[14, 406]","[407, 891]",673,2026-08-11T14:08:29+09:00
1857,4,yes,T0,primary,yes,26.5,25.125,1.375,False,True,93948,420156,913,"[14, 406]","[407, 891]",671,2026-08-11T14:08:30+09:00
1857,4,yes,Trel8,primary,yes,26.375,24.25,2.125,False,True,93948,420156,913,"[14, 406]","[407, 891]",669,2026-08-11T14:08:31+09:00
1121,4,yes,M,primary,yes,27.5,24.625,2.875,False,True,574790,189744,775,"[14, 360]","[361, 753]",526,2026-08-11T14:08:31+09:00
1121,4,yes,T4,primary,yes,27.25,24.75,2.5,False,True,574790,189744,775,"[14, 360]","[361, 753]",524,2026-08-11T14:08:32+09:00
1121,4,yes,T8,primary,yes,27.0,24.75,2.25,False,True,574790,189744,775,"[14, 360]","[361, 753]",526,2026-08-11T14:08:32+09:00
1121,4,yes,T12,primary,yes,27.0,24.625,2.375,False,True,574790,189744,775,"[14, 360]","[361, 753]",523,2026-08-11T14:08:33+09:00
1121,4,yes,T16,primary,yes,26.875,24.5,2.375,False,True,574790,189744,775,"[14, 360]","[361, 753]",527,2026-08-11T14:08:33+09:00
1121,4,yes,T20,primary,yes,27.25,24.375,2.875,False,True,574790,189744,775,"[14, 360]","[361, 753]",527,2026-08-11T14:08:34+09:00
1121,4,yes,T24,primary,yes,27.75,24.625,3.125,False,True,574790,189744,775,"[14, 360]","[361, 753]",527,2026-08-11T14:08:34+09:00
1121,4,yes,Trel8,primary,no,25.125,25.625,-0.5,False,False,574790,189744,775,"[14, 360]","[361, 753]",525,2026-08-11T14:08:35+09:00
741,4,yes,S,primary,yes,29.125,24.25,4.875,False,True,65001,12946,427,,,248,2026-08-11T14:08:35+09:00
741,4,yes,M,primary,yes,29.125,24.375,4.75,False,True,65001,12946,775,"[14, 406]","[407, 753]",525,2026-08-11T14:08:36+09:00
741,4,yes,T4,primary,yes,28.625,24.5,4.125,False,True,65001,12946,775,"[14, 406]","[407, 753]",523,2026-08-11T14:08:36+09:00
741,4,yes,T8,primary,yes,28.625,24.625,4.0,False,True,65001,12946,775,"[14, 406]","[407, 753]",527,2026-08-11T14:08:37+09:00
741,4,yes,T12,primary,yes,28.375,24.375,4.0,False,True,65001,12946,775,"[14, 406]","[407, 753]",525,2026-08-11T14:08:37+09:00
741,4,yes,T16,primary,yes,28.375,24.5,3.875,False,True,65001,12946,775,"[14, 406]","[407, 753]",525,2026-08-11T14:08:38+09:00
741,4,yes,T20,primary,yes,28.375,24.375,4.0,False,True,65001,12946,775,"[14, 406]","[407, 753]",527,2026-08-11T14:08:38+09:00
741,4,yes,T24,primary,yes,29.5,24.625,4.875,False,True,65001,12946,775,"[14, 406]","[407, 753]",528,2026-08-11T14:08:39+09:00
741,4,yes,T0,primary,yes,28.25,24.0,4.25,False,True,65001,12946,775,"[14, 406]","[407, 753]",527,2026-08-11T14:08:40+09:00
741,4,yes,Trel8,primary,yes,26.5,24.75,1.75,False,True,65001,12946,775,"[14, 406]","[407, 753]",530,2026-08-11T14:08:40+09:00
1541,4,yes,S,primary,yes,25.625,25.25,0.375,False,True,318209,570947,428,,,248,2026-08-11T14:08:40+09:00
1541,4,yes,M,primary,yes,25.5,24.75,0.75,False,True,318209,570947,822,"[14, 406]","[407, 799]",573,2026-08-11T14:08:41+09:00
1541,4,yes,T4,primary,yes,25.5,25.25,0.25,False,True,318209,570947,822,"[14, 406]","[407, 799]",578,2026-08-11T14:08:42+09:00
1541,4,yes,T8,primary,yes,25.375,25.125,0.25,False,True,318209,570947,822,"[14, 406]","[407, 799]",578,2026-08-11T14:08:42+09:00
1541,4,yes,T12,primary,yes,25.25,24.875,0.375,False,True,318209,570947,822,"[14, 406]","[407, 799]",577,2026-08-11T14:08:43+09:00
1541,4,yes,T16,primary,yes,25.25,24.75,0.5,False,True,318209,570947,822,"[14, 406]","[407, 799]",578,2026-08-11T14:08:43+09:00
1541,4,yes,T20,primary,yes,25.5,24.625,0.875,False,True,318209,570947,822,"[14, 406]","[407, 799]",572,2026-08-11T14:08:44+09:00
1541,4,yes,T24,primary,yes,25.625,24.875,0.75,False,True,318209,570947,822,"[14, 406]","[407, 799]",574,2026-08-11T14:08:44+09:00
1541,4,yes,T0,primary,yes,25.375,25.125,0.25,False,True,318209,570947,822,"[14, 406]","[407, 799]",575,2026-08-11T14:08:45+09:00
1541,4,yes,Trel8,primary,yes,26.5,24.75,1.75,False,True,318209,570947,822,"[14, 406]","[407, 799]",577,2026-08-11T14:08:46+09:00
959,4,yes,M,primary,yes,27.125,25.125,2.0,False,True,489728,194434,775,"[14, 406]","[407, 753]",524,2026-08-11T14:08:46+09:00
959,4,yes,T4,primary,yes,26.0,25.625,0.375,False,True,489728,194434,775,"[14, 406]","[407, 753]",525,2026-08-11T14:08:47+09:00
959,4,yes,T8,primary,yes,25.75,25.375,0.375,False,True,489728,194434,775,"[14, 406]","[407, 753]",526,2026-08-11T14:08:47+09:00
959,4,yes,T12,primary,yes,26.0,25.375,0.625,False,True,489728,194434,775,"[14, 406]","[407, 753]",528,2026-08-11T14:08:48+09:00
959,4,yes,T16,primary,yes,25.75,25.125,0.625,False,True,489728,194434,775,"[14, 406]","[407, 753]",525,2026-08-11T14:08:48+09:00
959,4,yes,T20,primary,yes,26.125,24.625,1.5,False,True,489728,194434,775,"[14, 406]","[407, 753]",523,2026-08-11T14:08:49+09:00
959,4,yes,T24,primary,yes,27.25,25.125,2.125,False,True,489728,194434,775,"[14, 406]","[407, 753]",525,2026-08-11T14:08:49+09:00
959,4,yes,T0,primary,yes,26.125,25.25,0.875,False,True,489728,194434,775,"[14, 406]","[407, 753]",526,2026-08-11T14:08:50+09:00
959,4,yes,Trel8,primary,yes,28.75,25.375,3.375,False,True,489728,194434,775,"[14, 406]","[407, 753]",524,2026-08-11T14:08:50+09:00
1775,4,yes,S,primary,yes,26.75,24.625,2.125,False,True,281766,459103,382,,,205,2026-08-11T14:08:51+09:00
1775,4,yes,M,primary,yes,26.0,24.625,1.375,False,True,281766,459103,776,"[14, 360]","[361, 753]",521,2026-08-11T14:08:51+09:00
1775,4,yes,T4,primary,yes,26.0,24.875,1.125,False,True,281766,459103,776,"[14, 360]","[361, 753]",525,2026-08-11T14:08:52+09:00
1775,4,yes,T8,primary,yes,25.625,24.625,1.0,False,True,281766,459103,776,"[14, 360]","[361, 753]",526,2026-08-11T14:08:52+09:00
1775,4,yes,T12,primary,yes,25.5,24.5,1.0,False,True,281766,459103,776,"[14, 360]","[361, 753]",524,2026-08-11T14:08:53+09:00
1775,4,yes,T16,primary,yes,25.75,24.625,1.125,False,True,281766,459103,776,"[14, 360]","[361, 753]",524,2026-08-11T14:08:53+09:00
1775,4,yes,T20,primary,yes,26.0,24.625,1.375,False,True,281766,459103,776,"[14, 360]","[361, 753]",527,2026-08-11T14:08:54+09:00
1775,4,yes,T24,primary,yes,26.0,24.75,1.25,False,True,281766,459103,776,"[14, 360]","[361, 753]",527,2026-08-11T14:08:54+09:00
1775,4,yes,T0,primary,yes,25.75,24.5,1.25,False,True,281766,459103,776,"[14, 360]","[361, 753]",528,2026-08-11T14:08:55+09:00
1775,4,yes,Trel8,primary,yes,26.25,25.0,1.25,False,True,281766,459103,776,"[14, 360]","[361, 753]",526,2026-08-11T14:08:55+09:00
703,4,yes,M,primary,yes,28.5,24.75,3.75,False,True,32610,390348,729,"[14, 360]","[361, 707]",478,2026-08-11T14:08:56+09:00
703,4,yes,T4,primary,yes,28.75,24.875,3.875,False,True,32610,390348,729,"[14, 360]","[361, 707]",479,2026-08-11T14:08:56+09:00
703,4,yes,T8,primary,yes,28.625,24.875,3.75,False,True,32610,390348,729,"[14, 360]","[361, 707]",480,2026-08-11T14:08:57+09:00
703,4,yes,T12,primary,yes,28.5,24.75,3.75,False,True,32610,390348,729,"[14, 360]","[361, 707]",481,2026-08-11T14:08:57+09:00
703,4,yes,T16,primary,yes,28.0,24.625,3.375,False,True,32610,390348,729,"[14, 360]","[361, 707]",482,2026-08-11T14:08:58+09:00
703,4,yes,T20,primary,yes,27.75,24.5,3.25,False,True,32610,390348,729,"[14, 360]","[361, 707]",481,2026-08-11T14:08:58+09:00
703,4,yes,T24,primary,yes,28.75,24.875,3.875,False,True,32610,390348,729,"[14, 360]","[361, 707]",481,2026-08-11T14:08:59+09:00
703,4,yes,T0,primary,yes,28.75,24.75,4.0,False,True,32610,390348,729,"[14, 360]","[361, 707]",481,2026-08-11T14:08:59+09:00
703,4,yes,Trel8,primary,yes,27.25,24.75,2.5,False,True,32610,390348,729,"[14, 360]","[361, 707]",479,2026-08-11T14:09:00+09:00
1037,4,yes,M,primary,yes,23.875,23.25,0.625,False,True,506178,373111,664,"[14, 249]","[250, 642]",430,2026-08-11T14:09:00+09:00
1037,4,yes,T4,primary,yes,25.875,24.75,1.125,False,True,506178,373111,664,"[14, 249]","[250, 642]",430,2026-08-11T14:09:01+09:00
1037,4,yes,T8,primary,yes,25.75,24.5,1.25,False,True,506178,373111,664,"[14, 249]","[250, 642]",431,2026-08-11T14:09:01+09:00
1037,4,yes,T12,primary,yes,25.375,24.375,1.0,False,True,506178,373111,664,"[14, 249]","[250, 642]",434,2026-08-11T14:09:01+09:00
1037,4,yes,T16,primary,yes,23.625,23.5,0.125,False,True,506178,373111,664,"[14, 249]","[250, 642]",432,2026-08-11T14:09:02+09:00
1037,4,yes,T20,primary,yes,23.875,23.25,0.625,False,True,506178,373111,664,"[14, 249]","[250, 642]",432,2026-08-11T14:09:02+09:00
1037,4,yes,T24,primary,yes,24.375,23.25,1.125,False,True,506178,373111,664,"[14, 249]","[250, 642]",433,2026-08-11T14:09:03+09:00
1037,4,yes,T0,primary,yes,25.875,24.5,1.375,False,True,506178,373111,664,"[14, 249]","[250, 642]",433,2026-08-11T14:09:03+09:00
1037,4,yes,Trel8,primary,no,24.625,24.75,-0.125,False,False,506178,373111,664,"[14, 249]","[250, 642]",432,2026-08-11T14:09:04+09:00
857,4,yes,S,primary,yes,27.25,24.875,2.375,False,True,270609,465404,381,,,205,2026-08-11T14:09:04+09:00
857,4,yes,M,primary,yes,25.625,24.375,1.25,False,True,270609,465404,775,"[14, 360]","[361, 753]",527,2026-08-11T14:09:04+09:00
857,4,yes,T4,primary,yes,26.875,24.75,2.125,False,True,270609,465404,775,"[14, 360]","[361, 753]",526,2026-08-11T14:09:05+09:00
857,4,yes,T8,primary,yes,26.75,24.625,2.125,False,True,270609,465404,775,"[14, 360]","[361, 753]",528,2026-08-11T14:09:06+09:00
857,4,yes,T12,primary,yes,26.375,24.5,1.875,False,True,270609,465404,775,"[14, 360]","[361, 753]",527,2026-08-11T14:09:06+09:00
857,4,yes,T16,primary,yes,25.875,24.125,1.75,False,True,270609,465404,775,"[14, 360]","[361, 753]",524,2026-08-11T14:09:07+09:00
857,4,yes,T20,primary,yes,25.5,24.0,1.5,False,True,270609,465404,775,"[14, 360]","[361, 753]",528,2026-08-11T14:09:07+09:00
857,4,yes,T24,primary,yes,25.625,24.375,1.25,False,True,270609,465404,775,"[14, 360]","[361, 753]",528,2026-08-11T14:09:08+09:00
857,4,yes,T0,primary,yes,26.875,24.625,2.25,False,True,270609,465404,775,"[14, 360]","[361, 753]",529,2026-08-11T14:09:08+09:00
857,4,yes,Trel8,primary,yes,25.375,25.125,0.25,False,True,270609,465404,775,"[14, 360]","[361, 753]",524,2026-08-11T14:09:09+09:00
1243,4,yes,S,primary,yes,28.0,24.0,4.0,False,True,383185,259475,252,,,122,2026-08-11T14:09:09+09:00
1243,4,yes,M,primary,yes,27.25,24.25,3.0,False,True,383185,259475,646,"[14, 231]","[232, 624]",413,2026-08-11T14:09:09+09:00
1243,4,yes,T4,primary,yes,26.5,25.0,1.5,False,True,383185,259475,646,"[14, 231]","[232, 624]",413,2026-08-11T14:09:10+09:00
1243,4,yes,T8,primary,yes,26.875,25.125,1.75,False,True,383185,259475,646,"[14, 231]","[232, 624]",414,2026-08-11T14:09:10+09:00
1243,4,yes,T12,primary,yes,26.375,24.875,1.5,False,True,383185,259475,646,"[14, 231]","[232, 624]",416,2026-08-11T14:09:10+09:00
1243,4,yes,T16,primary,yes,25.75,24.25,1.5,False,True,383185,259475,646,"[14, 231]","[232, 624]",414,2026-08-11T14:09:11+09:00
1243,4,yes,T20,primary,yes,26.75,24.375,2.375,False,True,383185,259475,646,"[14, 231]","[232, 624]",414,2026-08-11T14:09:11+09:00
1243,4,yes,T24,primary,yes,27.5,24.375,3.125,False,True,383185,259475,646,"[14, 231]","[232, 624]",416,2026-08-11T14:09:12+09:00
1243,4,yes,T0,primary,yes,27.25,24.875,2.375,False,True,383185,259475,646,"[14, 231]","[232, 624]",416,2026-08-11T14:09:12+09:00
1243,4,yes,Trel8,primary,yes,28.25,25.0,3.25,False,True,383185,259475,646,"[14, 231]","[232, 624]",416,2026-08-11T14:09:13+09:00
2399,4,yes,S,primary,yes,29.625,25.125,4.5,False,True,288576,460837,383,,,206,2026-08-11T14:09:13+09:00
2399,4,yes,M,primary,yes,29.5,26.0,3.5,False,True,288576,460837,777,"[14, 360]","[361, 753]",523,2026-08-11T14:09:13+09:00
2399,4,yes,T4,primary,yes,28.375,25.375,3.0,False,True,288576,460837,777,"[14, 360]","[361, 753]",523,2026-08-11T14:09:14+09:00
2399,4,yes,T8,primary,yes,28.25,25.375,2.875,False,True,288576,460837,777,"[14, 360]","[361, 753]",527,2026-08-11T14:09:14+09:00
2399,4,yes,T12,primary,yes,28.0,25.25,2.75,False,True,288576,460837,777,"[14, 360]","[361, 753]",526,2026-08-11T14:09:15+09:00
2399,4,yes,T16,primary,yes,27.75,25.25,2.5,False,True,288576,460837,777,"[14, 360]","[361, 753]",522,2026-08-11T14:09:15+09:00
2399,4,yes,T20,primary,yes,29.0,25.5,3.5,False,True,288576,460837,777,"[14, 360]","[361, 753]",522,2026-08-11T14:09:16+09:00
2399,4,yes,T24,primary,yes,29.875,26.25,3.625,False,True,288576,460837,777,"[14, 360]","[361, 753]",526,2026-08-11T14:09:17+09:00
2399,4,yes,T0,primary,yes,28.625,25.125,3.5,False,True,288576,460837,777,"[14, 360]","[361, 753]",525,2026-08-11T14:09:17+09:00
2399,4,yes,Trel8,primary,no,24.625,25.75,-1.125,False,False,288576,460837,777,"[14, 360]","[361, 753]",526,2026-08-11T14:09:18+09:00
1699,4,yes,S,primary,yes,28.625,24.75,3.875,False,True,108189,383979,427,,,249,2026-08-11T14:09:18+09:00
1699,4,yes,M,primary,yes,29.25,25.125,4.125,False,True,108189,383979,914,"[14, 406]","[407, 892]",665,2026-08-11T14:09:19+09:00
1699,4,yes,T4,primary,yes,27.75,25.125,2.625,False,True,108189,383979,914,"[14, 406]","[407, 892]",670,2026-08-11T14:09:19+09:00
1699,4,yes,T8,primary,yes,27.375,24.875,2.5,False,True,108189,383979,914,"[14, 406]","[407, 892]",666,2026-08-11T14:09:20+09:00
1699,4,yes,T12,primary,yes,27.375,24.75,2.625,False,True,108189,383979,914,"[14, 406]","[407, 892]",666,2026-08-11T14:09:21+09:00
1699,4,yes,T16,primary,yes,27.0,24.5,2.5,False,True,108189,383979,914,"[14, 406]","[407, 892]",669,2026-08-11T14:09:21+09:00
1699,4,yes,T20,primary,yes,27.25,24.875,2.375,False,True,108189,383979,914,"[14, 406]","[407, 892]",664,2026-08-11T14:09:22+09:00
1699,4,yes,T24,primary,yes,29.375,25.25,4.125,False,True,108189,383979,914,"[14, 406]","[407, 892]",666,2026-08-11T14:09:23+09:00
1699,4,yes,T0,primary,yes,28.125,24.875,3.25,False,True,108189,383979,914,"[14, 406]","[407, 892]",669,2026-08-11T14:09:23+09:00
1699,4,yes,Trel8,primary,no,24.5,27.375,-2.875,False,False,108189,383979,914,"[14, 406]","[407, 892]",670,2026-08-11T14:09:24+09:00
805,4,yes,M,primary,yes,27.125,24.25,2.875,False,True,102439,398567,664,"[14, 249]","[250, 642]",431,2026-08-11T14:09:24+09:00
805,4,yes,T4,primary,yes,27.25,24.875,2.375,False,True,102439,398567,664,"[14, 249]","[250, 642]",431,2026-08-11T14:09:25+09:00
805,4,yes,T8,primary,yes,27.25,24.75,2.5,False,True,102439,398567,664,"[14, 249]","[250, 642]",431,2026-08-11T14:09:25+09:00
805,4,yes,T12,primary,yes,27.125,24.375,2.75,False,True,102439,398567,664,"[14, 249]","[250, 642]",432,2026-08-11T14:09:26+09:00
805,4,yes,T16,primary,yes,26.75,24.125,2.625,False,True,102439,398567,664,"[14, 249]","[250, 642]",433,2026-08-11T14:09:26+09:00
805,4,yes,T20,primary,yes,27.0,24.375,2.625,False,True,102439,398567,664,"[14, 249]","[250, 642]",432,2026-08-11T14:09:27+09:00
805,4,yes,T24,primary,yes,27.5,24.5,3.0,False,True,102439,398567,664,"[14, 249]","[250, 642]",431,2026-08-11T14:09:27+09:00
805,4,yes,T0,primary,yes,27.375,24.625,2.75,False,True,102439,398567,664,"[14, 249]","[250, 642]",431,2026-08-11T14:09:27+09:00
805,4,yes,Trel8,primary,yes,25.25,25.125,0.125,False,True,102439,398567,664,"[14, 249]","[250, 642]",431,2026-08-11T14:09:28+09:00
2357,4,yes,M,primary,yes,25.375,25.125,0.25,False,True,44993,254828,706,"[14, 360]","[361, 684]",455,2026-08-11T14:09:28+09:00
2357,4,yes,T4,primary,yes,25.75,25.0,0.75,False,True,44993,254828,706,"[14, 360]","[361, 684]",456,2026-08-11T14:09:29+09:00
2357,4,yes,T8,primary,yes,25.75,25.0,0.75,False,True,44993,254828,706,"[14, 360]","[361, 684]",457,2026-08-11T14:09:29+09:00
2357,4,yes,T12,primary,yes,25.625,24.75,0.875,False,True,44993,254828,706,"[14, 360]","[361, 684]",457,2026-08-11T14:09:30+09:00
2357,4,yes,T16,primary,yes,25.25,24.25,1.0,False,True,44993,254828,706,"[14, 360]","[361, 684]",460,2026-08-11T14:09:30+09:00
2357,4,yes,T20,primary,yes,25.375,24.625,0.75,False,True,44993,254828,706,"[14, 360]","[361, 684]",460,2026-08-11T14:09:31+09:00
2357,4,yes,T24,primary,yes,25.375,25.125,0.25,False,True,44993,254828,706,"[14, 360]","[361, 684]",458,2026-08-11T14:09:31+09:00
2357,4,yes,T0,primary,yes,25.5,24.875,0.625,False,True,44993,254828,706,"[14, 360]","[361, 684]",458,2026-08-11T14:09:32+09:00
2357,4,yes,Trel8,primary,yes,24.875,24.75,0.125,False,True,44993,254828,706,"[14, 360]","[361, 684]",459,2026-08-11T14:09:32+09:00
2053,4,yes,S,primary,no,25.5,25.75,-0.25,False,False,167724,241645,427,,,249,2026-08-11T14:09:32+09:00
2053,4,yes,M,primary,yes,24.75,24.625,0.125,False,True,167724,241645,959,"[14, 406]","[407, 937]",706,2026-08-11T14:09:33+09:00
2053,4,yes,T4,primary,no,25.0,25.0,0.0,True,False,167724,241645,959,"[14, 406]","[407, 937]",706,2026-08-11T14:09:34+09:00
2053,4,yes,T8,primary,no,24.875,24.875,0.0,True,False,167724,241645,959,"[14, 406]","[407, 937]",707,2026-08-11T14:09:34+09:00
2053,4,yes,T12,primary,no,24.5,24.75,-0.25,False,False,167724,241645,959,"[14, 406]","[407, 937]",707,2026-08-11T14:09:35+09:00
2053,4,yes,T16,primary,no,24.125,24.375,-0.25,False,False,167724,241645,959,"[14, 406]","[407, 937]",703,2026-08-11T14:09:36+09:00
2053,4,yes,T20,primary,yes,24.75,24.375,0.375,False,True,167724,241645,959,"[14, 406]","[407, 937]",704,2026-08-11T14:09:37+09:00
2053,4,yes,T24,primary,no,24.625,24.75,-0.125,False,False,167724,241645,959,"[14, 406]","[407, 937]",706,2026-08-11T14:09:37+09:00
2053,4,yes,T0,primary,yes,25.0,24.875,0.125,False,True,167724,241645,959,"[14, 406]","[407, 937]",705,2026-08-11T14:09:38+09:00
2053,4,yes,Trel8,primary,yes,25.25,24.625,0.625,False,True,167724,241645,959,"[14, 406]","[407, 937]",704,2026-08-11T14:09:39+09:00
2101,4,yes,S,primary,no,24.75,27.0,-2.25,False,False,493753,460251,427,,,248,2026-08-11T14:09:39+09:00
2101,4,yes,M,primary,yes,26.25,24.875,1.375,False,True,493753,460251,959,"[14, 406]","[407, 937]",702,2026-08-11T14:09:40+09:00
2101,4,yes,T4,primary,no,24.875,27.0,-2.125,False,False,493753,460251,959,"[14, 406]","[407, 937]",705,2026-08-11T14:09:40+09:00
2101,4,yes,T8,primary,no,24.625,26.75,-2.125,False,False,493753,460251,959,"[14, 406]","[407, 937]",704,2026-08-11T14:09:41+09:00
2101,4,yes,T12,primary,no,24.625,26.0,-1.375,False,False,493753,460251,959,"[14, 406]","[407, 937]",703,2026-08-11T14:09:42+09:00
2101,4,yes,T16,primary,no,24.375,25.25,-0.875,False,False,493753,460251,959,"[14, 406]","[407, 937]",700,2026-08-11T14:09:43+09:00
2101,4,yes,T20,primary,yes,25.375,24.75,0.625,False,True,493753,460251,959,"[14, 406]","[407, 937]",706,2026-08-11T14:09:43+09:00
2101,4,yes,T24,primary,yes,26.25,25.625,0.625,False,True,493753,460251,959,"[14, 406]","[407, 937]",708,2026-08-11T14:09:44+09:00
2101,4,yes,T0,primary,no,24.75,27.25,-2.5,False,False,493753,460251,959,"[14, 406]","[407, 937]",707,2026-08-11T14:09:45+09:00
2101,4,yes,Trel8,primary,yes,28.25,24.75,3.5,False,True,493753,460251,959,"[14, 406]","[407, 937]",708,2026-08-11T14:09:45+09:00
221,4,yes,M,primary,yes,26.0,24.875,1.125,False,True,498759,499388,618,"[14, 360]","[361, 596]",379,2026-08-11T14:09:46+09:00
221,4,yes,T4,primary,yes,26.875,25.0,1.875,False,True,498759,499388,618,"[14, 360]","[361, 596]",378,2026-08-11T14:09:46+09:00
221,4,yes,T8,primary,yes,26.625,24.875,1.75,False,True,498759,499388,618,"[14, 360]","[361, 596]",378,2026-08-11T14:09:47+09:00
221,4,yes,T12,primary,yes,26.75,24.75,2.0,False,True,498759,499388,618,"[14, 360]","[361, 596]",379,2026-08-11T14:09:47+09:00
221,4,yes,T16,primary,yes,26.375,24.5,1.875,False,True,498759,499388,618,"[14, 360]","[361, 596]",380,2026-08-11T14:09:47+09:00
221,4,yes,T20,primary,yes,25.875,24.625,1.25,False,True,498759,499388,618,"[14, 360]","[361, 596]",380,2026-08-11T14:09:48+09:00
221,4,yes,T24,primary,yes,26.25,25.25,1.0,False,True,498759,499388,618,"[14, 360]","[361, 596]",379,2026-08-11T14:09:48+09:00
221,4,yes,Trel8,primary,yes,25.875,25.25,0.625,False,True,498759,499388,618,"[14, 360]","[361, 596]",379,2026-08-11T14:09:48+09:00
2529,4,yes,M,primary,yes,26.25,24.875,1.375,False,True,564511,208748,684,"[14, 406]","[407, 661]",445,2026-08-11T14:09:49+09:00
2529,4,yes,T4,primary,yes,26.875,25.25,1.625,False,True,564511,208748,684,"[14, 406]","[407, 661]",443,2026-08-11T14:09:49+09:00
2529,4,yes,T8,primary,yes,26.625,25.0,1.625,False,True,564511,208748,684,"[14, 406]","[407, 661]",444,2026-08-11T14:09:50+09:00
2529,4,yes,T12,primary,yes,26.75,25.125,1.625,False,True,564511,208748,684,"[14, 406]","[407, 661]",446,2026-08-11T14:09:50+09:00
2529,4,yes,T16,primary,yes,26.25,24.875,1.375,False,True,564511,208748,684,"[14, 406]","[407, 661]",447,2026-08-11T14:09:51+09:00
2529,4,yes,T20,primary,yes,26.375,24.625,1.75,False,True,564511,208748,684,"[14, 406]","[407, 661]",444,2026-08-11T14:09:51+09:00
2529,4,yes,T24,primary,yes,26.5,24.875,1.625,False,True,564511,208748,684,"[14, 406]","[407, 661]",444,2026-08-11T14:09:52+09:00
2529,4,yes,T0,primary,yes,26.75,24.875,1.875,False,True,564511,208748,684,"[14, 406]","[407, 661]",445,2026-08-11T14:09:52+09:00
2529,4,yes,Trel8,primary,yes,26.875,24.25,2.625,False,True,564511,208748,684,"[14, 406]","[407, 661]",446,2026-08-11T14:09:52+09:00
1607,4,yes,S,primary,no,25.875,25.875,0.0,True,False,472143,277239,566,,,331,2026-08-11T14:09:53+09:00
1607,4,yes,M,primary,yes,25.625,25.0,0.625,False,True,472143,277239,960,"[14, 544]","[545, 937]",701,2026-08-11T14:09:54+09:00
1607,4,yes,T4,primary,no,25.5,26.25,-0.75,False,False,472143,277239,960,"[14, 544]","[545, 937]",701,2026-08-11T14:09:54+09:00
1607,4,yes,T8,primary,no,25.375,26.375,-1.0,False,False,472143,277239,960,"[14, 544]","[545, 937]",701,2026-08-11T14:09:55+09:00
1607,4,yes,T12,primary,no,25.25,26.25,-1.0,False,False,472143,277239,960,"[14, 544]","[545, 937]",701,2026-08-11T14:09:56+09:00
1607,4,yes,T16,primary,no,25.125,26.125,-1.0,False,False,472143,277239,960,"[14, 544]","[545, 937]",702,2026-08-11T14:09:56+09:00
1607,4,yes,T20,primary,no,25.375,25.5,-0.125,False,False,472143,277239,960,"[14, 544]","[545, 937]",705,2026-08-11T14:09:57+09:00
1607,4,yes,T24,primary,yes,26.0,25.125,0.875,False,True,472143,277239,960,"[14, 544]","[545, 937]",706,2026-08-11T14:09:58+09:00
1607,4,yes,T0,primary,no,25.375,26.125,-0.75,False,False,472143,277239,960,"[14, 544]","[545, 937]",705,2026-08-11T14:09:59+09:00
1607,4,yes,Trel8,primary,no,25.375,26.75,-1.375,False,False,472143,277239,960,"[14, 544]","[545, 937]",704,2026-08-11T14:09:59+09:00
1747,4,yes,M,primary,yes,28.125,24.375,3.75,False,True,246199,349402,775,"[14, 360]","[361, 753]",525,2026-08-11T14:10:00+09:00
1747,4,yes,T4,primary,yes,28.125,24.75,3.375,False,True,246199,349402,775,"[14, 360]","[361, 753]",523,2026-08-11T14:10:00+09:00
1747,4,yes,T8,primary,yes,28.125,24.875,3.25,False,True,246199,349402,775,"[14, 360]","[361, 753]",528,2026-08-11T14:10:01+09:00
1747,4,yes,T12,primary,yes,28.125,24.75,3.375,False,True,246199,349402,775,"[14, 360]","[361, 753]",526,2026-08-11T14:10:01+09:00
1747,4,yes,T16,primary,yes,28.125,24.75,3.375,False,True,246199,349402,775,"[14, 360]","[361, 753]",528,2026-08-11T14:10:02+09:00
1747,4,yes,T20,primary,yes,28.25,24.625,3.625,False,True,246199,349402,775,"[14, 360]","[361, 753]",526,2026-08-11T14:10:02+09:00
1747,4,yes,T24,primary,yes,28.625,24.75,3.875,False,True,246199,349402,775,"[14, 360]","[361, 753]",524,2026-08-11T14:10:03+09:00
1747,4,yes,Trel8,primary,yes,28.25,24.625,3.625,False,True,246199,349402,775,"[14, 360]","[361, 753]",528,2026-08-11T14:10:03+09:00
2467,4,yes,M,primary,yes,28.0,24.625,3.375,False,True,458325,61660,913,"[14, 360]","[361, 891]",661,2026-08-11T14:10:04+09:00
2467,4,yes,T4,primary,yes,27.375,24.625,2.75,False,True,458325,61660,913,"[14, 360]","[361, 891]",662,2026-08-11T14:10:05+09:00
2467,4,yes,T8,primary,yes,27.125,24.625,2.5,False,True,458325,61660,913,"[14, 360]","[361, 891]",660,2026-08-11T14:10:06+09:00
2467,4,yes,T12,primary,yes,27.125,24.625,2.5,False,True,458325,61660,913,"[14, 360]","[361, 891]",660,2026-08-11T14:10:06+09:00
2467,4,yes,T16,primary,yes,27.0,24.75,2.25,False,True,458325,61660,913,"[14, 360]","[361, 891]",662,2026-08-11T14:10:07+09:00
2467,4,yes,T20,primary,yes,26.625,24.625,2.0,False,True,458325,61660,913,"[14, 360]","[361, 891]",659,2026-08-11T14:10:07+09:00
2467,4,yes,T24,primary,yes,28.25,24.75,3.5,False,True,458325,61660,913,"[14, 360]","[361, 891]",661,2026-08-11T14:10:08+09:00
2467,4,yes,T0,primary,yes,27.125,24.125,3.0,False,True,458325,61660,913,"[14, 360]","[361, 891]",665,2026-08-11T14:10:09+09:00
2467,4,yes,Trel8,primary,yes,25.125,25.0,0.125,False,True,458325,61660,913,"[14, 360]","[361, 891]",664,2026-08-11T14:10:09+09:00
145,4,yes,S,primary,yes,26.25,25.875,0.375,False,True,218224,169111,335,,,183,2026-08-11T14:10:10+09:00
145,4,yes,M,primary,yes,26.0,24.875,1.125,False,True,218224,169111,729,"[14, 314]","[315, 707]",488,2026-08-11T14:10:10+09:00
145,4,yes,T4,primary,no,25.25,25.5,-0.25,False,False,218224,169111,729,"[14, 314]","[315, 707]",489,2026-08-11T14:10:11+09:00
145,4,yes,T8,primary,no,25.125,25.625,-0.5,False,False,218224,169111,729,"[14, 314]","[315, 707]",489,2026-08-11T14:10:11+09:00
145,4,yes,T12,primary,no,25.125,25.625,-0.5,False,False,218224,169111,729,"[14, 314]","[315, 707]",489,2026-08-11T14:10:12+09:00
145,4,yes,T16,primary,no,24.75,25.5,-0.75,False,False,218224,169111,729,"[14, 314]","[315, 707]",488,2026-08-11T14:10:12+09:00
145,4,yes,T20,primary,no,24.75,25.0,-0.25,False,False,218224,169111,729,"[14, 314]","[315, 707]",490,2026-08-11T14:10:13+09:00
145,4,yes,T24,primary,yes,26.125,25.125,1.0,False,True,218224,169111,729,"[14, 314]","[315, 707]",490,2026-08-11T14:10:13+09:00
145,4,yes,T0,primary,no,25.0,25.375,-0.375,False,False,218224,169111,729,"[14, 314]","[315, 707]",490,2026-08-11T14:10:14+09:00
145,4,yes,Trel8,primary,yes,25.625,25.0,0.625,False,True,218224,169111,729,"[14, 314]","[315, 707]",488,2026-08-11T14:10:14+09:00
